v 0.426031 0.908162 -0.098613 0.588 0.467 0.373
v -0.951672 -0.701597 -0.396216 0.796 0.584 0.439
v 0.671809 -0.694533 -0.371926 0.820 0.643 0.478
v -0.253505 0.137544 -0.482029 0.859 0.655 0.494
v -0.122392 -1.057908 -0.023432 0.024 0.020 0.012
v 0.088466 -0.376643 -0.113114 0.047 0.039 0.031
v -0.196055 0.779723 -0.317066 0.898 0.588 0.467
v 0.158246 0.321899 -0.007321 0.910 0.729 0.620
v 0.436490 -0.052833 -0.537166 0.094 0.090 0.094
v -0.528303 -0.314235 -0.154213 0.055 0.039 0.027
v -0.627358 -0.886277 -0.027519 0.608 0.451 0.349
v 0.337488 -1.091627 -0.280659 0.141 0.114 0.090
v 0.024454 0.768396 0.110614 0.949 0.784 0.690
v -0.706348 0.025929 -0.423852 0.796 0.580 0.443
v -0.259297 -0.623768 0.048815 0.047 0.039 0.039
v 0.419675 0.518425 -0.309722 0.925 0.698 0.588
v 0.233669 -0.773524 0.017750 0.078 0.075 0.067
v 0.102137 0.008431 -0.280334 0.910 0.745 0.576
v 0.473919 -0.355413 -0.263922 0.925 0.757 0.584
v 0.003056 1.095175 -0.139333 0.224 0.161 0.102
v -0.868749 -0.323441 -0.349471 0.682 0.506 0.376
v -0.105730 0.407830 -0.267848 0.643 0.451 0.322
v -0.200590 -0.164202 -0.183274 0.047 0.043 0.031
v -0.650456 -0.622263 -0.242390 0.522 0.412 0.325
v 0.717602 -0.231286 -0.451914 0.839 0.659 0.506
v 0.309347 0.617317 0.005644 0.816 0.620 0.498
v 0.271784 0.255188 -0.379872 0.761 0.584 0.431
v 0.407609 -0.792553 -0.241339 0.129 0.114 0.106
v -0.440054 -0.026636 -0.297099 0.035 0.031 0.016
v 0.197082 1.003971 0.060216 0.486 0.376 0.286
v -0.068322 0.520617 -0.003398 0.843 0.655 0.553
v -0.346863 -0.889345 -0.013920 0.035 0.031 0.024
v 0.328176 -0.541233 -0.104523 0.047 0.039 0.031
v 0.151816 -1.023492 -0.077963 0.039 0.035 0.027
v -0.042495 -0.797101 0.028754 0.078 0.071 0.067
v -0.501834 -0.556280 -0.035937 0.043 0.035 0.031
v 0.320536 -0.137514 -0.310521 0.035 0.031 0.020
v -0.187481 -0.400738 -0.069662 0.051 0.039 0.035
v -0.118894 0.865664 -0.086217 0.537 0.400 0.318
v -0.702383 -0.160669 -0.260393 0.898 0.741 0.580
v -0.102451 0.150021 -0.286443 0.800 0.635 0.490
v 0.685828 -0.454315 -0.350057 0.890 0.722 0.541
v 0.548524 -0.973047 -0.317380 0.867 0.663 0.522
v 0.124535 0.511020 0.139371 0.906 0.698 0.631
v 0.075837 -0.591534 0.005166 0.055 0.039 0.035
v 0.458196 0.751811 -0.284968 0.333 0.271 0.216
v -0.756988 -0.822394 -0.202484 0.824 0.643 0.522
v 0.300765 1.097844 -0.124429 0.451 0.345 0.239
v 0.490162 -0.582716 -0.267539 0.780 0.624 0.439
v 0.120505 0.227890 -0.210318 0.812 0.671 0.549
v -0.469572 0.073263 -0.500598 0.106 0.090 0.090
v 0.314482 0.427550 -0.128430 0.820 0.643 0.518
v -0.048605 0.312922 -0.077281 0.710 0.545 0.455
v 0.024302 -0.177278 -0.194481 0.059 0.047 0.031
v -0.709850 -0.414655 -0.237627 0.855 0.694 0.549
v -0.133550 0.606149 -0.190477 0.718 0.525 0.439
v 0.279382 -0.306278 -0.185278 0.043 0.039 0.027
v 0.524435 -0.167511 -0.380797 0.925 0.757 0.600
v 0.234923 0.795605 0.108307 0.949 0.769 0.671
v 0.279758 0.047012 -0.417164 0.886 0.710 0.541
v -0.862616 -0.530554 -0.317680 0.753 0.588 0.451
v -0.237129 0.001258 -0.308424 0.859 0.671 0.529
v 0.002216 0.958501 0.045132 0.851 0.659 0.549
v 0.312395 -0.905288 -0.109601 0.122 0.098 0.106
v -0.124338 0.991355 -0.244091 0.310 0.235 0.180
v -0.487286 -0.747323 -0.013156 0.094 0.075 0.075
v -0.378179 -0.396159 -0.064244 0.051 0.039 0.031
v -0.395735 -0.177426 -0.190586 0.043 0.035 0.027
v 0.387440 0.628424 -0.162288 0.745 0.592 0.494
v -0.824049 -0.144073 -0.392992 0.671 0.490 0.361
v -0.098382 -0.549562 -0.007258 0.043 0.039 0.031
v -0.584060 -0.773479 -0.161468 0.024 0.020 0.012
v -0.093061 0.700415 -0.017306 0.769 0.612 0.522
v -0.069229 -0.042586 -0.262320 0.922 0.718 0.553
v -0.146885 0.267418 -0.407638 0.729 0.537 0.384
v 0.355301 -0.712601 -0.088022 0.059 0.047 0.035
v 0.626864 -0.296977 -0.319276 0.945 0.788 0.631
v 0.368386 0.780572 -0.000108 0.878 0.725 0.608
v -0.219673 -0.788103 0.039695 0.090 0.082 0.086
v 0.104609 -0.887021 0.009046 0.071 0.059 0.055
v -0.610466 -0.024782 -0.296529 0.941 0.769 0.608
v -0.569485 -0.475994 -0.165413 0.024 0.020 0.012
v 0.243013 0.464412 0.018394 0.922 0.733 0.635
v -0.809744 -0.682678 -0.274835 0.847 0.663 0.522
v -0.061325 -0.305566 -0.129486 0.047 0.035 0.031
v 0.555103 -0.802818 -0.316822 0.863 0.671 0.518
v 0.163654 0.651802 0.065669 0.792 0.627 0.510
v 0.251244 0.329652 -0.238668 0.694 0.549 0.431
v 0.182963 -0.184372 -0.224868 0.043 0.035 0.024
v 0.030769 0.404101 0.043475 0.447 0.133 0.118
v 0.469414 0.923074 -0.250696 0.165 0.118 0.071
v -0.547515 -0.163671 -0.232705 0.941 0.788 0.620
v 0.345269 0.932364 0.034370 0.769 0.604 0.502
v 0.186996 -0.487864 -0.065596 0.051 0.043 0.035
v 0.404438 -0.950984 -0.263922 0.522 0.400 0.325
v -0.486530 -0.888558 -0.091180 0.114 0.082 0.075
v 0.201430 0.126353 -0.299531 0.886 0.729 0.565
v -0.280682 -0.287964 -0.119373 0.035 0.031 0.024
v -0.353673 0.055022 -0.395033 0.020 0.016 0.008
v -0.026441 0.267401 -0.222217 0.667 0.541 0.412
v 0.229454 -0.622724 -0.012718 0.055 0.043 0.035
v 0.486661 -1.109488 -0.290109 0.871 0.671 0.549
v -0.199526 0.621070 -0.326262 0.839 0.557 0.482
v 0.108449 1.080082 -0.034340 0.188 0.137 0.063
v -0.135075 -0.912093 -0.002096 0.051 0.043 0.039
v 0.088691 -0.732771 0.046915 0.075 0.063 0.067
v -0.365109 -0.527767 0.014443 0.051 0.039 0.035
v -0.120320 0.464289 -0.133431 0.749 0.569 0.478
v 0.259028 -1.094222 -0.157664 0.094 0.078 0.075
v 0.014410 -0.999947 -0.035613 0.043 0.039 0.031
v -0.655101 -0.768513 -0.289937 0.153 0.098 0.082
v -0.356218 -0.738883 0.050525 0.043 0.039 0.031
v 0.018509 0.629988 0.045433 0.773 0.569 0.459
v 0.426061 0.769463 -0.144097 0.643 0.494 0.408
v 0.376257 -0.417396 -0.175476 0.047 0.043 0.031
v 0.113439 0.892063 0.111266 0.973 0.796 0.690
v 0.316793 0.413297 -0.338057 0.804 0.635 0.498
v 0.648152 -0.891609 -0.383289 0.851 0.631 0.482
v -0.034019 -0.436383 -0.067644 0.051 0.047 0.035
v -0.143874 0.749394 -0.175992 0.467 0.337 0.255
v -0.647921 -0.290655 -0.222269 0.886 0.718 0.553
v 0.060754 0.229370 -0.046644 0.596 0.424 0.318
v -0.125377 -0.686066 0.032530 0.063 0.051 0.051
v 0.560134 -0.464006 -0.292385 0.925 0.753 0.580
v 0.363254 -0.064517 -0.420329 0.059 0.063 0.043
v 0.426024 -0.229832 -0.295408 0.067 0.055 0.035
v -0.574588 -0.635158 -0.119510 0.024 0.020 0.012
v 0.025119 0.116393 -0.244831 0.867 0.694 0.545
v -0.562502 0.053636 -0.400339 0.914 0.714 0.565
v 0.615771 -0.134905 -0.476623 0.847 0.659 0.514
v -0.076362 0.995798 -0.076055 0.514 0.388 0.290
v -0.131963 0.510959 -0.367542 0.643 0.475 0.365
v 0.219531 -0.044412 -0.337221 0.867 0.694 0.529
v 0.409705 1.027023 -0.162879 0.471 0.408 0.349
v 0.743864 -0.374483 -0.440799 0.784 0.612 0.451
v -0.929970 -0.570560 -0.424489 0.565 0.412 0.290
v 0.630475 -0.574753 -0.328347 0.894 0.725 0.553
v -0.745978 -0.047704 -0.321542 0.835 0.647 0.522
v -0.060643 0.838087 0.035341 0.851 0.686 0.584
v 0.405154 -0.624704 -0.173524 0.067 0.047 0.043
v -0.316990 -0.085559 -0.245593 0.035 0.031 0.024
v -0.774575 -0.269371 -0.275107 0.871 0.694 0.533
v -0.237531 -0.502962 -0.004411 0.047 0.039 0.031
v 0.215043 0.284233 -0.119773 0.612 0.467 0.353
v -0.747039 -0.536189 -0.257350 0.847 0.678 0.545
v 0.477814 0.629670 -0.328021 0.878 0.616 0.482
v -0.192393 0.116142 -0.373550 0.816 0.627 0.463
v -0.900039 -0.439438 -0.394508 0.592 0.439 0.310
v -0.152952 0.863388 -0.231133 0.098 0.024 0.000
v -0.430816 -0.632285 0.032724 0.071 0.067 0.063
v -0.411687 -0.287877 -0.125340 0.047 0.039 0.031
v 0.486349 -0.705103 -0.277835 0.804 0.624 0.482
v 0.292851 1.036453 -0.018136 0.306 0.255 0.180
v -0.819800 -0.416429 -0.287542 0.824 0.667 0.529
v 0.340851 0.535416 -0.078478 0.780 0.588 0.459
v 0.212564 -0.914465 -0.038940 0.098 0.082 0.078
v 0.266606 -0.416276 -0.123334 0.043 0.035 0.024
v 0.352836 0.512995 -0.205388 0.788 0.612 0.490
v -0.490155 -0.436437 -0.085148 0.051 0.035 0.031
v 0.138747 -0.280274 -0.167296 0.043 0.035 0.027
v 0.315407 -0.991291 -0.194762 0.122 0.106 0.102
v 0.329753 0.021433 -0.522808 0.718 0.580 0.486
v -0.124868 0.600016 -0.068591 0.733 0.537 0.439
v 0.099203 -0.104246 -0.250674 0.941 0.749 0.580
v -0.668251 -0.861216 -0.131847 0.655 0.506 0.404
v -0.114343 0.288832 -0.298330 0.741 0.573 0.427
v -0.007140 -0.665982 0.032095 0.059 0.055 0.055
v 0.273938 0.689323 0.087843 0.588 0.431 0.353
v -0.086836 -0.198662 -0.173182 0.043 0.035 0.027
v 0.461278 -0.479785 -0.219167 0.875 0.690 0.525
v 0.072604 -0.475334 -0.056238 0.059 0.043 0.039
v 0.634316 -0.197208 -0.375246 0.902 0.725 0.561
v 0.136422 0.742871 0.127987 0.941 0.773 0.671
v 0.371697 0.687095 -0.068037 0.843 0.675 0.553
v 0.138635 0.431601 0.057208 0.898 0.710 0.604
v 0.034767 0.519222 0.057025 0.741 0.518 0.439
v -0.174594 -0.060564 -0.227992 0.937 0.749 0.596
v -0.170722 -0.276876 -0.133688 0.043 0.039 0.031
v -0.243689 -0.932276 -0.001636 0.059 0.055 0.047
v 0.374282 -0.817101 -0.138645 0.102 0.098 0.090
v 0.246392 0.907370 0.087115 0.945 0.761 0.647
v 0.247005 0.370870 -0.051999 0.890 0.714 0.600
v -0.360151 0.104042 -0.494450 0.051 0.043 0.035
v -0.894497 -0.634385 -0.332116 0.741 0.553 0.408
v -0.019756 -0.900710 -0.001755 0.055 0.047 0.043
v -0.061563 0.416736 -0.042631 0.737 0.561 0.486
v 0.382060 -0.308098 -0.226699 0.047 0.035 0.027
v -0.617606 -0.852772 -0.231793 0.200 0.314 0.169
v 0.271073 0.158253 -0.431267 0.824 0.627 0.467
v 0.469490 -0.094881 -0.441946 0.161 0.141 0.137
v -0.090896 0.360756 -0.166399 0.573 0.420 0.306
v -0.131217 0.040853 -0.295538 0.890 0.714 0.553
v 0.311878 -0.807728 -0.048945 0.090 0.078 0.071
v 0.492679 -0.880972 -0.275962 0.855 0.651 0.498
v 0.418897 -0.138451 -0.357355 0.035 0.031 0.016
v 0.223196 0.233476 -0.278462 0.890 0.722 0.561
v -0.141143 0.686844 -0.264456 0.776 0.553 0.447
v -0.646192 -0.509448 -0.235956 0.780 0.608 0.467
v 0.285547 -0.216683 -0.243655 0.039 0.035 0.020
v 0.176951 0.541774 0.051695 0.937 0.753 0.647
v 0.009371 1.041284 -0.028863 0.420 0.318 0.227
v 0.583224 -0.675149 -0.316644 0.890 0.718 0.553
v -0.603076 -0.387718 -0.212427 0.592 0.447 0.310
v 0.522811 -0.265367 -0.315305 0.945 0.792 0.631
v 0.251587 -0.994423 -0.111488 0.082 0.063 0.063
v -0.460294 0.047117 -0.380524 0.059 0.047 0.035
v 0.380279 0.988874 -0.053209 0.471 0.376 0.282
v 0.089213 1.016725 0.045725 0.478 0.365 0.271
v -0.432780 -0.834082 -0.025602 0.071 0.055 0.051
v 0.038320 -0.271629 -0.156950 0.047 0.039 0.031
v 0.019534 0.309030 0.000248 0.906 0.710 0.608
v -0.142352 0.547220 -0.273535 0.647 0.443 0.369
v 0.713665 -0.297740 -0.377327 0.863 0.690 0.529
v -0.341256 -0.009938 -0.307812 0.027 0.024 0.016
v 0.406800 0.609544 -0.258869 0.812 0.600 0.482
v -0.294031 -0.198306 -0.170312 0.039 0.031 0.027
v -0.458601 -0.112041 -0.232995 0.031 0.027 0.016
v -0.523790 -0.652796 -0.032031 0.059 0.051 0.055
v -0.564241 -0.882252 -0.152035 0.082 0.051 0.043
v -0.123462 0.941720 -0.156823 0.290 0.208 0.141
v -0.281378 -0.420982 -0.047456 0.047 0.035 0.027
v 0.184402 -0.362179 -0.130569 0.043 0.035 0.024
v -0.833812 -0.224106 -0.337644 0.737 0.549 0.408
v 0.650735 -0.790376 -0.373510 0.851 0.651 0.490
v -0.527880 -0.799529 -0.084576 0.047 0.043 0.035
v -0.078667 1.047009 -0.164426 0.310 0.247 0.180
v 0.458783 0.828857 -0.214270 0.255 0.188 0.137
v -0.056408 0.738702 0.064068 0.816 0.643 0.565
v -0.490784 -0.227220 -0.175397 0.047 0.039 0.031
v 0.022371 0.867326 0.089851 0.910 0.745 0.643
v 0.311398 0.836932 0.066041 0.922 0.749 0.631
v 0.086020 0.591649 0.102401 0.808 0.616 0.525
v 0.004122 -0.531437 -0.019695 0.055 0.043 0.039
v 0.475641 -1.016914 -0.266966 0.859 0.663 0.533
v 0.288856 -0.700379 -0.020333 0.051 0.043 0.035
v 0.003995 0.026613 -0.270290 0.918 0.741 0.580
v -0.716628 -0.699229 -0.269004 0.776 0.612 0.494
v 0.156218 -0.666414 0.029396 0.055 0.039 0.039
v 0.399111 -0.726571 -0.172906 0.059 0.043 0.039
v 0.429547 0.700302 -0.208652 0.549 0.427 0.345
v -0.780392 -0.134919 -0.309530 0.816 0.643 0.494
v 0.117554 0.136557 -0.253092 0.906 0.749 0.596
v 0.365268 -0.892950 -0.195035 0.129 0.106 0.090
v -0.068439 0.926702 -0.009105 0.780 0.608 0.506
v -0.116178 0.770925 -0.088499 0.788 0.627 0.525
v -0.620214 -0.709043 -0.225059 0.027 0.024 0.008
v 0.228448 -0.115401 -0.275531 0.047 0.031 0.024
v -0.189040 0.187664 -0.434920 0.808 0.604 0.427
v 0.565878 -0.366592 -0.304282 0.933 0.773 0.600
v 0.225408 1.090932 -0.054068 0.333 0.263 0.184
v -0.178821 -0.587470 0.020578 0.051 0.039 0.035
v 0.073537 -1.070488 -0.063135 0.043 0.031 0.024
v -0.133575 0.372159 -0.349206 0.714 0.522 0.384
v -0.781174 -0.048033 -0.405926 0.710 0.522 0.392
v -0.618924 -0.108689 -0.257956 0.925 0.765 0.592
v -0.433696 -0.484388 -0.028539 0.055 0.043 0.035
v -0.524458 -0.003188 -0.325358 0.945 0.769 0.612
v 0.019372 -0.064664 -0.275867 0.937 0.749 0.580
v -0.065962 0.611070 0.014628 0.925 0.718 0.592
v 0.400646 -0.521016 -0.163732 0.055 0.047 0.035
v -0.153672 -0.478004 -0.033710 0.051 0.039 0.031
v 0.389728 0.872935 -0.021959 0.847 0.686 0.588
v 0.154251 0.243146 -0.064442 0.620 0.455 0.353
v -0.060468 -0.116879 -0.208768 0.937 0.741 0.612
v 0.145631 -0.803426 0.040396 0.086 0.067 0.067
v 0.068223 0.688158 0.094936 0.553 0.373 0.271
v 0.310103 -0.623750 -0.064045 0.055 0.051 0.043
v 0.276953 0.348719 -0.152531 0.694 0.545 0.431
v -0.136111 -0.815506 0.018378 0.055 0.047 0.051
v 0.052761 -0.814587 0.033575 0.075 0.063 0.059
v -0.133864 0.672914 -0.122756 0.796 0.596 0.494
v -0.602645 -0.569511 -0.185272 0.020 0.016 0.008
v -0.302043 -0.820097 0.024975 0.047 0.031 0.035
v -0.346311 -0.645959 0.058973 0.055 0.047 0.043
v 0.535680 -0.099943 -0.501916 0.847 0.667 0.518
v -0.076300 -0.977595 -0.017954 0.051 0.047 0.043
v 0.162337 -0.564579 -0.020477 0.051 0.039 0.035
v -0.880600 -0.280950 -0.426018 0.608 0.455 0.314
v -0.100451 -0.381282 -0.088967 0.047 0.039 0.031
v -0.262294 0.060132 -0.370676 0.886 0.702 0.541
v 0.213672 0.047402 -0.339181 0.851 0.690 0.537
v -0.145596 0.199552 -0.346725 0.694 0.514 0.365
v 0.100802 -0.961124 -0.039598 0.047 0.043 0.035
v -0.551858 -0.714696 -0.089090 0.043 0.039 0.031
v 0.285539 0.331611 -0.323085 0.847 0.671 0.510
v -0.272308 -0.710036 0.059755 0.082 0.078 0.075
v -0.629642 -0.204565 -0.236902 0.925 0.765 0.592
v -0.536879 -0.080082 -0.271629 0.937 0.776 0.608
v -0.891845 -0.718784 -0.310256 0.769 0.569 0.420
v -0.669670 0.016277 -0.346304 0.898 0.710 0.561
v -0.551629 -0.551285 -0.113922 0.027 0.020 0.020
v 0.001967 -0.362157 -0.110235 0.043 0.035 0.027
v -0.029514 0.184354 -0.244897 0.769 0.616 0.475
v 0.259865 0.548946 0.029666 0.945 0.725 0.596
v 0.335838 0.700554 0.029185 0.867 0.702 0.604
v 0.301031 0.465928 -0.045210 0.859 0.675 0.565
v 0.561258 -0.888075 -0.326788 0.882 0.667 0.518
v 0.646741 -0.382254 -0.326462 0.910 0.753 0.580
v -0.812325 -0.598282 -0.281911 0.839 0.659 0.522
v 0.255377 -0.548059 -0.060741 0.051 0.039 0.031
v 0.300135 -0.061045 -0.363361 0.067 0.055 0.035
v -0.460180 -0.359054 -0.101512 0.051 0.043 0.035
v -0.769241 -0.354556 -0.261839 0.855 0.686 0.549
v -0.569147 -0.249926 -0.195642 0.918 0.753 0.584
v 0.373981 0.459994 -0.269864 0.808 0.576 0.451
v -0.036635 -1.065688 -0.034856 0.031 0.016 0.012
v 0.447305 0.952384 -0.168975 0.459 0.361 0.286
v 0.401580 -0.867018 -0.278297 0.137 0.106 0.094
v -0.058073 0.082441 -0.266367 0.898 0.725 0.565
v 0.408844 0.805899 -0.071783 0.690 0.549 0.451
v 0.087126 0.343738 0.036524 0.710 0.490 0.427
v -0.537119 -0.395668 -0.145149 0.055 0.035 0.031
v 0.393659 -1.033578 -0.265084 0.549 0.420 0.341
v 0.102429 -0.202130 -0.198353 0.055 0.047 0.035
v 0.479335 -0.790221 -0.280874 0.769 0.584 0.451
v 0.435289 -0.641076 -0.251369 0.075 0.055 0.051
v -0.736017 -0.616540 -0.259163 0.855 0.682 0.545
v 0.248621 0.187013 -0.341431 0.835 0.655 0.494
v -0.137718 0.828793 -0.158143 0.396 0.294 0.227
v 0.278041 0.984491 0.042791 0.431 0.325 0.231
v 0.148930 -0.055822 -0.297410 0.914 0.737 0.573
v -0.075083 -0.624610 0.018168 0.055 0.047 0.039
v 0.048535 0.191263 -0.216774 0.725 0.584 0.455
v 0.193294 0.392941 0.007958 0.812 0.612 0.502
v -0.074011 0.333501 -0.244595 0.694 0.522 0.392
v -0.348305 -0.329111 -0.096607 0.043 0.031 0.027
v 0.214646 -0.259577 -0.194369 0.051 0.047 0.039
v 0.187173 0.272999 -0.211626 0.725 0.584 0.463
v -0.683022 -0.060045 -0.274566 0.941 0.780 0.624
v 0.237327 0.630594 0.043070 0.216 0.157 0.102
v -0.024924 0.457142 0.018814 0.851 0.659 0.549
v -0.419707 -0.909485 -0.048128 0.039 0.031 0.027
v 0.091034 0.811001 0.120548 0.961 0.784 0.686
v -0.133762 0.518503 -0.191088 0.714 0.533 0.424
v 0.189482 -1.088263 -0.104816 0.024 0.024 0.008
v -0.701792 -0.239569 -0.250683 0.902 0.737 0.576
v 0.202918 -0.848590 0.009494 0.067 0.055 0.055
v 0.563169 -0.554654 -0.292543 0.898 0.729 0.565
v -0.092072 0.778625 -0.006681 0.741 0.600 0.510
v 0.361611 1.050475 -0.099779 0.247 0.216 0.157
v 0.331481 -0.467402 -0.131451 0.051 0.043 0.035
v -0.106788 0.511599 -0.072143 0.757 0.580 0.498
v -0.206099 -0.859607 0.010224 0.051 0.047 0.043
v -0.242205 -0.105559 -0.214531 0.039 0.035 0.024
v 0.177459 1.063385 0.001421 0.259 0.196 0.125
v -0.351598 -0.460979 -0.023234 0.051 0.039 0.031
v 0.141811 -0.428560 -0.089540 0.059 0.047 0.035
v -0.303313 0.097764 -0.437032 0.824 0.631 0.490
v -0.760762 -0.758415 -0.246264 0.839 0.659 0.529
v -0.205503 0.705155 -0.338463 0.831 0.545 0.455
v 0.174978 0.844842 0.118680 0.965 0.788 0.682
v -0.294607 -0.554657 0.031266 0.051 0.035 0.031
v 0.360978 0.611778 -0.082322 0.847 0.639 0.494
v -0.258010 -0.357496 -0.084831 0.043 0.031 0.027
v 0.711320 -0.382199 -0.368463 0.867 0.682 0.518
v 0.152353 0.067543 -0.287634 0.890 0.733 0.576
v 0.097895 0.270697 0.006672 0.902 0.682 0.584
v 0.539086 -1.058356 -0.314216 0.878 0.675 0.529
v -0.905279 -0.514266 -0.379867 0.604 0.455 0.337
v -0.435691 -0.556418 0.007957 0.051 0.043 0.039
v -0.356792 -0.238946 -0.147390 0.043 0.035 0.031
v -0.409887 0.066633 -0.449738 0.035 0.020 0.016
v 0.301448 0.761094 0.071781 0.918 0.733 0.627
v 0.249286 0.106007 -0.378566 0.871 0.686 0.529
v -0.003214 0.251579 -0.082071 0.529 0.365 0.263
v -0.159252 0.785165 -0.250092 0.255 0.165 0.098
v 0.210331 0.724218 0.118525 0.953 0.773 0.686
v -0.686226 -0.825189 -0.247723 0.576 0.443 0.373
v 0.133099 0.966050 0.082956 0.918 0.733 0.635
v -0.058278 -0.722896 0.034097 0.059 0.051 0.051
v -0.424962 -0.711808 0.033257 0.039 0.039 0.035
v 0.690088 -0.538356 -0.358287 0.867 0.694 0.522
v -0.199242 -0.675826 0.044969 0.059 0.059 0.055
v 0.359429 -0.233994 -0.259381 0.039 0.031 0.024
v 0.039621 0.259009 -0.184890 0.388 0.263 0.165
v -0.134587 -0.128561 -0.191406 0.063 0.047 0.035
v -0.226625 -0.229949 -0.152459 0.035 0.027 0.020
v 0.623764 -0.494193 -0.318468 0.918 0.749 0.580
v 0.435845 -0.558039 -0.221919 0.082 0.078 0.063
v 0.438137 -0.402901 -0.215464 0.314 0.267 0.227
v 0.442922 0.845494 -0.136052 0.443 0.333 0.259
v 0.077083 0.465566 0.087862 0.592 0.392 0.341
v 0.325413 -0.003237 -0.449286 0.173 0.141 0.133
v 0.224137 -0.699609 0.018382 0.063 0.047 0.035
v 0.015478 -0.743839 0.038572 0.075 0.063 0.063
v 0.303568 -1.062647 -0.213604 0.141 0.133 0.137
v -0.763394 -0.460831 -0.259378 0.847 0.682 0.541
v 0.497593 -0.425747 -0.257619 0.898 0.722 0.533
v 0.360751 0.558845 -0.147617 0.769 0.592 0.475
v -0.589313 -0.700255 -0.152022 0.043 0.039 0.031
v 0.364174 -0.637740 -0.112977 0.063 0.047 0.039
v 0.274994 -0.876652 -0.051935 0.094 0.082 0.078
v 0.667830 -0.176777 -0.443346 0.871 0.690 0.533
v -0.868363 -0.457497 -0.326164 0.722 0.561 0.427
v 0.306179 0.391325 -0.205888 0.706 0.561 0.443
v 0.082161 -0.659587 0.032479 0.063 0.051 0.047
v -0.243179 -0.036916 -0.242106 0.063 0.043 0.035
v -0.388420 -0.076912 -0.261316 0.035 0.031 0.020
v -0.852376 -0.210704 -0.406540 0.655 0.486 0.345
v -0.634791 0.052364 -0.413588 0.867 0.659 0.525
v 0.401203 0.701104 -0.134239 0.710 0.553 0.455
v 0.313939 -0.374925 -0.161130 0.043 0.035 0.027
v -0.087870 0.225756 -0.271646 0.733 0.584 0.443
v 0.606028 -0.743594 -0.339726 0.871 0.682 0.529
v -0.118813 0.431398 -0.199576 0.620 0.447 0.341
v -0.376268 -0.811523 0.014168 0.102 0.086 0.082
v -0.079076 -0.484252 -0.036482 0.059 0.047 0.043
v -0.401559 0.014189 -0.344336 0.027 0.027 0.016
v 0.682595 -0.611070 -0.363282 0.847 0.675 0.510
v 0.479456 -0.207962 -0.339977 0.922 0.757 0.608
v 0.471941 0.845141 -0.283649 0.333 0.286 0.231
v -0.129800 0.446696 -0.332645 0.741 0.553 0.416
v 0.376690 -0.028787 -0.493679 0.122 0.102 0.098
v 0.047381 1.092220 -0.082033 0.231 0.169 0.110
v 0.510026 -0.508857 -0.266273 0.871 0.686 0.502
v -0.081590 -0.864578 0.005615 0.035 0.035 0.031
v 0.269353 -0.485703 -0.093836 0.043 0.035 0.027
v 0.546028 -0.121358 -0.434539 0.882 0.694 0.537
v -0.024997 -0.234618 -0.165474 0.051 0.039 0.027
v -0.193129 0.049852 -0.337535 0.859 0.678 0.518
v -0.012452 0.377563 -0.008335 0.878 0.710 0.596
v -0.711372 -0.318615 -0.242149 0.886 0.718 0.557
v 0.424403 -0.714256 -0.243742 0.094 0.071 0.078
v -0.129281 0.551489 -0.127302 0.745 0.565 0.471
v 0.531144 -0.638364 -0.284040 0.871 0.694 0.529
v -0.044623 0.677626 0.030191 0.427 0.306 0.263
v -0.589598 -0.321520 -0.191137 0.369 0.310 0.224
v 0.065082 0.945744 0.081622 0.941 0.757 0.643
v 0.460417 0.664996 -0.269225 0.949 0.706 0.584
v 0.079587 0.075067 -0.263887 0.890 0.741 0.588
v -0.823676 -0.325509 -0.295343 0.808 0.631 0.475
v -0.187896 -0.337869 -0.101526 0.051 0.043 0.035
v -0.761705 -0.196552 -0.281583 0.867 0.690 0.533
v 0.171020 0.181726 -0.262435 0.922 0.769 0.608
v 0.356649 -0.104972 -0.362882 0.047 0.039 0.027
v 0.572016 -0.222677 -0.341587 0.925 0.757 0.592
v 0.546240 -0.734880 -0.302423 0.878 0.690 0.533
v -0.040632 1.051438 -0.101819 0.420 0.306 0.216
v 0.315608 0.547090 -0.012142 0.902 0.706 0.573
v -0.327538 -0.147988 -0.205232 0.039 0.035 0.024
v 0.438595 -0.294261 -0.271798 0.200 0.176 0.169
v 0.167791 -0.737846 0.040255 0.094 0.086 0.090
v -0.092429 0.402691 -0.103315 0.765 0.588 0.514
v -0.016971 0.564975 0.032165 0.957 0.753 0.635
v 0.497096 -0.949794 -0.269808 0.863 0.667 0.525
v -0.517749 -0.499823 -0.083246 0.043 0.035 0.039
v -0.936228 -0.635172 -0.391491 0.620 0.467 0.345
v 0.005006 -0.117197 -0.232552 0.937 0.741 0.569
v -0.599284 0.024392 -0.348975 0.945 0.757 0.600
v -0.898409 -0.375921 -0.419945 0.576 0.431 0.298
v -0.615580 -0.784808 -0.222571 0.063 0.047 0.043
v -0.038473 0.992091 -0.017446 0.651 0.498 0.400
v -0.151262 0.618560 -0.270077 0.733 0.482 0.392
v 0.739454 -0.304915 -0.439900 0.808 0.631 0.471
v 0.093799 -0.532369 -0.024535 0.059 0.043 0.039
v 0.004908 -0.602019 0.010883 0.055 0.043 0.035
v 0.363544 0.535068 -0.269620 0.616 0.318 0.235
v -0.093161 0.857703 -0.022074 0.729 0.573 0.478
v 0.030679 -0.421563 -0.084214 0.051 0.043 0.035
v 0.043229 -0.924051 -0.014107 0.055 0.047 0.039
v -0.155589 -0.747054 0.034317 0.078 0.059 0.071
v 0.412485 -1.099236 -0.268123 0.702 0.545 0.439
v -0.611606 -0.636764 -0.187419 0.024 0.024 0.016
v -0.153938 -0.210750 -0.165117 0.043 0.039 0.031
v -0.874135 -0.390468 -0.340826 0.682 0.514 0.392
v -0.642221 -0.439800 -0.231044 0.835 0.667 0.502
v 0.059604 0.521715 0.122488 0.792 0.592 0.518
v 0.004964 0.705829 0.077986 0.576 0.388 0.302
v 0.176180 0.915756 0.102711 0.957 0.769 0.659
v -0.029374 0.898337 0.045593 0.875 0.710 0.612
v -0.098821 0.931509 -0.075194 0.455 0.333 0.247
v 0.333617 0.492301 -0.130050 0.800 0.631 0.506
v 0.413150 0.980190 -0.114049 0.412 0.318 0.243
v 0.167752 -0.120611 -0.246562 0.071 0.055 0.043
v -0.542150 -0.600062 -0.068876 0.043 0.039 0.031
v -0.688760 -0.567352 -0.247278 0.831 0.663 0.522
v 0.378751 -0.170836 -0.314235 0.043 0.035 0.020
v 0.205214 0.304051 -0.056613 0.878 0.702 0.588
v -0.175732 -0.012323 -0.285828 0.890 0.698 0.545
v 0.674250 -0.247216 -0.356279 0.918 0.753 0.588
v 0.612302 -0.844332 -0.353861 0.867 0.655 0.498
v -0.157759 0.857222 -0.297384 0.259 0.184 0.129
v -0.461094 -0.170627 -0.198711 0.035 0.031 0.020
v -0.145467 0.114541 -0.322767 0.788 0.612 0.475
v -0.140693 0.680939 -0.188565 0.753 0.565 0.471
v -0.807469 -0.528424 -0.282287 0.843 0.671 0.533
v -0.477698 -0.672590 0.010849 0.063 0.055 0.051
v -0.381030 -0.590025 0.037493 0.051 0.043 0.035
v -0.790102 -0.089139 -0.355878 0.729 0.533 0.424
v 0.343968 -0.986708 -0.253719 0.129 0.098 0.090
v 0.257291 -0.935983 -0.081649 0.102 0.090 0.075
v -0.421376 -0.232763 -0.159155 0.043 0.035 0.027
v 0.447540 0.764767 -0.208428 0.376 0.306 0.227
v 0.460207 0.889480 -0.190534 0.322 0.243 0.180
v 0.331292 0.451309 -0.201822 0.725 0.553 0.435
v -0.121738 -0.324792 -0.114889 0.043 0.035 0.031
v -0.851052 -0.730043 -0.261557 0.820 0.616 0.471
v 0.591329 -0.158643 -0.407420 0.902 0.718 0.553
v 0.198287 -0.970339 -0.069031 0.047 0.043 0.039
v -0.013475 0.813668 0.081114 0.890 0.725 0.631
v -0.244843 0.116462 -0.415792 0.827 0.639 0.475
v -0.283474 -0.878872 0.004585 0.035 0.031 0.027
v 0.246856 -0.357401 -0.147212 0.047 0.035 0.027
v -0.727588 -0.002133 -0.368479 0.816 0.608 0.482
v -0.215492 -0.451575 -0.036670 0.051 0.035 0.031
v 0.181885 0.478080 0.043632 0.910 0.725 0.620
v 0.324648 -0.276055 -0.220104 0.035 0.031 0.020
v 0.253350 -0.005439 -0.376313 0.875 0.702 0.549
v 0.337723 0.992535 -0.001893 0.400 0.318 0.239
v 0.374837 0.573210 -0.212399 0.808 0.639 0.522
v 0.240701 1.033563 0.019581 0.306 0.243 0.169
v 0.171595 0.002320 -0.313469 0.882 0.737 0.584
v -0.430932 -0.770576 0.009251 0.075 0.067 0.063
v -0.660871 -0.362840 -0.222619 0.878 0.714 0.553
v -0.488241 0.063920 -0.436138 0.122 0.102 0.094
v -0.140316 0.925054 -0.218364 0.231 0.165 0.102
v 0.212259 -0.437871 -0.096214 0.047 0.035 0.027
v -0.734135 -0.100353 -0.283300 0.878 0.718 0.557
v 0.329886 -0.938057 -0.162524 0.133 0.102 0.094
v 0.398715 0.745469 -0.088638 0.776 0.627 0.522
v -0.706851 -0.483668 -0.242462 0.863 0.694 0.557
v -0.097186 -0.256504 -0.148980 0.047 0.043 0.035
v 0.280253 -1.031585 -0.160942 0.090 0.067 0.075
v 0.454866 0.570590 -0.331434 0.933 0.706 0.604
v 0.453360 0.984214 -0.223372 0.271 0.216 0.161
v 0.337588 -0.843920 -0.094024 0.094 0.086 0.078
v 0.282861 0.094348 -0.458654 0.847 0.663 0.490
v 0.129085 0.681591 0.109904 0.855 0.678 0.565
v 0.374889 -0.572516 -0.132767 0.055 0.039 0.031
v 0.634914 -0.646002 -0.341719 0.867 0.698 0.533
v 0.152979 -0.927292 -0.024942 0.094 0.078 0.075
v 0.262565 0.265811 -0.318988 0.839 0.655 0.502
v 0.083050 -0.320220 -0.139436 0.051 0.039 0.031
v -0.902111 -0.570985 -0.354983 0.647 0.478 0.353
v -0.180896 -0.528810 -0.002423 0.047 0.039 0.035
v 0.417845 -0.092786 -0.406933 0.027 0.031 0.012
v -0.484010 -0.611935 -0.000102 0.059 0.051 0.047
v 0.146541 0.592923 0.078294 0.890 0.694 0.576
v 0.429611 -0.755752 -0.294197 0.125 0.090 0.067
v 0.307697 1.064479 -0.071847 0.243 0.208 0.141
v 0.389402 0.935192 -0.023010 0.639 0.502 0.388
v -0.298612 -0.494174 -0.001697 0.043 0.031 0.027
v 0.357737 -0.774172 -0.089964 0.067 0.051 0.039
v -0.484006 -0.835959 -0.059348 0.086 0.063 0.063
v -0.118925 -0.432648 -0.060231 0.047 0.039 0.035
v 0.385462 -0.834693 -0.202247 0.137 0.129 0.114
v -0.292712 0.028686 -0.326718 0.051 0.035 0.016
v 0.263089 -0.822853 -0.014663 0.067 0.063 0.055
v -0.722841 -0.853273 -0.162064 0.820 0.600 0.486
v 0.678527 -0.330429 -0.339120 0.910 0.741 0.580
v 0.270732 -0.160196 -0.271402 0.039 0.035 0.020
v 0.029058 1.012021 0.028597 0.588 0.455 0.353
v 0.582905 -0.610641 -0.308688 0.890 0.722 0.557
v -0.434977 -0.426200 -0.060657 0.047 0.031 0.027
v 0.358405 0.842686 0.021525 0.894 0.741 0.635
v -0.116047 -0.078772 -0.223123 0.953 0.749 0.596
v 0.420768 -0.064740 -0.471905 0.122 0.114 0.118
v 0.074130 -0.145047 -0.209801 0.071 0.051 0.035
v 0.520648 -0.326289 -0.296747 0.941 0.788 0.624
v 0.208158 -0.312873 -0.163132 0.047 0.039 0.031
v -0.652068 -0.709061 -0.277344 0.302 0.220 0.176
v 0.004342 -0.849237 0.021245 0.063 0.055 0.051
v -0.096831 0.994486 -0.137394 0.353 0.263 0.196
v -0.561765 -0.821073 -0.131645 0.024 0.016 0.020
v -0.300064 -0.762182 0.047295 0.075 0.067 0.071
v -0.473474 -0.296264 -0.136209 0.047 0.035 0.027
v -0.058279 0.021588 -0.269268 0.902 0.702 0.541
v 0.133845 -1.081123 -0.082066 0.031 0.024 0.016
v 0.134955 0.484645 0.085532 0.682 0.451 0.388
v -0.295189 -0.027996 -0.273419 0.031 0.027 0.020
v -0.236203 -0.568144 0.026743 0.051 0.043 0.039
v 0.137959 0.379110 0.027379 0.773 0.388 0.369
v -0.112458 0.349056 -0.293837 0.753 0.576 0.439
v 0.344829 0.657197 -0.022234 0.843 0.686 0.576
v 0.411878 -0.465264 -0.183132 0.043 0.039 0.027
v 0.360471 -0.354071 -0.194397 0.043 0.035 0.024
v -0.671103 -0.854126 -0.191834 0.643 0.494 0.408
v 0.266806 -0.090924 -0.315044 0.059 0.043 0.035
v 0.467147 -0.134549 -0.392914 0.067 0.059 0.047
v 0.364362 0.724297 -0.021807 0.847 0.690 0.573
v 0.285709 0.411443 -0.073412 0.867 0.698 0.584
v 0.005480 -0.479007 -0.048114 0.047 0.039 0.031
v -0.139350 0.299607 -0.357708 0.710 0.525 0.384
v 0.260751 0.849960 0.095566 0.953 0.769 0.663
v 0.063615 1.053151 -0.006012 0.278 0.196 0.110
v 0.612338 -0.429242 -0.314477 0.925 0.761 0.588
v 0.161818 -0.232413 -0.196201 0.043 0.035 0.024
v 0.142859 -0.612423 0.010125 0.059 0.043 0.039
v -0.102901 0.561600 -0.028974 0.776 0.596 0.506
v 0.074107 0.739494 0.124672 0.941 0.769 0.678
v -0.164416 0.733183 -0.298013 0.761 0.545 0.455
v -0.636008 -0.872477 -0.083730 0.706 0.506 0.388
v -0.116978 0.703977 -0.075729 0.827 0.663 0.565
v 0.440579 -0.904450 -0.256108 0.718 0.545 0.439
v 0.251681 0.328573 -0.103453 0.773 0.584 0.475
v 0.082155 -0.053905 -0.276058 0.918 0.722 0.549
v 0.291963 -0.758547 -0.017566 0.059 0.051 0.047
v -0.134170 0.611246 -0.125654 0.690 0.506 0.404
v -0.595146 -0.827724 -0.184209 0.059 0.051 0.051
v 0.411119 -0.675722 -0.201669 0.078 0.063 0.051
v -0.039217 -0.566666 -0.002986 0.067 0.055 0.047
v -0.315442 -0.371430 -0.073701 0.047 0.031 0.024
v -0.095145 -0.772535 0.028889 0.090 0.071 0.075
v -0.387385 -0.123761 -0.226364 0.035 0.031 0.024
v -0.103204 0.635189 -0.023230 0.820 0.616 0.494
v -0.529793 -0.453732 -0.123631 0.031 0.027 0.020
v -0.708527 -0.773128 -0.268728 0.655 0.502 0.408
v -0.480220 -0.067171 -0.263174 0.090 0.071 0.055
v -0.138232 0.885856 -0.170138 0.329 0.235 0.169
v 0.300233 0.904726 0.066375 0.910 0.722 0.612
v -0.186679 -0.940084 -0.001891 0.035 0.031 0.024
v 0.353618 -0.872324 -0.142217 0.125 0.106 0.098
v -0.861979 -0.258394 -0.373768 0.651 0.482 0.349
v 0.076335 0.637075 0.067562 0.702 0.541 0.427
v -0.063478 0.317062 -0.133021 0.569 0.408 0.298
v -0.517471 0.035960 -0.367574 0.953 0.761 0.616
v 0.248562 0.417213 -0.013961 0.890 0.714 0.612
v -0.077229 0.473563 -0.040320 0.769 0.596 0.514
v -0.860916 -0.590029 -0.310678 0.780 0.604 0.459
v 0.143795 1.033098 0.038858 0.357 0.259 0.173
v -0.128942 -0.034632 -0.260940 0.933 0.722 0.565
v 0.092238 0.398670 0.063818 0.675 0.298 0.302
v 0.691156 -0.218698 -0.402268 0.886 0.714 0.549
v -0.918776 -0.685627 -0.347658 0.769 0.557 0.420
v 0.286818 0.496944 0.001616 0.910 0.698 0.584
v 0.097668 -1.018825 -0.061148 0.039 0.035 0.027
v 0.011578 0.257822 -0.023695 0.647 0.478 0.400
v 0.389556 -0.678132 -0.144473 0.059 0.047 0.039
v 0.232447 -1.047662 -0.117590 0.047 0.043 0.035
v -0.861046 -0.673150 -0.299705 0.812 0.612 0.467
v 0.129079 -0.476300 -0.060585 0.051 0.039 0.035
v -0.407978 -0.338048 -0.097523 0.047 0.039 0.027
v -0.826792 -0.476547 -0.292828 0.820 0.659 0.518
v -0.225143 -0.298385 -0.118412 0.039 0.035 0.027
v 0.351734 -0.943047 -0.218288 0.141 0.110 0.102
v 0.019263 -1.073031 -0.048065 0.027 0.027 0.020
v -0.470651 0.013526 -0.328745 0.071 0.055 0.043
v -0.602338 -0.515455 -0.201470 0.024 0.020 0.016
v 0.449924 -0.837216 -0.271193 0.686 0.518 0.396
v 0.320772 -0.185583 -0.276500 0.039 0.035 0.020
v 0.039558 0.578309 0.054334 0.886 0.714 0.616
v 0.569860 -0.302986 -0.310348 0.937 0.788 0.624
v 0.293077 -0.976664 -0.144676 0.141 0.118 0.122
v -0.001905 -0.304772 -0.136321 0.055 0.051 0.043
v -0.265738 -0.155635 -0.193107 0.039 0.035 0.027
v 0.265752 0.200002 -0.394180 0.847 0.659 0.494
v -0.636182 -0.568212 -0.229868 0.533 0.412 0.314
v 0.177039 0.780730 0.123774 0.961 0.784 0.694
v -0.839629 -0.278546 -0.319710 0.741 0.561 0.404
v -0.050277 0.362808 -0.052604 0.718 0.565 0.490
v 0.128502 -0.157366 -0.219005 0.051 0.039 0.024
v 0.300371 0.656251 0.044205 0.780 0.580 0.471
v -0.188706 0.572512 -0.300275 0.682 0.404 0.333
v -0.030806 -0.176111 -0.187854 0.063 0.047 0.035
v 0.222117 0.671583 0.080428 0.651 0.478 0.380
v -0.816368 -0.171802 -0.339329 0.749 0.557 0.420
v 0.394152 -0.784265 -0.181021 0.094 0.059 0.063
v 0.428365 -0.338693 -0.237493 0.090 0.055 0.039
v 0.149543 -0.856337 0.021002 0.075 0.063 0.063
v 0.023130 0.461205 0.045590 0.878 0.686 0.580
v -0.302145 -0.928554 -0.009582 0.063 0.039 0.039
v 0.136791 -0.335721 -0.137430 0.047 0.035 0.031
v -0.408177 0.042803 -0.397409 0.035 0.024 0.016
v 0.233382 -0.212453 -0.226951 0.035 0.031 0.016
v -0.053522 0.137495 -0.260779 0.871 0.710 0.553
v -0.592677 -0.445145 -0.203944 0.031 0.024 0.016
v -0.524374 -0.708855 -0.042570 0.031 0.027 0.031
v 0.088193 -0.254371 -0.171262 0.043 0.039 0.027
v -0.018906 -0.025337 -0.275298 0.902 0.710 0.541
v -0.675551 -0.113361 -0.258420 0.922 0.769 0.600
v 0.411665 0.646342 -0.219263 0.569 0.427 0.325
v -0.189640 -0.108084 -0.200673 0.051 0.039 0.027
v 0.044797 -0.014256 -0.277048 0.898 0.722 0.561
v -0.161606 0.660154 -0.324654 0.737 0.498 0.412
v 0.414506 0.859951 -0.068368 0.745 0.584 0.490
v 0.042607 -0.695329 0.041179 0.055 0.043 0.039
v -0.140836 -0.625705 0.024428 0.059 0.047 0.043
v 0.186430 0.603970 0.043332 0.839 0.651 0.553
v -0.082620 -0.924152 -0.005800 0.039 0.035 0.027
v 0.330598 -1.038078 -0.264650 0.125 0.106 0.090
v -0.173725 0.171544 -0.385308 0.765 0.584 0.427
v -0.218408 -0.734871 0.047449 0.102 0.086 0.086
v 0.147270 0.268450 -0.015026 0.906 0.710 0.608
v -0.409293 0.083732 -0.505821 0.063 0.051 0.051
v 0.624811 -0.244964 -0.335217 0.945 0.780 0.620
v -0.134709 0.250126 -0.331065 0.702 0.525 0.373
v 0.274381 -0.258391 -0.211233 0.039 0.031 0.020
v 0.230982 0.957457 0.073445 0.890 0.682 0.588
v 0.519439 -0.837350 -0.296349 0.863 0.667 0.514
v -0.636560 -0.812089 -0.265235 0.220 0.157 0.137
v 0.205168 0.351245 -0.023542 0.898 0.725 0.624
v 0.141182 0.542037 0.098999 0.882 0.690 0.596
v -0.105478 0.808451 -0.049679 0.753 0.608 0.514
v 0.304087 0.048246 -0.476331 0.867 0.682 0.514
v 0.083735 -0.428206 -0.084971 0.047 0.039 0.035
v 0.257897 0.741515 0.101597 0.929 0.749 0.655
v -0.023547 -0.951988 -0.015813 0.043 0.039 0.031
v 0.338111 0.593077 -0.037826 0.882 0.698 0.561
v -0.695551 -0.016893 -0.312898 0.902 0.722 0.576
v -0.388817 -0.676802 0.052233 0.059 0.051 0.043
v 0.380103 0.656199 -0.114469 0.812 0.635 0.514
v 0.097049 0.256908 -0.171867 0.592 0.455 0.361
v 0.227976 0.284821 -0.255533 0.863 0.694 0.549
v 0.731745 -0.342832 -0.398247 0.859 0.682 0.518
v 0.467277 -0.069958 -0.497325 0.133 0.129 0.133
v -0.557225 -0.768710 -0.115806 0.031 0.024 0.024
v -0.690037 -0.651820 -0.260459 0.725 0.565 0.459
v 0.328821 -0.744466 -0.055184 0.055 0.043 0.039
v 0.305604 -0.023077 -0.400169 0.231 0.173 0.129
v -0.133478 0.563455 -0.221875 0.718 0.529 0.420
v 0.176361 0.231185 -0.242433 0.910 0.753 0.596
v 0.110554 0.232221 -0.027296 0.694 0.502 0.424
v -0.522732 -0.850157 -0.098621 0.047 0.027 0.024
v -0.513443 -0.120752 -0.247113 0.906 0.761 0.616
v -0.533919 -0.209051 -0.199476 0.612 0.463 0.373
v -0.480611 -0.500495 -0.045570 0.051 0.043 0.035
v -0.149758 0.733250 -0.240794 0.686 0.502 0.424
v -0.072968 0.282122 -0.256632 0.749 0.588 0.455
v 0.468989 -0.257416 -0.308355 0.933 0.780 0.620
v -0.107405 1.004457 -0.188412 0.322 0.247 0.180
v 0.069479 0.145280 -0.232040 0.878 0.718 0.569
v -0.558642 -0.033013 -0.297872 0.949 0.776 0.612
v -0.108611 0.093800 -0.291412 0.851 0.682 0.541
v -0.467645 -0.794393 -0.025065 0.063 0.039 0.039
v 0.000653 0.219225 -0.219657 0.682 0.545 0.427
v -0.055899 -0.358495 -0.104586 0.051 0.039 0.035
v -0.317057 -0.598409 0.048442 0.055 0.043 0.039
v -0.388207 -0.033860 -0.296401 0.035 0.031 0.020
v 0.090154 0.471500 0.139294 0.596 0.388 0.341
v 0.338964 0.795022 0.040650 0.910 0.749 0.635
v 0.212799 -0.571309 -0.031848 0.055 0.043 0.035
v 0.274943 -0.641578 -0.029753 0.059 0.043 0.039
v 0.530871 -0.926566 -0.302032 0.878 0.663 0.522
v 0.391461 -0.025556 -0.543659 0.133 0.118 0.122
v 0.337206 1.028993 -0.044816 0.420 0.376 0.306
v 0.225522 0.509758 0.036745 0.937 0.729 0.631
v -0.553950 -0.656764 -0.077187 0.027 0.020 0.020
v 0.073110 0.859173 0.110347 0.961 0.788 0.682
v 0.543750 -0.411793 -0.290812 0.929 0.757 0.573
v -0.038433 -0.083213 -0.251127 0.949 0.761 0.596
v 0.216390 0.176261 -0.295862 0.875 0.710 0.545
v 0.057295 -0.867910 0.018701 0.063 0.059 0.055
v -0.129163 0.730793 -0.129315 0.765 0.600 0.502
v -0.578464 -0.587063 -0.143100 0.027 0.024 0.016
v -0.597473 -0.156377 -0.244285 0.933 0.773 0.600
v -0.590295 -0.068361 -0.273929 0.945 0.780 0.612
v -0.307828 0.110852 -0.486845 0.859 0.647 0.510
v -0.575159 -0.533095 -0.155989 0.031 0.027 0.020
v -0.568641 -0.369207 -0.178900 0.055 0.043 0.035
v -0.298054 -0.245224 -0.142833 0.035 0.031 0.027
v -0.332300 -0.285747 -0.119740 0.039 0.035 0.027
v 0.202266 -0.076954 -0.298746 0.882 0.698 0.541
v 0.404736 0.586934 -0.305173 0.792 0.553 0.443
v -0.020676 0.320436 -0.030136 0.776 0.608 0.510
v 0.607529 -0.908031 -0.355898 0.878 0.659 0.510
v -0.329537 -0.696940 0.062874 0.047 0.043 0.039
v -0.097306 0.455800 -0.084355 0.776 0.604 0.518
v -0.346925 0.026005 -0.352317 0.027 0.020 0.012
v -0.356897 0.083448 -0.437813 0.031 0.020 0.016
v 0.464258 0.793193 -0.250674 0.373 0.286 0.235
v -0.757061 -0.404675 -0.254622 0.855 0.698 0.557
v -0.341550 -0.051076 -0.275025 0.031 0.027 0.020
v -0.111986 0.408430 -0.153718 0.682 0.518 0.420
v 0.147626 -0.519668 -0.040678 0.043 0.035 0.027
v 0.030686 0.357942 0.021289 0.761 0.588 0.498
v 0.284624 0.374870 -0.109141 0.800 0.616 0.494
v 0.325168 -0.682567 -0.059533 0.055 0.039 0.031
v -0.248930 -0.832779 0.018162 0.035 0.027 0.024
v 0.384217 -0.764861 -0.134622 0.122 0.114 0.110
v 0.410325 0.947581 -0.070339 0.600 0.459 0.357
v 0.103933 -0.832163 0.034949 0.086 0.071 0.071
v -0.018196 0.506344 0.029817 0.910 0.702 0.600
v 0.147660 -0.970499 -0.057039 0.047 0.039 0.031
v -0.887236 -0.332970 -0.395827 0.624 0.451 0.314
v -0.546081 -0.502566 -0.127929 0.027 0.024 0.016
v 0.334636 -0.590713 -0.095025 0.051 0.039 0.031
v 0.233589 0.136479 -0.337828 0.812 0.643 0.475
v 0.450995 -0.968049 -0.253509 0.808 0.627 0.506
v 0.372065 -0.907910 -0.248759 0.122 0.094 0.086
v -0.800025 -0.224753 -0.298678 0.839 0.663 0.506
v -0.491867 -0.031089 -0.298040 0.471 0.357 0.286
v 0.220745 -0.162576 -0.251052 0.043 0.031 0.020
v -0.502332 -0.351376 -0.128240 0.043 0.031 0.024
v -0.122398 0.906530 -0.116919 0.439 0.325 0.243
v -0.033639 1.028013 -0.056829 0.620 0.475 0.388
v 0.428988 -0.181766 -0.332792 0.067 0.055 0.043
v -0.060622 -0.671156 0.030852 0.063 0.047 0.047
v -0.564421 -0.118577 -0.253829 0.937 0.780 0.612
v -0.151009 -0.865044 0.006404 0.043 0.035 0.039
v 0.733903 -0.409447 -0.406226 0.804 0.624 0.475
v -0.537950 0.061501 -0.446460 0.875 0.686 0.545
v -0.073810 -1.032831 -0.026327 0.031 0.031 0.024
v -0.783906 -0.638096 -0.270979 0.847 0.667 0.529
v -0.124733 0.821209 -0.109786 0.675 0.549 0.463
v 0.138697 -0.384168 -0.113005 0.047 0.039 0.031
v -0.162491 0.220066 -0.400255 0.745 0.557 0.400
v 0.457960 -1.071228 -0.274762 0.843 0.647 0.525
v 0.436444 -0.699967 -0.290317 0.161 0.102 0.090
v -0.047672 0.313487 -0.206505 0.604 0.447 0.341
v 0.284277 0.301888 -0.365918 0.741 0.573 0.431
v 0.103692 0.183070 -0.225796 0.886 0.741 0.596
v -0.335151 -0.416840 -0.049259 0.043 0.035 0.027
v 0.519031 -1.010879 -0.291074 0.871 0.667 0.533
v 0.597867 -0.793047 -0.340684 0.875 0.686 0.533
v 0.046423 -0.227217 -0.178636 0.047 0.043 0.031
v -0.075985 0.355064 -0.102956 0.718 0.553 0.467
v -0.350778 -0.197229 -0.174393 0.035 0.031 0.024
v -0.388533 -0.855685 -0.017443 0.067 0.051 0.055
v -0.291564 -0.664266 0.063394 0.067 0.059 0.055
v -0.151497 0.799596 -0.202896 0.278 0.192 0.122
v 0.444598 0.808849 -0.169425 0.412 0.325 0.247
v 0.193954 -0.802076 0.029153 0.078 0.067 0.067
v -0.520005 -0.756629 -0.054024 0.035 0.035 0.031
v 0.479413 -0.646406 -0.273381 0.776 0.612 0.443
v 0.150986 0.269545 -0.177627 0.576 0.439 0.349
v 0.532142 -0.687504 -0.289563 0.875 0.698 0.537
v -0.065803 0.783366 0.044702 0.827 0.667 0.576
v 0.389255 0.823830 -0.027409 0.804 0.643 0.541
v -0.796588 -0.729502 -0.263463 0.847 0.659 0.525
v 0.179025 -0.889277 -0.007697 0.075 0.059 0.055
v 0.400433 -0.267255 -0.256889 0.031 0.027 0.012
v 0.022826 0.921880 0.074347 0.906 0.714 0.612
v -0.806170 -0.094827 -0.401379 0.667 0.482 0.345
v 0.236400 -0.871000 -0.022297 0.071 0.063 0.059
v 0.465333 0.871435 -0.243066 0.255 0.204 0.157
v -0.104585 0.748658 -0.045991 0.769 0.616 0.522
v 0.412190 -0.568274 -0.180328 0.090 0.078 0.075
v -0.149372 -0.366347 -0.091701 0.051 0.039 0.031
v -0.123091 0.648964 -0.066169 0.796 0.612 0.498
v 0.031202 0.069546 -0.259038 0.906 0.749 0.588
v -0.839531 -0.370594 -0.303879 0.776 0.612 0.475
v -0.952125 -0.662052 -0.427885 0.580 0.435 0.318
v 0.006690 1.065256 -0.075966 0.267 0.204 0.137
v 0.338635 0.883290 0.044954 0.859 0.643 0.529
v 0.326349 -0.421514 -0.147002 0.043 0.039 0.031
v 0.655122 -0.740221 -0.369167 0.847 0.659 0.498
v -0.621934 -0.249706 -0.219757 0.898 0.729 0.561
v -0.040653 1.076218 -0.150736 0.306 0.227 0.161
v 0.355940 -0.509312 -0.130720 0.051 0.043 0.035
v 0.047535 -0.551352 -0.011755 0.055 0.039 0.035
v 0.160064 0.121755 -0.274389 0.906 0.757 0.596
v 0.315630 0.461625 -0.094052 0.804 0.624 0.506
v 0.295367 -0.572669 -0.072395 0.051 0.043 0.031
v -0.578024 -0.199999 -0.223177 0.933 0.773 0.600
v 0.278007 0.800995 0.086605 0.929 0.749 0.635
v 0.377189 1.059322 -0.146579 0.349 0.286 0.247
v -0.520947 -0.267787 -0.166170 0.055 0.043 0.031
v -0.708654 -0.818340 -0.205648 0.765 0.588 0.486
v -0.646058 -0.150994 -0.251377 0.902 0.745 0.576
v 0.264201 1.094294 -0.082863 0.353 0.271 0.180
v 0.039067 0.824499 0.105460 0.941 0.769 0.675
v 0.061244 -0.992211 -0.043473 0.047 0.043 0.039
v 0.291565 0.376368 -0.305867 0.851 0.675 0.518
v -0.398024 -0.452977 -0.035469 0.047 0.031 0.027
v 0.050940 -0.104708 -0.248098 0.941 0.741 0.573
v 0.176922 0.686094 0.109632 0.667 0.502 0.416
v 0.178444 1.089229 -0.042669 0.231 0.173 0.102
v -0.339665 -0.787167 0.032913 0.035 0.035 0.031
v 0.013133 0.162586 -0.232446 0.831 0.663 0.522
v 0.387042 0.767164 -0.042272 0.816 0.671 0.549
v -0.034794 -0.505301 -0.029944 0.059 0.047 0.039
v 0.244369 0.052931 -0.375904 0.882 0.714 0.549
v 0.091069 -0.787162 0.045539 0.106 0.082 0.086
v 0.196936 -1.014266 -0.091282 0.043 0.039 0.027
v 0.437243 0.623479 -0.293369 0.953 0.796 0.682
v 0.535826 -1.105937 -0.308636 0.875 0.663 0.522
v -0.137692 0.651173 -0.226096 0.765 0.588 0.486
v -0.503202 -0.153607 -0.213444 0.078 0.043 0.031
v 0.220288 -0.392608 -0.121953 0.047 0.039 0.031
v -0.304395 0.068042 -0.392128 0.698 0.553 0.475
v -0.238191 -0.405265 -0.060102 0.047 0.035 0.031
v 0.424349 -0.607499 -0.213661 0.094 0.082 0.082
v -0.028313 0.632908 0.036339 0.835 0.639 0.525
v 0.245222 1.063389 -0.017627 0.286 0.239 0.165
v -0.116757 -1.010795 -0.019046 0.031 0.016 0.012
v 0.623510 -0.699339 -0.342921 0.867 0.678 0.522
v -0.080301 0.719171 0.024655 0.741 0.573 0.502
v -0.336436 -0.846091 0.005316 0.075 0.059 0.055
v -0.565623 -0.425078 -0.170614 0.039 0.027 0.020
v -0.628683 -0.746992 -0.252154 0.024 0.020 0.008
v 0.065491 0.306539 0.016362 0.945 0.745 0.639
v -0.091936 -0.149497 -0.188155 0.047 0.035 0.024
v 0.719610 -0.255880 -0.410304 0.855 0.675 0.529
v 0.342171 1.092384 -0.147393 0.416 0.314 0.247
v -0.034979 0.955797 0.015700 0.796 0.604 0.502
v -0.121330 0.198035 -0.305725 0.741 0.576 0.431
v -0.287257 -0.120508 -0.216901 0.035 0.031 0.024
v 0.048552 -0.352349 -0.121178 0.043 0.039 0.031
v -0.758752 -0.677786 -0.267142 0.847 0.675 0.537
v 0.260701 -0.730813 0.004565 0.063 0.047 0.043
v -0.502275 -0.396536 -0.113383 0.051 0.035 0.027
v 0.443089 0.708252 -0.253307 0.322 0.235 0.173
v 0.472511 -0.533712 -0.251821 0.698 0.510 0.357
v 0.213056 0.879522 0.105815 0.961 0.788 0.682
v 0.408016 -0.749080 -0.216421 0.047 0.024 0.027
v -0.724045 -0.364020 -0.242230 0.878 0.702 0.561
v -0.130641 0.777776 -0.136486 0.624 0.478 0.400
v 0.184726 0.961088 0.082618 0.937 0.753 0.651
v -0.602542 -0.746966 -0.195476 0.031 0.016 0.012
v 0.322086 -0.325192 -0.191926 0.047 0.043 0.031
v -0.213400 -0.630260 0.040921 0.055 0.047 0.047
v 0.039016 -0.642327 0.025508 0.047 0.043 0.035
v 0.009834 -0.795664 0.031446 0.082 0.067 0.071
v 0.179067 0.430820 0.033074 0.886 0.702 0.592
v 0.111669 1.053150 0.010616 0.267 0.196 0.129
v -0.064493 0.880728 0.014992 0.827 0.655 0.549
v -0.245871 -0.671310 0.055747 0.063 0.059 0.051
v 0.261356 0.308989 -0.289491 0.875 0.690 0.541
v 0.308623 -0.098942 -0.336575 0.047 0.035 0.024
v 0.435327 -0.514672 -0.201473 0.082 0.082 0.075
v -0.634124 -0.666917 -0.239039 0.031 0.016 0.008
v 0.200228 -0.529884 -0.049192 0.051 0.035 0.031
v 0.371689 -0.468734 -0.155360 0.043 0.039 0.031
v 0.120566 -0.699135 0.041860 0.075 0.059 0.055
v 0.274191 0.595810 0.027899 0.859 0.639 0.514
v -0.239948 -0.190033 -0.173050 0.039 0.035 0.027
v 0.048540 -0.510021 -0.033342 0.047 0.039 0.031
v -0.031352 -1.003312 -0.027837 0.039 0.035 0.027
v -0.678920 -0.810399 -0.291045 0.424 0.318 0.255
v -0.146047 -0.559181 0.002598 0.055 0.047 0.043
v -0.261517 -0.467133 -0.021731 0.047 0.039 0.031
v 0.137263 0.813149 0.124415 0.961 0.788 0.690
v -0.129577 -0.514807 -0.018872 0.055 0.043 0.039
v -0.434985 -0.076778 -0.259030 0.039 0.035 0.020
v -0.218340 0.151576 -0.431777 0.749 0.565 0.400
v -0.019920 0.751449 0.089444 0.565 0.404 0.314
v -0.073632 0.960666 -0.040931 0.608 0.463 0.365
v -0.743325 -0.152062 -0.279287 0.867 0.694 0.537
v 0.342138 0.480464 -0.236269 0.690 0.506 0.396
v 0.584485 -0.510552 -0.300710 0.914 0.745 0.573
v -0.845295 -0.630192 -0.294979 0.820 0.631 0.478
v 0.206130 -0.654400 0.011186 0.059 0.043 0.039
v -0.670349 0.036812 -0.388998 0.867 0.655 0.525
v -0.107443 0.003931 -0.281042 0.914 0.729 0.573
v 0.571654 -0.116343 -0.472524 0.867 0.671 0.541
v 0.422079 -0.804675 -0.287732 0.200 0.137 0.110
v -0.033277 -0.395515 -0.088826 0.047 0.039 0.031
v -0.749868 -0.010209 -0.407407 0.757 0.565 0.427
v -0.453457 -0.870267 -0.061071 0.090 0.067 0.067
v -0.293936 -0.326725 -0.098381 0.039 0.031 0.024
v -0.122504 0.507165 -0.116014 0.753 0.576 0.494
v 0.215689 0.568733 0.038433 0.910 0.706 0.584
v 0.479683 -0.170633 -0.366983 0.898 0.733 0.600
v 0.531372 -0.203746 -0.351535 0.929 0.761 0.596
v -0.378129 -0.920236 -0.032111 0.059 0.043 0.039
v 0.057676 0.251722 -0.004727 0.671 0.463 0.388
v -0.673675 -0.194703 -0.249473 0.906 0.745 0.576
v 0.123479 0.630999 0.090650 0.953 0.776 0.678
v -0.515896 -0.601589 -0.031153 0.047 0.031 0.027
v 0.255484 0.158463 -0.376668 0.847 0.663 0.494
v -0.419639 -0.382679 -0.078010 0.047 0.039 0.031
v -0.270834 -0.076548 -0.235635 0.035 0.027 0.020
v 0.651575 -0.846164 -0.380967 0.847 0.631 0.475
v -0.016957 0.101598 -0.255593 0.898 0.737 0.573
v 0.115210 -0.571729 -0.006865 0.051 0.035 0.031
v 0.188192 -0.604669 -0.005475 0.059 0.043 0.035
v -0.754453 -0.307341 -0.259969 0.882 0.714 0.557
v -0.147186 0.905492 -0.259170 0.224 0.169 0.114
v 0.035452 0.721530 0.108589 0.486 0.341 0.255
v -0.122011 0.395496 -0.308833 0.757 0.561 0.420
v 0.441980 0.914658 -0.140821 0.486 0.384 0.302
v -0.406106 -0.516397 -0.001133 0.047 0.039 0.039
v 0.522011 -0.371992 -0.287809 0.937 0.776 0.604
v 0.579916 -0.188135 -0.370242 0.906 0.725 0.557
v -0.892077 -0.473050 -0.360972 0.627 0.475 0.357
v 0.664736 -0.492858 -0.338943 0.882 0.718 0.537
v 0.040699 0.667677 0.057615 0.694 0.502 0.420
v 0.088458 -0.924517 -0.015937 0.039 0.031 0.035
v -0.571752 -0.679639 -0.113548 0.024 0.020 0.012
v 0.430905 -1.008607 -0.256772 0.749 0.573 0.467
v 0.429386 0.735736 -0.178760 0.514 0.388 0.298
v 0.213074 0.002097 -0.342728 0.859 0.698 0.553
v -0.635703 -0.055583 -0.274714 0.957 0.792 0.635
v 0.344162 0.744795 0.026104 0.890 0.718 0.612
v -0.766566 -0.087214 -0.314666 0.816 0.655 0.525
v -0.073930 0.178148 -0.265287 0.812 0.651 0.502
v -0.181106 -0.816337 0.018106 0.063 0.055 0.059
v -0.048055 0.225594 -0.247487 0.714 0.569 0.435
v 0.525230 -0.774127 -0.295016 0.867 0.675 0.525
v -0.104075 0.954612 -0.114205 0.455 0.345 0.263
v 0.603090 -0.334874 -0.312825 0.929 0.776 0.616
v 0.187740 0.263881 -0.086639 0.659 0.506 0.404
v -0.911033 -0.489559 -0.416558 0.569 0.424 0.298
v 0.372339 0.899325 0.010441 0.808 0.639 0.537
v -0.345463 -0.562892 0.034873 0.051 0.039 0.035
v -0.090443 -0.822107 0.017540 0.055 0.047 0.051
v 0.404779 0.669405 -0.169522 0.624 0.486 0.392
v 0.117159 0.319235 0.013638 0.898 0.706 0.604
v 0.479462 -0.301057 -0.289447 0.949 0.796 0.627
v 0.394039 1.020935 -0.119418 0.392 0.337 0.286
v -0.463604 -0.460351 -0.055648 0.055 0.043 0.039
v 0.058104 0.034630 -0.268689 0.910 0.749 0.596
v 0.501370 -1.056422 -0.290031 0.871 0.675 0.545
v -0.004149 0.669178 0.047581 0.161 0.090 0.063
v -0.092929 0.900299 -0.037527 0.600 0.443 0.353
v 0.404287 -0.376254 -0.203053 0.051 0.039 0.031
v -0.126943 -0.955342 -0.009693 0.035 0.031 0.024
v 0.262375 -0.600076 -0.040378 0.051 0.043 0.035
v -0.773301 -0.582157 -0.268331 0.851 0.678 0.545
v 0.629694 -0.154612 -0.435573 0.898 0.718 0.569
v 0.383841 -0.863182 -0.236846 0.137 0.118 0.102
v 0.100046 0.556610 0.126794 0.969 0.780 0.694
v 0.128466 -0.757802 0.046493 0.094 0.078 0.082
v -0.156069 -0.167162 -0.181624 0.055 0.047 0.039
v 0.426245 0.805322 -0.117799 0.620 0.490 0.404
v -0.007157 0.416467 0.012750 0.514 0.329 0.235
v 0.073298 0.225624 -0.202474 0.486 0.361 0.271
v 0.506237 -0.095487 -0.467273 0.855 0.667 0.533
v -0.527169 -0.547794 -0.071388 0.051 0.051 0.051
v 0.194402 0.076878 -0.311667 0.875 0.718 0.557
v -0.112726 -0.728645 0.032105 0.063 0.051 0.059
v -0.057980 0.559982 0.014651 0.898 0.702 0.584
v -0.765877 -0.039530 -0.365514 0.761 0.573 0.443
v 0.510130 -0.134769 -0.407164 0.914 0.733 0.576
v 0.051153 0.985765 0.057183 0.835 0.635 0.529
v 0.308437 0.396682 -0.159501 0.737 0.580 0.463
v 0.449406 -0.598485 -0.260897 0.082 0.063 0.039
v -0.032710 -0.274527 -0.146058 0.055 0.047 0.035
v -0.076416 1.023904 -0.111324 0.424 0.314 0.227
v -0.075988 -0.422689 -0.069158 0.051 0.043 0.039
v 0.676860 -0.409645 -0.343176 0.890 0.725 0.557
v -0.463271 -0.718786 0.012998 0.047 0.039 0.035
v 0.233584 -0.509439 -0.069603 0.047 0.039 0.035
v -0.304610 -0.457139 -0.024710 0.051 0.039 0.035
v -0.026848 -0.756207 0.032996 0.090 0.082 0.082
v 0.271367 0.940678 0.067365 0.902 0.706 0.608
v -0.181735 -0.896207 0.003433 0.035 0.031 0.027
v -0.148690 0.156011 -0.339382 0.698 0.525 0.376
v 0.272059 0.107258 -0.418052 0.867 0.675 0.498
v -0.128416 0.473790 -0.207278 0.663 0.490 0.380
v 0.181175 -0.408255 -0.105361 0.047 0.039 0.031
v -0.157918 0.828605 -0.259037 0.235 0.173 0.114
v -0.237347 0.036085 -0.343416 0.886 0.702 0.545
v 0.322479 0.513026 -0.038987 0.847 0.659 0.529
v -0.528047 -0.887893 -0.120095 0.086 0.055 0.047
v -0.652769 -0.011912 -0.305606 0.941 0.765 0.608
v -0.120810 0.556603 -0.073706 0.729 0.549 0.455
v -0.074413 0.660328 0.003066 0.839 0.643 0.522
v 0.058622 0.552389 0.091201 0.749 0.553 0.475
v 0.308393 0.718096 0.066428 0.894 0.722 0.627
v -0.167985 -0.436397 -0.053789 0.051 0.039 0.035
v -0.689838 -0.280891 -0.239695 0.894 0.725 0.565
v -0.609032 -0.687160 -0.189305 0.035 0.031 0.024
v 0.317209 0.966337 0.035728 0.580 0.451 0.357
v -0.021251 0.278641 -0.052926 0.675 0.502 0.420
v 0.196053 1.036960 0.031555 0.298 0.243 0.169
v 0.051239 -0.768241 0.041605 0.086 0.071 0.067
v 0.136435 -0.090223 -0.268736 0.941 0.757 0.596
v -0.615734 -0.480713 -0.223597 0.588 0.443 0.318
v 0.524105 -0.551991 -0.273689 0.890 0.710 0.541
v -0.570146 0.002148 -0.325509 0.945 0.765 0.608
v 0.566536 -0.844879 -0.327833 0.871 0.675 0.522
v -0.023162 0.853119 0.064642 0.878 0.710 0.616
v 0.274511 0.457186 -0.011896 0.894 0.702 0.604
v 0.246637 -0.662015 -0.004106 0.059 0.043 0.035
v -0.130367 0.860641 -0.127879 0.478 0.357 0.275
v 0.064750 1.078521 -0.044372 0.267 0.196 0.122
v 0.061917 0.899501 0.098328 0.937 0.757 0.651
v -0.744610 -0.233437 -0.267261 0.890 0.718 0.561
v 0.108456 0.932665 0.096206 0.965 0.788 0.682
v 0.359717 -0.137439 -0.334163 0.035 0.035 0.020
v 0.287530 -1.095573 -0.190639 0.220 0.188 0.176
v -0.448185 0.057613 -0.421350 0.047 0.031 0.027
v 0.369157 0.596512 -0.128458 0.816 0.624 0.494
v 0.292471 -0.522378 -0.089439 0.043 0.039 0.027
v -0.456285 -0.257296 -0.153179 0.043 0.035 0.027
v -0.223324 0.078763 -0.369761 0.878 0.698 0.522
v -0.037853 -0.848994 0.013265 0.059 0.051 0.051
v -0.253645 -0.762645 0.046783 0.098 0.086 0.090
v -0.738466 -0.788215 -0.225325 0.824 0.635 0.514
v -0.391841 -0.766146 0.026244 0.075 0.059 0.055
v 0.540687 -0.590396 -0.283838 0.886 0.714 0.549
v -0.428888 -0.145680 -0.212804 0.039 0.035 0.024
v 0.606078 -0.380392 -0.312869 0.929 0.769 0.596
v -0.126894 0.963651 -0.204403 0.314 0.247 0.184
v 0.286158 -0.947760 -0.113551 0.122 0.110 0.090
v -0.196398 -0.486513 -0.020950 0.059 0.043 0.039
v -0.659797 -0.240481 -0.237256 0.902 0.741 0.573
v 0.259794 0.228544 -0.340577 0.820 0.643 0.482
v -0.246466 -0.264410 -0.133549 0.043 0.035 0.027
v -0.032514 -0.626888 0.020544 0.051 0.039 0.035
v 0.462098 0.934741 -0.204932 0.290 0.212 0.145
v 0.056207 0.433337 0.069107 0.929 0.745 0.647
v 0.023297 -0.889905 0.002408 0.063 0.055 0.055
v -0.458778 -0.398687 -0.083343 0.051 0.035 0.027
v 0.389776 0.612099 -0.202886 0.690 0.510 0.412
v -0.631619 -0.333539 -0.212927 0.855 0.682 0.525
v -0.214560 -0.071252 -0.217130 0.059 0.043 0.031
v -0.018640 -0.707784 0.036661 0.067 0.055 0.055
v -0.456352 -0.521675 -0.017850 0.055 0.043 0.035
v 0.399320 0.482691 -0.297967 0.698 0.463 0.341
v -0.202846 -0.030522 -0.257949 0.918 0.722 0.569
v -0.164905 -0.700470 0.037723 0.075 0.067 0.075
v -0.104327 -0.594806 0.010444 0.059 0.047 0.039
v 0.409819 0.905734 -0.059353 0.733 0.573 0.475
v 0.337811 -0.073305 -0.384508 0.047 0.035 0.024
v 0.381827 -0.991182 -0.272551 0.282 0.227 0.173
v -0.682931 -0.736195 -0.286928 0.518 0.408 0.325
v 0.216263 0.836439 0.112491 0.949 0.773 0.671
v -0.893372 -0.399033 -0.384396 0.596 0.443 0.314
v -0.496854 -0.705500 -0.009018 0.102 0.086 0.082
v -0.922563 -0.596477 -0.382735 0.608 0.455 0.333
v 0.052535 -1.032886 -0.051385 0.043 0.039 0.035
v 0.317142 -1.021386 -0.224827 0.133 0.110 0.110
v 0.431455 1.016739 -0.197693 0.298 0.224 0.161
v -0.007973 0.989915 0.017969 0.725 0.561 0.467
v 0.650507 -0.439991 -0.329744 0.910 0.741 0.569
v 0.567077 -0.261748 -0.319709 0.949 0.792 0.631
v -0.083410 0.819553 0.004853 0.765 0.604 0.506
v 0.306565 -0.847291 -0.062805 0.086 0.071 0.063
v 0.222710 0.089467 -0.340568 0.835 0.675 0.522
v -0.092122 0.372559 -0.248452 0.655 0.475 0.349
v 0.118439 0.096622 -0.267256 0.906 0.745 0.584
v -0.278650 0.005698 -0.293043 0.039 0.024 0.012
v -0.775728 -0.500201 -0.266854 0.847 0.678 0.541
v -0.142970 0.697206 -0.305700 0.404 0.180 0.114
v -0.053269 0.449135 -0.015530 0.788 0.612 0.529
v -0.134083 0.559029 -0.179240 0.725 0.545 0.455
v -0.171714 0.023646 -0.312282 0.859 0.675 0.518
v 0.039570 -0.311771 -0.138470 0.047 0.043 0.035
v 0.260048 -0.054857 -0.342697 0.729 0.565 0.498
v 0.472740 -0.744810 -0.280690 0.757 0.580 0.447
v -0.518434 0.054804 -0.407746 0.898 0.702 0.557
v -0.138321 0.649183 -0.157159 0.718 0.518 0.424
v 0.383905 -0.715631 -0.126725 0.059 0.047 0.039
v -0.829919 -0.562125 -0.293232 0.831 0.655 0.514
v -0.729229 -0.270722 -0.255390 0.890 0.725 0.565
v -0.694103 -0.610985 -0.253043 0.792 0.624 0.498
v -0.152449 0.073430 -0.318300 0.835 0.659 0.506
v 0.178124 0.272400 -0.046541 0.871 0.686 0.573
v 0.526377 -0.882215 -0.300623 0.867 0.663 0.510
v 0.061480 0.375524 0.045432 0.804 0.388 0.357
v -0.439646 -0.317138 -0.115372 0.051 0.039 0.031
v -0.805770 -0.361177 -0.280057 0.843 0.678 0.533
v 0.354989 0.565517 -0.103782 0.808 0.620 0.486
v 0.378244 -1.076619 -0.273813 0.392 0.314 0.255
v 0.387212 -0.204425 -0.290984 0.035 0.031 0.016
v -0.130145 -0.285724 -0.132798 0.043 0.039 0.031
v 0.465751 -0.439429 -0.227706 0.918 0.733 0.557
v -0.602798 0.047718 -0.387780 0.922 0.714 0.569
v 0.347919 0.521683 -0.160550 0.769 0.596 0.475
v -0.808541 -0.132919 -0.349661 0.718 0.529 0.420
v -0.672878 -0.323513 -0.226793 0.886 0.722 0.561
v -0.218160 -0.368379 -0.082931 0.047 0.039 0.031
v -0.554507 -0.289797 -0.175744 0.067 0.051 0.039
v 0.362878 -0.946823 -0.259773 0.149 0.129 0.114
v 0.178914 -0.277258 -0.176822 0.043 0.035 0.027
v -0.569256 -0.725832 -0.124612 0.043 0.035 0.035
v -0.131939 0.332887 -0.334138 0.706 0.514 0.369
v 0.329619 0.460058 -0.155404 0.792 0.627 0.502
v 0.454063 0.850713 -0.177551 0.310 0.227 0.157
v -0.500218 -0.794395 -0.050071 0.075 0.059 0.055
v -0.941481 -0.602652 -0.446938 0.557 0.412 0.298
v -0.709082 -0.525074 -0.246806 0.855 0.682 0.545
v -0.033971 0.278536 -0.094647 0.596 0.435 0.329
v -0.448455 -0.207978 -0.177734 0.035 0.031 0.024
v -0.147018 0.248801 -0.370765 0.706 0.518 0.373
v 0.157363 0.997310 0.068664 0.569 0.427 0.333
v -0.839029 -0.198425 -0.370126 0.690 0.510 0.373
v 0.354758 -0.032331 -0.449865 0.125 0.098 0.094
v 0.167844 -0.313026 -0.154965 0.043 0.035 0.027
v -0.852058 -0.409905 -0.312727 0.784 0.620 0.494
v -0.093387 1.039711 -0.205867 0.294 0.227 0.173
v -0.476180 -0.572464 -0.006813 0.047 0.039 0.031
v 0.384542 -0.613174 -0.139924 0.075 0.067 0.067
v 0.343329 -0.000862 -0.486092 0.145 0.125 0.110
v 0.213714 -0.738133 0.027147 0.075 0.059 0.055
v 0.361810 -0.271674 -0.236907 0.039 0.035 0.024
v 0.675396 -0.286015 -0.343109 0.918 0.757 0.592
v 0.429910 0.987591 -0.157539 0.345 0.278 0.216
v 0.294809 1.007658 0.013496 0.349 0.278 0.196
v 0.090895 0.982977 0.069322 0.867 0.682 0.584
v -0.735019 -0.575003 -0.256639 0.851 0.678 0.537
v -0.915935 -0.553102 -0.388421 0.600 0.447 0.325
v 0.136495 0.029881 -0.290535 0.890 0.725 0.569
v -0.258061 -0.532512 0.014487 0.051 0.043 0.035
v -0.729019 -0.738228 -0.266682 0.792 0.616 0.502
v 0.413720 -0.423770 -0.190459 0.059 0.051 0.039
v 0.516790 -0.468784 -0.268685 0.902 0.725 0.549
v -0.885375 -0.433665 -0.355213 0.635 0.471 0.345
v 0.227498 -0.815374 0.010580 0.067 0.059 0.051
v -0.392696 -0.629996 0.045902 0.059 0.051 0.051
v -0.791051 -0.310586 -0.276562 0.859 0.686 0.533
v -0.320656 -0.526262 0.018968 0.047 0.035 0.031
v 0.229980 -1.094292 -0.129174 0.035 0.024 0.016
v -0.795367 -0.185309 -0.307911 0.824 0.643 0.490
v 0.144834 0.200379 -0.237655 0.922 0.765 0.612
v 0.617123 -0.538078 -0.317788 0.906 0.741 0.576
v 0.183326 -0.037327 -0.320369 0.867 0.694 0.533
v -0.235810 -0.886328 0.006098 0.043 0.035 0.027
v -0.076703 -0.080993 -0.232349 0.953 0.749 0.588
v 0.593215 -0.133936 -0.443088 0.898 0.710 0.553
v 0.466337 -0.395015 -0.243219 0.922 0.745 0.565
v -0.672016 -0.404497 -0.229044 0.867 0.710 0.553
v 0.138373 -0.015081 -0.298185 0.890 0.718 0.557
v -0.716040 -0.198685 -0.260203 0.894 0.733 0.569
v 0.298700 -0.445356 -0.123569 0.051 0.047 0.039
v 0.017746 -0.953705 -0.023273 0.059 0.055 0.047
v -0.371231 -0.299999 -0.112315 0.047 0.035 0.027
v 0.401358 -0.831825 -0.258543 0.102 0.086 0.082
v -0.199298 -0.201286 -0.167394 0.043 0.035 0.024
v -0.342331 -0.497918 0.000499 0.047 0.039 0.031
v -0.008669 -0.140108 -0.202197 0.102 0.063 0.055
v 0.312942 -1.081752 -0.250708 0.118 0.110 0.114
v -0.313335 0.047749 -0.358057 0.043 0.027 0.020
v 0.291258 -0.342625 -0.168446 0.047 0.039 0.027
v -0.444879 -0.597511 0.018802 0.055 0.043 0.043
v 0.101817 -0.619528 0.017104 0.055 0.047 0.039
v -0.032148 0.704163 0.057395 0.463 0.263 0.165
v -0.352645 -0.103055 -0.239723 0.039 0.035 0.027
v -0.808406 -0.264157 -0.295418 0.831 0.655 0.494
v 0.651877 -0.182322 -0.407558 0.890 0.714 0.549
v -0.875347 -0.297420 -0.378583 0.655 0.475 0.345
v -0.798054 -0.447637 -0.275461 0.835 0.678 0.541
v 0.178260 -0.699356 0.034200 0.067 0.055 0.047
v 0.179488 -1.051278 -0.093271 0.031 0.027 0.020
v -0.594687 -0.867109 -0.189538 0.231 0.345 0.204
v -0.635817 0.035483 -0.368375 0.910 0.706 0.565
v -0.623649 -0.601857 -0.212787 0.024 0.016 0.008
v 0.052078 -0.392568 -0.101483 0.047 0.039 0.031
v 0.641830 -0.337113 -0.322105 0.922 0.765 0.604
v 0.366331 -0.677141 -0.107843 0.055 0.043 0.031
v 0.199846 0.647779 0.049227 0.569 0.388 0.294
v 0.358120 0.644392 -0.057690 0.867 0.694 0.573
v -0.092018 0.040912 -0.280609 0.890 0.714 0.561
v -0.272041 -0.587128 0.039982 0.051 0.043 0.035
v 0.087731 0.510109 0.154629 0.949 0.769 0.682
v -0.884509 -0.363306 -0.369874 0.635 0.471 0.349
v -0.270470 -0.798573 0.035504 0.063 0.059 0.051
v -0.891509 -0.532287 -0.347545 0.667 0.514 0.384
v 0.124367 -0.239994 -0.184634 0.055 0.051 0.035
v 0.448685 0.708989 -0.292651 0.235 0.157 0.098
v 0.222125 0.425190 0.014719 0.890 0.725 0.627
v -0.137213 0.700394 -0.153996 0.745 0.565 0.475
v 0.707874 -0.339681 -0.363775 0.867 0.690 0.529
v -0.218824 -0.535155 0.009163 0.055 0.047 0.039
v -0.129481 0.493574 -0.160122 0.741 0.557 0.467
v -0.147004 -0.406965 -0.071272 0.047 0.039 0.031
v 0.170565 0.721736 0.125658 0.937 0.765 0.663
v 0.379617 -0.089170 -0.393928 0.051 0.047 0.031
v -0.016911 0.059720 -0.263301 0.906 0.737 0.569
v 0.000275 1.109321 -0.176814 0.247 0.192 0.141
v 0.034812 -0.455821 -0.064847 0.059 0.043 0.035
v 0.366205 1.021499 -0.071275 0.278 0.227 0.169
v -0.005934 -1.041566 -0.039709 0.039 0.035 0.027
v 0.362173 0.953680 0.005606 0.592 0.459 0.349
v -0.188661 -0.240609 -0.149477 0.043 0.035 0.031
v 0.276492 1.067880 -0.047710 0.298 0.251 0.176
v 0.397949 -0.071444 -0.440199 0.129 0.114 0.118
v -0.599698 -0.284673 -0.201170 0.851 0.671 0.502
v -0.675552 -0.459841 -0.235912 0.878 0.722 0.573
v 0.664930 -0.576987 -0.347237 0.875 0.706 0.533
v -0.066193 -0.529391 -0.017357 0.051 0.043 0.035
v 0.669927 -0.648427 -0.361815 0.831 0.659 0.502
v 0.398580 0.516447 -0.276508 0.859 0.639 0.514
v 0.267436 0.344466 -0.273491 0.780 0.612 0.467
v -0.193515 0.741044 -0.324631 0.765 0.471 0.392
v -0.411687 -0.809836 -0.003403 0.098 0.078 0.082
v 0.334102 0.662881 0.015131 0.863 0.690 0.592
v 0.231484 0.331855 -0.065921 0.882 0.694 0.580
v 0.271822 -0.126075 -0.291247 0.043 0.035 0.024
v -0.146201 -0.246382 -0.150227 0.043 0.035 0.027
v 0.102907 0.766136 0.126262 0.953 0.776 0.678
v -0.159324 -0.661833 0.035144 0.059 0.043 0.047
v 0.337301 -0.651497 -0.080039 0.047 0.031 0.031
v -0.592936 -0.628223 -0.153209 0.027 0.020 0.020
v 0.379715 0.726224 -0.057824 0.835 0.671 0.553
v 0.285921 0.360502 -0.192356 0.651 0.518 0.416
v 0.046886 0.501337 0.091509 0.792 0.584 0.506
v 0.580076 -0.714047 -0.320206 0.875 0.690 0.533
v -0.147081 -0.092899 -0.201886 0.078 0.047 0.035
v 0.127432 0.856353 0.119675 0.961 0.784 0.682
v 0.313607 -0.496948 -0.110088 0.051 0.043 0.039
v 0.654763 -0.530582 -0.336566 0.898 0.729 0.553
v -0.537964 -0.357372 -0.151840 0.059 0.035 0.031
v 0.452671 0.745935 -0.246893 0.278 0.200 0.137
v -0.116006 0.436147 -0.293034 0.718 0.522 0.384
v 0.344451 0.527998 -0.119253 0.757 0.592 0.478
v -0.175439 0.093426 -0.346572 0.784 0.612 0.459
v 0.574492 -0.759930 -0.323909 0.863 0.675 0.525
v 0.060286 -0.955466 -0.029621 0.039 0.035 0.031
v 0.511890 -0.733632 -0.284252 0.859 0.667 0.518
v 0.323312 -0.235216 -0.244898 0.035 0.031 0.020
v -0.200116 0.663557 -0.329009 0.788 0.522 0.435
v 0.233918 -0.471627 -0.086937 0.047 0.043 0.031
v 0.394478 0.549894 -0.300306 0.969 0.749 0.647
v -0.495281 -0.187756 -0.192708 0.075 0.067 0.047
v 0.243988 0.703432 0.107737 0.565 0.412 0.318
v -0.718316 -0.062041 -0.289995 0.902 0.737 0.584
v -0.223944 -0.136584 -0.197245 0.039 0.035 0.027
v -0.037970 0.407507 -0.013320 0.757 0.580 0.482
v -0.366097 -0.362970 -0.079695 0.047 0.031 0.027
v 0.732753 -0.267930 -0.448226 0.824 0.639 0.482
v -0.561635 -0.594781 -0.109515 0.024 0.020 0.012
v -0.625577 0.007250 -0.326223 0.933 0.737 0.580
v 0.256772 0.661360 0.066850 0.600 0.416 0.310
v 0.176667 -0.092725 -0.274398 0.894 0.710 0.553
v 0.208802 1.075670 -0.022536 0.271 0.212 0.137
v -0.185666 0.767817 -0.281651 0.867 0.612 0.502
v 0.000215 -0.209101 -0.179581 0.059 0.047 0.039
v -0.146718 0.844764 -0.197612 0.333 0.255 0.192
v 0.106645 0.710783 0.120727 0.910 0.737 0.635
v 0.059078 -0.193564 -0.195437 0.051 0.035 0.027
v 0.396135 0.575019 -0.245721 0.906 0.694 0.561
v 0.297698 0.006421 -0.423746 0.890 0.722 0.561
v 0.616475 -0.611964 -0.326948 0.882 0.714 0.545
v 0.375406 0.587424 -0.177005 0.780 0.596 0.478
v -0.140143 0.584987 -0.254670 0.718 0.522 0.431
v 0.544548 -0.520500 -0.280976 0.914 0.745 0.576
v -0.235007 -0.330899 -0.100856 0.043 0.039 0.027
v -0.383150 -0.215126 -0.164778 0.039 0.035 0.024
v 0.696349 -0.200903 -0.460970 0.839 0.655 0.498
v 0.059849 0.779709 0.119132 0.945 0.765 0.675
v -0.446100 0.069998 -0.463345 0.082 0.067 0.067
v 0.173181 -0.448966 -0.082177 0.055 0.039 0.035
v -0.092753 0.518473 -0.037236 0.761 0.584 0.498
v 0.031664 0.235278 -0.070735 0.573 0.388 0.290
v -0.363869 -0.159257 -0.201187 0.039 0.035 0.024
v 0.166250 0.358766 -0.001904 0.902 0.722 0.616
v 0.228856 0.381733 -0.020246 0.898 0.718 0.612
v -0.390745 -0.484720 -0.015863 0.047 0.031 0.027
v -0.441260 -0.677659 0.031099 0.059 0.051 0.051
v 0.148043 -0.198977 -0.208298 0.043 0.039 0.027
v 0.330713 0.500869 -0.093201 0.761 0.576 0.463
v -0.080937 0.114376 -0.273538 0.835 0.667 0.518
v -0.258036 -0.010459 -0.265448 0.055 0.035 0.024
v -0.876789 -0.499715 -0.334192 0.710 0.553 0.420
v -0.105676 -0.645614 0.025267 0.055 0.039 0.039
v 0.233054 -0.290852 -0.181557 0.047 0.043 0.031
v 0.371313 -0.856115 -0.171539 0.149 0.141 0.133
v -0.430382 0.030484 -0.364200 0.031 0.024 0.016
v -0.158272 0.762054 -0.217664 0.400 0.294 0.224
v -0.005068 0.600749 0.036892 0.925 0.729 0.600
v 0.103039 0.433994 0.071885 0.906 0.698 0.604
v -0.756075 -0.853294 -0.181168 0.812 0.631 0.506
v -0.017792 0.141420 -0.248911 0.843 0.686 0.533
v 0.356771 -0.812122 -0.100685 0.090 0.078 0.078
v 0.258359 -1.057585 -0.144474 0.055 0.047 0.039
v -0.387989 -0.713954 0.047471 0.047 0.035 0.035
v -0.093054 0.310327 -0.272044 0.761 0.588 0.439
v -0.087385 0.584262 -0.003068 0.863 0.651 0.549
v 0.486752 -0.473262 -0.246227 0.839 0.655 0.471
v 0.360662 0.545426 -0.187111 0.765 0.588 0.467
v 0.607310 -0.213812 -0.351528 0.925 0.749 0.584
v 0.412955 -0.049916 -0.507729 0.125 0.118 0.122
v -0.200150 0.143114 -0.398918 0.784 0.596 0.424
v 0.432990 0.673421 -0.243119 0.325 0.216 0.129
v 0.244287 1.000733 0.046502 0.392 0.306 0.216
v 0.595248 -0.461844 -0.306658 0.925 0.761 0.588
v -0.548684 -0.856045 -0.124897 0.051 0.039 0.027
v -0.338487 0.110484 -0.523581 0.106 0.082 0.082
v 0.429529 0.947072 -0.120926 0.435 0.337 0.259
v 0.177008 0.043416 -0.309943 0.890 0.733 0.569
v 0.327340 1.074340 -0.102361 0.294 0.224 0.145
v -0.560538 0.035454 -0.367342 0.945 0.753 0.600
v 0.648784 -0.155762 -0.467505 0.859 0.675 0.525
v 0.481919 -0.915135 -0.264838 0.851 0.651 0.510
v -0.558290 -0.328134 -0.171827 0.059 0.047 0.039
v 0.010032 -0.248031 -0.164390 0.043 0.035 0.027
v -0.057361 -0.892769 0.000921 0.043 0.035 0.031
v 0.161132 0.509442 0.062238 0.871 0.651 0.565
v 0.100617 0.667581 0.090295 0.741 0.573 0.475
v 0.380561 0.538765 -0.236591 0.859 0.655 0.518
v -0.128748 0.579692 -0.102350 0.698 0.518 0.416
v -0.338093 -0.927277 -0.018883 0.055 0.039 0.043
v -0.162667 0.802052 -0.285053 0.369 0.247 0.173
v -0.269402 0.118638 -0.444063 0.816 0.627 0.475
v 0.596856 -0.568690 -0.310941 0.894 0.725 0.561
v -0.165798 -0.311929 -0.116799 0.047 0.039 0.035
v -0.095014 0.736941 -0.010432 0.776 0.624 0.533
v -0.132823 0.640968 -0.102871 0.757 0.573 0.455
v 0.334550 -0.906181 -0.139597 0.114 0.090 0.082
v -0.729797 -0.452819 -0.246088 0.859 0.694 0.553
v 0.119325 -0.659682 0.031894 0.063 0.047 0.043
v 0.680076 -0.372586 -0.342930 0.886 0.722 0.553
v -0.164582 -0.785628 0.030811 0.094 0.090 0.082
v 0.347242 -0.306342 -0.213593 0.039 0.031 0.016
v -0.051510 0.487699 0.000914 0.796 0.604 0.514
v 0.012563 -0.568587 -0.003215 0.051 0.035 0.031
v -0.096184 -0.113228 -0.198834 0.361 0.294 0.267
v -0.032813 -0.472570 -0.047267 0.051 0.043 0.035
v -0.146505 0.718121 -0.195974 0.541 0.400 0.322
v 0.276584 0.428106 -0.041533 0.855 0.678 0.569
v 0.249786 -0.321144 -0.167981 0.047 0.043 0.035
v 0.074360 -0.287071 -0.153863 0.047 0.039 0.035
v 0.296324 -0.889644 -0.079932 0.102 0.090 0.075
v -0.069632 0.388672 -0.071139 0.737 0.561 0.482
v 0.431337 0.553530 -0.306281 0.957 0.718 0.612
v 0.102958 -0.497628 -0.045153 0.051 0.039 0.031
v -0.422270 -0.106319 -0.237835 0.039 0.035 0.024
v 0.446697 -0.660530 -0.283581 0.412 0.302 0.220
v 0.200953 -0.220717 -0.210843 0.047 0.035 0.024
v -0.031510 -0.334797 -0.119301 0.043 0.035 0.027
v 0.305710 0.580356 0.004378 0.914 0.725 0.584
v 0.062163 0.111667 -0.245988 0.875 0.706 0.565
v 0.370919 -0.743983 -0.106579 0.063 0.043 0.039
v -0.413489 -0.873243 -0.037895 0.086 0.063 0.063
v 0.353955 -1.013969 -0.281049 0.157 0.133 0.102
v -0.597960 -0.663808 -0.160564 0.027 0.024 0.016
v 0.051101 0.613511 0.053493 0.843 0.659 0.541
v 0.009200 0.251962 -0.204640 0.565 0.427 0.322
v 0.410015 0.736017 -0.126533 0.753 0.600 0.498
v -0.033777 0.783669 0.074467 0.882 0.714 0.627
v 0.300139 0.358301 -0.344151 0.776 0.604 0.455
v -0.129625 0.485251 -0.340644 0.722 0.537 0.424
v -0.263453 -0.229399 -0.151876 0.047 0.039 0.031
v -0.540735 -0.754194 -0.084116 0.047 0.043 0.039
v 0.110699 0.051050 -0.274749 0.906 0.753 0.584
v -0.119702 -0.182375 -0.176821 0.051 0.035 0.031
v 0.295638 -0.402098 -0.141024 0.043 0.039 0.031
v -0.085324 -0.330036 -0.115716 0.043 0.035 0.027
v -0.918471 -0.648627 -0.355320 0.737 0.545 0.400
v 0.238369 -0.969410 -0.087887 0.090 0.071 0.055
v 0.210732 0.922607 0.092413 0.949 0.769 0.655
v 0.203514 0.258294 -0.248388 0.886 0.729 0.576
v 0.156610 0.886585 0.113837 0.969 0.792 0.690
v 0.000854 0.892685 0.070887 0.890 0.714 0.616
v -0.435166 0.004198 -0.330325 0.039 0.035 0.024
v 0.551001 -0.152824 -0.401446 0.914 0.733 0.573
v -0.133145 0.412326 -0.345016 0.725 0.529 0.392
v -0.117861 0.234305 -0.301166 0.741 0.576 0.427
v 0.263718 0.358171 -0.084141 0.863 0.682 0.557
v -0.473454 -0.330610 -0.120507 0.051 0.035 0.027
v 0.141163 1.066654 -0.006123 0.294 0.227 0.157
v 0.429696 -1.044973 -0.260490 0.765 0.588 0.482
v -0.401131 -0.554777 0.018981 0.047 0.035 0.035
v 0.241834 0.209551 -0.313561 0.851 0.678 0.514
v 0.581965 -0.411788 -0.304533 0.937 0.769 0.596
v -0.381860 0.031178 -0.374061 0.027 0.024 0.020
v -0.072570 -0.232267 -0.160809 0.055 0.047 0.039
v 0.421680 -0.644387 -0.217727 0.078 0.055 0.059
v 0.270567 -0.788005 -0.007874 0.082 0.075 0.071
v 0.155784 0.252511 -0.209386 0.757 0.620 0.494
v 0.408396 -0.712155 -0.204933 0.063 0.047 0.047
v -0.178538 0.608294 -0.291914 0.776 0.549 0.471
v 0.251449 -0.904229 -0.053333 0.071 0.055 0.047
v 0.122163 1.002482 0.061304 0.592 0.455 0.349
v -0.118738 -0.471361 -0.040879 0.055 0.039 0.035
v 0.002120 0.340130 -0.006817 0.847 0.667 0.569
v -0.412452 -0.054996 -0.279344 0.031 0.027 0.016
v -0.849244 -0.336437 -0.318005 0.753 0.584 0.447
v 0.400632 -0.912474 -0.270677 0.396 0.294 0.235
v 0.485189 -0.835462 -0.279233 0.827 0.627 0.486
v -0.836463 -0.514588 -0.298970 0.816 0.651 0.510
v -0.377380 -0.007094 -0.318837 0.035 0.027 0.020
v 0.455854 -0.097205 -0.408795 0.067 0.063 0.047
v 0.020098 1.088677 -0.105627 0.208 0.153 0.090
v 0.130574 -0.119187 -0.240229 0.902 0.725 0.627
v 0.349039 0.575182 -0.069461 0.835 0.631 0.486
v 0.561450 -0.647602 -0.301483 0.890 0.725 0.557
v 0.387462 0.701022 -0.097566 0.812 0.651 0.518
v 0.244296 0.265274 -0.287738 0.882 0.706 0.553
v 0.028853 -0.143323 -0.206437 0.098 0.071 0.063
v -0.084583 0.756039 0.020882 0.576 0.427 0.345
v 0.521731 -0.974907 -0.291247 0.871 0.667 0.522
v 0.235149 -0.072215 -0.313198 0.639 0.494 0.424
v -0.167018 -0.035105 -0.257637 0.902 0.702 0.549
v 0.126066 0.479656 0.120257 0.706 0.478 0.431
v 0.181173 0.304280 -0.028961 0.902 0.737 0.620
v 0.345925 -0.387585 -0.172025 0.047 0.039 0.031
v 0.369013 0.493745 -0.256502 0.929 0.745 0.624
v 0.039521 -0.593210 0.006511 0.051 0.039 0.039
v -0.725172 -0.018793 -0.332906 0.851 0.659 0.518
v -0.702567 -0.089972 -0.269809 0.914 0.757 0.592
v 0.426082 0.836904 -0.100493 0.663 0.518 0.427
v -0.120413 -0.223813 -0.161517 0.047 0.035 0.027
v 0.438881 -0.445954 -0.203604 0.102 0.086 0.082
v 0.512617 -0.228154 -0.332636 0.945 0.788 0.624
v 0.291190 0.871220 0.076780 0.929 0.741 0.627
v -0.686783 -0.848735 -0.159735 0.722 0.561 0.459
v 0.437539 -0.079600 -0.434718 0.133 0.110 0.118
v -0.101716 -0.053544 -0.246658 0.933 0.722 0.549
v 0.391668 1.000603 -0.089659 0.380 0.306 0.239
v 0.394566 -0.343398 -0.214045 0.094 0.078 0.067
v 0.420636 -0.753036 -0.259440 0.039 0.020 0.016
v 0.497924 -0.391798 -0.269461 0.922 0.749 0.573
v -0.282654 -0.384681 -0.067853 0.047 0.039 0.031
v -0.707406 -0.796143 -0.241203 0.698 0.541 0.443
v -0.264966 0.090235 -0.401611 0.859 0.675 0.514
v -0.110979 0.678169 -0.049032 0.788 0.627 0.522
v -0.677478 -0.684304 -0.268098 0.573 0.451 0.365
v -0.074674 -0.576662 0.002278 0.043 0.031 0.027
v 0.322525 0.426469 -0.177398 0.749 0.588 0.471
v -0.390159 0.082947 -0.473134 0.035 0.024 0.024
v 0.396106 -0.114927 -0.372011 0.043 0.035 0.020
v -0.673045 -0.873552 -0.098990 0.655 0.498 0.396
v -0.092646 0.370057 -0.131700 0.690 0.525 0.431
v -0.389499 -0.261997 -0.136112 0.043 0.035 0.027
v 0.048288 0.479873 0.063077 0.667 0.498 0.427
v 0.473996 0.654279 -0.302519 0.898 0.647 0.514
v -0.095357 -0.294739 -0.131403 0.039 0.035 0.027
v 0.201468 0.205278 -0.273984 0.906 0.749 0.584
v 0.394654 -0.235167 -0.274217 0.031 0.027 0.016
v -0.386569 0.097516 -0.528933 0.071 0.059 0.055
v -0.323588 -0.117927 -0.225127 0.035 0.031 0.024
v -0.105543 -0.890461 0.000926 0.031 0.031 0.027
v -0.109705 1.022425 -0.232585 0.271 0.196 0.137
v -0.494098 -0.469971 -0.071045 0.055 0.039 0.035
v -0.519506 -0.052967 -0.287283 0.941 0.780 0.620
v -0.894635 -0.672033 -0.326018 0.745 0.549 0.408
v -0.118536 0.735601 -0.093705 0.808 0.647 0.545
v -0.084884 -0.699372 0.032456 0.063 0.059 0.059
v 0.603010 -0.268785 -0.320144 0.961 0.800 0.647
v -0.188781 -0.758681 0.038777 0.106 0.094 0.094
v 0.252013 -0.190317 -0.247889 0.047 0.039 0.027
v 0.144003 0.933815 0.098225 0.965 0.784 0.671
v 0.446262 0.879098 -0.147917 0.408 0.306 0.224
v 0.173427 -0.631654 0.012201 0.063 0.051 0.047
v -0.317885 -0.730189 0.058201 0.075 0.067 0.071
v -0.005604 1.014909 -0.009275 0.494 0.361 0.263
v 0.223157 0.301569 -0.224522 0.729 0.580 0.463
v 0.334261 -0.034184 -0.420984 0.122 0.094 0.090
v -0.576061 -0.841312 -0.156692 0.102 0.063 0.055
v 0.496094 -0.987261 -0.270171 0.863 0.663 0.529
v -0.108327 0.430308 -0.119135 0.765 0.584 0.502
v 0.229723 0.303954 -0.090304 0.824 0.639 0.525
v 0.461291 0.749220 -0.320077 0.220 0.173 0.125
v -0.131621 0.585558 -0.149897 0.725 0.545 0.455
v 0.730119 -0.292851 -0.408219 0.851 0.671 0.518
v 0.630170 -0.766750 -0.357193 0.859 0.671 0.514
v 0.001732 0.535697 0.039540 0.933 0.718 0.612
v 0.206694 0.761878 0.119806 0.957 0.780 0.690
v -0.667911 -0.539995 -0.240319 0.804 0.627 0.494
v -0.313517 -0.631738 0.059045 0.067 0.059 0.051
v -0.731770 -0.656071 -0.262267 0.851 0.671 0.537
v 0.001656 -0.437469 -0.071972 0.039 0.035 0.027
v 0.349349 0.689356 -0.009319 0.847 0.682 0.580
v 0.414302 0.776393 -0.101422 0.635 0.490 0.392
v 0.341913 -0.168333 -0.299029 0.035 0.031 0.020
v -0.646872 -0.087697 -0.262274 0.933 0.776 0.608
v -0.048057 0.811661 0.056143 0.886 0.714 0.620
v 0.647077 -0.224721 -0.357125 0.925 0.749 0.584
v -0.936251 -0.606930 -0.412698 0.588 0.439 0.318
v -0.595224 -0.893329 -0.014742 0.831 0.600 0.482
v 0.136176 0.166262 -0.248930 0.922 0.773 0.620
v -0.132215 0.528520 -0.156411 0.749 0.569 0.475
v -0.108677 0.596267 -0.031795 0.788 0.588 0.478
v -0.215646 -0.821776 0.019321 0.043 0.039 0.035
v 0.082413 -0.693258 0.042001 0.075 0.055 0.055
v 0.174371 -0.772225 0.038765 0.082 0.078 0.078
v -0.201796 0.000972 -0.305617 0.867 0.678 0.522
v 0.282009 -0.841510 -0.037607 0.075 0.059 0.051
v 0.700500 -0.255339 -0.377527 0.894 0.722 0.561
v -0.465622 -0.636389 0.016608 0.059 0.051 0.047
v 0.301725 -0.662544 -0.042973 0.047 0.043 0.031
v -0.180500 0.688569 -0.314046 0.698 0.455 0.365
v -0.638490 -0.396579 -0.223964 0.835 0.643 0.478
v -0.323373 -0.178214 -0.185147 0.035 0.031 0.024
v 0.124104 -0.914958 -0.009540 0.094 0.078 0.075
v -0.906288 -0.608658 -0.352290 0.663 0.494 0.369
v -0.141770 0.002749 -0.287902 0.925 0.749 0.596
v -0.868224 -0.251106 -0.413326 0.631 0.455 0.322
v -0.329643 0.081790 -0.415922 0.043 0.031 0.024
v -0.113927 -0.846229 0.008742 0.039 0.031 0.039
v -0.381479 0.061251 -0.426577 0.035 0.027 0.020
v 0.432107 0.874734 -0.106665 0.537 0.396 0.306
v -0.058447 1.026249 -0.081370 0.592 0.463 0.365
v 0.304565 0.940234 0.055120 0.745 0.569 0.475
v 0.415251 0.702703 -0.169112 0.604 0.459 0.373
v 0.292720 0.530344 0.008948 0.925 0.722 0.600
v -0.485557 0.032626 -0.353704 0.141 0.090 0.071
v 0.315051 -0.773732 -0.042331 0.051 0.039 0.035
v 0.032615 1.035475 0.002567 0.475 0.376 0.278
v -0.106477 0.867928 -0.052787 0.639 0.494 0.408
v 0.452296 -0.228840 -0.319140 0.145 0.141 0.129
v 0.742358 -0.339492 -0.437429 0.800 0.620 0.459
v -0.172176 -0.138151 -0.192361 0.051 0.039 0.031
v 0.271410 0.630867 0.036443 0.451 0.333 0.275
v -0.015710 1.074397 -0.117810 0.329 0.259 0.184
v -0.057798 0.999265 -0.046829 0.647 0.510 0.424
v 0.432396 -0.115792 -0.380201 0.039 0.039 0.020
v 0.114460 -0.065494 -0.281942 0.937 0.753 0.588
v 0.375832 0.968948 -0.025033 0.482 0.373 0.275
v -0.157828 0.651430 -0.254533 0.867 0.643 0.525
v 0.002269 -0.393372 -0.095029 0.051 0.043 0.035
v 0.331686 -0.876447 -0.108945 0.098 0.078 0.071
v 0.275219 0.297610 -0.325012 0.839 0.659 0.502
v 0.335925 -0.789281 -0.067691 0.051 0.043 0.035
v 0.692899 -0.500864 -0.357385 0.867 0.694 0.525
v 0.411324 -0.297853 -0.244741 0.082 0.067 0.059
v 0.001162 -0.089855 -0.260246 0.949 0.761 0.596
v 0.331295 -0.958781 -0.190393 0.137 0.118 0.102
v -0.111616 0.975343 -0.162186 0.353 0.263 0.192
v 0.277562 -0.373220 -0.148239 0.051 0.043 0.035
v 0.455219 -0.563628 -0.251601 0.114 0.090 0.071
v 0.340686 0.484813 -0.189278 0.769 0.588 0.471
v 0.111822 -1.048843 -0.070994 0.031 0.027 0.020
v 0.062815 -0.899356 -0.000113 0.071 0.055 0.059
v -0.917184 -0.523188 -0.418430 0.561 0.420 0.294
v -0.136904 0.606899 -0.228151 0.733 0.541 0.447
v -0.209312 -0.264854 -0.136071 0.043 0.039 0.031
v 0.184768 -0.947016 -0.047413 0.094 0.067 0.075
v -0.110766 0.899776 -0.082324 0.537 0.412 0.314
v -0.235722 -0.601558 0.037481 0.051 0.047 0.043
v 0.432074 -0.262056 -0.284495 0.086 0.067 0.063
v -0.174584 -0.626329 0.031023 0.047 0.039 0.035
v 0.214709 -0.344997 -0.146344 0.039 0.035 0.027
v -0.072544 -0.454517 -0.052520 0.059 0.047 0.043
v 0.297986 -1.034562 -0.190373 0.161 0.153 0.157
v 0.306944 -0.730932 -0.032272 0.063 0.051 0.043
v -0.051803 -0.145268 -0.191045 0.059 0.047 0.035
v 0.212165 0.455834 0.031049 0.922 0.725 0.624
v 0.054581 -0.730244 0.044485 0.075 0.059 0.063
v 0.256918 -1.025175 -0.132521 0.067 0.055 0.051
v -0.612906 -0.817677 -0.213672 0.173 0.145 0.102
v -0.865847 -0.707483 -0.291446 0.800 0.592 0.447
v 0.125438 0.583513 0.103711 0.894 0.694 0.600
v 0.186306 -0.154107 -0.241126 0.055 0.039 0.031
v 0.064000 0.487900 0.119046 0.537 0.369 0.333
v 0.447032 -0.162291 -0.360117 0.067 0.063 0.047
v -0.166478 0.131449 -0.355623 0.749 0.573 0.424
v 0.333737 0.554418 -0.040335 0.875 0.675 0.537
v -0.738913 -0.490311 -0.251650 0.855 0.686 0.545
v -0.590377 -0.482008 -0.191662 0.016 0.008 0.004
v 0.032547 0.273636 0.002655 0.847 0.643 0.553
v 0.459752 -0.324727 -0.269343 0.925 0.753 0.584
v -0.786945 -0.411660 -0.269148 0.851 0.694 0.557
v 0.027777 1.068377 -0.049150 0.310 0.239 0.165
v 0.104753 -0.025707 -0.282935 0.886 0.702 0.537
v -0.126373 0.461952 -0.172788 0.686 0.514 0.412
v -0.152531 0.634622 -0.303375 0.702 0.451 0.376
v 0.136615 0.778978 0.126104 0.961 0.784 0.686
v 0.264199 -0.453994 -0.105347 0.051 0.043 0.035
v -0.294169 -0.059865 -0.254168 0.039 0.027 0.020
v -0.094189 0.266383 -0.278289 0.761 0.596 0.455
v -0.542549 -0.689947 -0.064184 0.031 0.031 0.031
v -0.598860 0.058691 -0.420423 0.882 0.678 0.533
v -0.316635 -0.220583 -0.157825 0.039 0.035 0.027
v 0.454969 0.919401 -0.174125 0.314 0.247 0.173
v 0.113619 -0.989292 -0.055468 0.035 0.031 0.024
v -0.002929 0.782289 0.095888 0.906 0.725 0.643
v 0.100877 -0.458913 -0.068131 0.043 0.031 0.027
v 0.218384 -0.940677 -0.059951 0.094 0.063 0.055
v 0.461513 -0.872521 -0.265481 0.780 0.592 0.467
v 0.242282 0.591524 0.038535 0.843 0.635 0.514
v 0.168822 -0.826332 0.031084 0.071 0.055 0.051
v 0.059796 1.026412 0.027558 0.435 0.325 0.235
v -0.694588 -0.379546 -0.232271 0.875 0.706 0.561
v 0.428061 0.634556 -0.250595 0.820 0.600 0.478
v -0.818925 -0.650814 -0.280671 0.839 0.651 0.510
v 0.375478 -0.539225 -0.138494 0.051 0.039 0.031
v 0.277198 -1.068563 -0.170670 0.063 0.047 0.039
v 0.258633 0.497505 0.020412 0.925 0.702 0.592
v 0.260933 -0.692902 -0.002760 0.059 0.051 0.043
v 0.356628 -0.438499 -0.157084 0.047 0.043 0.035
v 0.509078 -0.665605 -0.278145 0.859 0.671 0.518
v 0.318852 0.488995 -0.062431 0.800 0.620 0.498
v -0.400684 -0.419395 -0.054809 0.047 0.035 0.027
v 0.202538 -0.128707 -0.258166 0.047 0.039 0.024
v -0.799753 -0.560871 -0.278167 0.843 0.671 0.533
v 0.336276 0.830589 0.043961 0.910 0.741 0.624
v 0.106201 -0.407039 -0.098507 0.051 0.043 0.039
v -0.089052 0.964278 -0.076796 0.514 0.384 0.286
v -0.716364 -0.130988 -0.267997 0.894 0.733 0.569
v 0.039847 0.222830 -0.205692 0.529 0.400 0.302
v -0.587811 -0.740203 -0.162632 0.031 0.027 0.020
v -0.366268 -0.428407 -0.044397 0.055 0.039 0.035
v 0.665282 -0.210858 -0.381517 0.898 0.722 0.561
v 0.274797 -0.037820 -0.367919 0.871 0.710 0.580
v -0.349582 -0.606069 0.049349 0.063 0.051 0.047
v 0.216424 1.053119 0.006478 0.290 0.231 0.157
v -0.200588 -0.562335 0.016429 0.043 0.035 0.031
v 0.184121 0.155659 -0.279295 0.914 0.761 0.592
v -0.703517 -0.864568 -0.135921 0.718 0.549 0.451
v -0.839948 -0.180010 -0.410739 0.655 0.482 0.341
v 0.543515 -1.006272 -0.315587 0.890 0.682 0.541
v 0.389768 -0.052094 -0.469382 0.133 0.122 0.125
v 0.264078 0.080045 -0.399911 0.871 0.694 0.529
v 0.056215 -0.073712 -0.267822 0.945 0.749 0.573
v -0.607147 -0.881399 -0.053428 0.549 0.400 0.318
v -0.128387 -0.775698 0.028956 0.094 0.071 0.075
v -0.538177 -0.630653 -0.052410 0.039 0.035 0.035
v -0.001300 0.290521 -0.018415 0.788 0.604 0.506
v -0.543705 -0.431754 -0.146346 0.035 0.031 0.024
v -0.015279 -0.058580 -0.272087 0.914 0.725 0.557
v 0.430945 -0.369316 -0.222144 0.078 0.055 0.039
v -0.841441 -0.448033 -0.301989 0.788 0.627 0.490
v 0.011137 -0.010645 -0.277858 0.910 0.733 0.569
v 0.428260 -0.672278 -0.241726 0.063 0.047 0.047
v 0.295649 -0.283911 -0.204186 0.039 0.031 0.020
v 0.652820 -0.618150 -0.346367 0.875 0.702 0.537
v -0.028082 0.353747 -0.029274 0.780 0.627 0.525
v -0.215461 -0.912541 0.002675 0.035 0.031 0.027
v -0.754057 -0.716447 -0.268510 0.843 0.667 0.529
v 0.466225 0.832291 -0.246590 0.306 0.231 0.176
v 0.383410 -0.817729 -0.170746 0.106 0.102 0.094
v -0.466165 -0.141463 -0.214200 0.035 0.027 0.016
v 0.359287 -0.843450 -0.124927 0.094 0.086 0.090
v 0.112414 -0.307828 -0.149320 0.043 0.035 0.031
v 0.392250 -0.645541 -0.150971 0.071 0.055 0.051
v 0.189098 0.668832 0.083450 0.675 0.478 0.369
v -0.136093 0.916462 -0.184141 0.278 0.196 0.133
v 0.299507 0.032857 -0.444006 0.898 0.718 0.545
v -0.705933 0.021800 -0.392220 0.824 0.612 0.478
v 0.365814 0.812268 0.010013 0.894 0.749 0.643
v -0.622330 -0.539547 -0.220920 0.424 0.329 0.239
v 0.312177 0.791850 0.064350 0.914 0.733 0.620
v -0.053920 -0.203397 -0.174766 0.051 0.043 0.031
v 0.143858 0.464458 0.057205 0.898 0.702 0.620
v 0.273926 0.010781 -0.400731 0.894 0.725 0.561
v 0.588019 -0.875905 -0.342248 0.867 0.659 0.510
v -0.935522 -0.667429 -0.376101 0.749 0.565 0.416
v -0.337556 0.100331 -0.459423 0.043 0.031 0.024
v 0.443756 0.984890 -0.191635 0.384 0.318 0.255
v 0.351297 -0.923396 -0.191371 0.129 0.110 0.094
v -0.596651 -0.791254 -0.186310 0.035 0.024 0.016
v 0.138885 -0.887871 0.002810 0.063 0.055 0.055
v -0.507621 -0.526437 -0.055507 0.059 0.047 0.039
v 0.499636 -0.620152 -0.273503 0.820 0.639 0.463
v 0.351326 -1.059116 -0.281611 0.149 0.133 0.106
v 0.447500 0.607088 -0.320268 0.816 0.510 0.416
v -0.137597 0.643698 -0.189991 0.710 0.510 0.416
v 0.603801 -0.642506 -0.324654 0.886 0.714 0.545
v -0.491192 0.067891 -0.476105 0.141 0.098 0.102
v -0.041927 -0.597162 0.009406 0.043 0.035 0.031
v 0.159074 0.620015 0.056993 0.851 0.671 0.553
v 0.296765 -0.148224 -0.290069 0.043 0.035 0.027
v -0.874853 -0.563988 -0.325290 0.737 0.561 0.435
v 0.397729 -0.154560 -0.337474 0.031 0.027 0.012
v -0.281997 -0.846988 0.013153 0.047 0.035 0.039
v 0.162796 0.402739 0.027054 0.859 0.667 0.573
v 0.614203 -0.176495 -0.390805 0.902 0.718 0.553
v -0.145026 0.878653 -0.201782 0.282 0.208 0.153
v -0.500661 -0.648771 -0.009000 0.043 0.043 0.043
v -0.082956 0.420731 -0.077292 0.773 0.596 0.518
v -0.682147 -0.505358 -0.240744 0.867 0.694 0.557
v 0.496995 -0.110243 -0.432091 0.839 0.647 0.514
v -0.860934 -0.291614 -0.347512 0.675 0.506 0.369
v -0.488492 -0.258442 -0.160047 0.047 0.035 0.024
v -0.609481 -0.419302 -0.219112 0.627 0.467 0.325
v -0.126417 0.149991 -0.309322 0.776 0.612 0.467
v 0.310476 -0.934146 -0.131192 0.094 0.078 0.082
v -0.126369 0.705724 -0.107545 0.804 0.631 0.533
v -0.628869 -0.640614 -0.220174 0.035 0.024 0.012
v -0.607625 -0.604420 -0.184167 0.020 0.016 0.008
v -0.052148 -0.936885 -0.009788 0.039 0.039 0.035
v 0.078544 -0.223187 -0.184951 0.043 0.035 0.024
v 0.348693 -0.206375 -0.273953 0.039 0.031 0.016
v -0.310440 0.001731 -0.305423 0.024 0.012 0.008
v 0.107273 -0.352873 -0.126027 0.047 0.043 0.035
v -0.486815 -0.099016 -0.243768 0.098 0.078 0.051
v 0.336701 0.625276 -0.022279 0.878 0.714 0.592
v 0.378341 0.847090 -0.004302 0.847 0.698 0.588
v -0.114582 0.829707 -0.073530 0.690 0.545 0.455
v 0.337289 1.048769 -0.071352 0.298 0.251 0.180
v 0.318733 0.688702 0.057201 0.659 0.494 0.396
v -0.580766 -0.402047 -0.193191 0.051 0.039 0.035
v -0.093621 -0.510626 -0.023556 0.051 0.043 0.035
v -0.273226 -0.909629 -0.000790 0.031 0.027 0.020
v 0.236710 -0.842162 -0.006027 0.075 0.071 0.067
v 0.514089 -0.805296 -0.291746 0.859 0.667 0.514
v -0.701780 0.008585 -0.351545 0.863 0.667 0.525
v -0.069975 -0.392857 -0.085318 0.047 0.039 0.035
v 0.226674 -1.015460 -0.105048 0.047 0.043 0.035
v 0.037572 0.955855 0.066765 0.898 0.710 0.592
v 0.349344 -0.565579 -0.113416 0.047 0.035 0.027
v 0.070368 -0.631128 0.021665 0.051 0.039 0.035
v -0.664941 0.046969 -0.423548 0.827 0.612 0.482
v 0.123464 0.231886 -0.063160 0.584 0.416 0.306
v -0.228522 -0.704112 0.051957 0.055 0.047 0.051
v -0.139091 0.796260 -0.162801 0.510 0.400 0.322
v -0.061541 1.053167 -0.137145 0.396 0.310 0.220
v -0.414463 -0.590155 0.027681 0.051 0.039 0.035
v -0.065239 -0.759910 0.030996 0.094 0.078 0.075
v -0.261890 0.017840 -0.321920 0.898 0.714 0.569
v -0.025316 0.012074 -0.270675 0.910 0.733 0.561
v 0.736833 -0.377057 -0.409362 0.827 0.651 0.486
v -0.591587 -0.355098 -0.197135 0.082 0.051 0.043
v 0.011418 -0.918509 -0.010026 0.047 0.047 0.039
v 0.331129 -0.986357 -0.223709 0.137 0.106 0.098
v -0.018610 -0.819108 0.027462 0.098 0.086 0.086
v -0.157970 0.241746 -0.424622 0.796 0.580 0.420
v 0.551027 -0.336184 -0.303022 0.937 0.784 0.616
v -0.036595 0.537007 0.023821 0.925 0.718 0.604
v 0.541863 -0.241715 -0.328114 0.937 0.776 0.612
v -0.645982 -0.475704 -0.234024 0.812 0.643 0.490
v 0.450859 -1.102925 -0.277110 0.843 0.651 0.525
v 0.435201 -0.939715 -0.252659 0.733 0.557 0.455
v -0.536836 -0.520225 -0.102468 0.055 0.047 0.047
v -0.681717 -0.839742 -0.218714 0.647 0.494 0.412
v 0.294229 -1.001353 -0.165876 0.094 0.078 0.082
v -0.130737 0.289283 -0.326499 0.714 0.533 0.392
v -0.048728 0.923457 0.016555 0.839 0.659 0.553
v -0.535677 -0.242698 -0.180241 0.071 0.055 0.043
v -0.003600 0.928244 0.056140 0.871 0.694 0.584
v -0.652814 -0.834392 -0.281966 0.141 0.090 0.082
v 0.128759 0.289227 0.001599 0.914 0.706 0.596
v 0.509544 -0.910500 -0.283690 0.863 0.659 0.518
v 0.170154 0.579603 0.057451 0.918 0.737 0.624
v -0.154101 0.718806 -0.269525 0.514 0.282 0.212
v 0.017527 0.499488 0.038079 0.863 0.659 0.553
v 0.626559 -0.806320 -0.359114 0.863 0.663 0.506
v -0.221833 0.157414 -0.463513 0.839 0.631 0.455
v 0.008133 -0.633478 0.022376 0.059 0.047 0.047
v 0.237494 0.022405 -0.367330 0.875 0.706 0.557
v -0.223306 -0.014464 -0.277298 0.882 0.671 0.525
v -0.026357 -0.114362 -0.225080 0.937 0.749 0.576
v -0.298046 -0.157220 -0.195947 0.035 0.031 0.024
v -0.145632 -0.595004 0.016210 0.047 0.039 0.031
v 0.242860 -0.573533 -0.043222 0.055 0.039 0.035
v -0.245432 -0.440124 -0.039556 0.055 0.043 0.035
v -0.053717 0.963852 -0.012378 0.706 0.537 0.431
v -0.154772 0.863245 -0.265750 0.204 0.133 0.086
v 0.289412 0.065100 -0.447241 0.878 0.694 0.514
v 0.648230 -0.273070 -0.331890 0.941 0.788 0.631
v 0.354557 1.000455 -0.028138 0.439 0.369 0.298
v -0.048689 0.287388 -0.234299 0.702 0.549 0.420
v 0.007384 0.739471 0.101433 0.533 0.384 0.298
v -0.791580 -0.072197 -0.382738 0.706 0.502 0.392
v 0.396901 -0.799390 -0.211895 0.106 0.098 0.102
v -0.838954 -0.693358 -0.281274 0.835 0.639 0.494
v -0.335343 -0.817704 0.024460 0.055 0.039 0.043
v -0.221795 0.113482 -0.393536 0.843 0.659 0.482
v 0.356201 1.070856 -0.125058 0.235 0.176 0.129
v -0.593507 -0.227084 -0.215891 0.914 0.753 0.576
v -0.036987 0.603440 0.026716 0.949 0.757 0.620
v 0.362415 -0.605912 -0.115738 0.063 0.047 0.043
v 0.452956 -0.627121 -0.274865 0.459 0.333 0.224
v -0.329035 -0.252451 -0.138992 0.047 0.043 0.035
v 0.236680 -0.418873 -0.112231 0.051 0.043 0.035
v 0.009973 0.837736 0.089855 0.902 0.725 0.635
v 0.077486 -0.562448 -0.007832 0.055 0.039 0.035
v -0.548148 -0.472814 -0.141285 0.035 0.027 0.024
v -0.070930 -0.007866 -0.270829 0.867 0.667 0.506
v -0.071624 -0.274582 -0.142477 0.047 0.043 0.035
v -0.446715 -0.902921 -0.063607 0.063 0.051 0.051
v -0.660861 -0.592251 -0.242555 0.663 0.518 0.408
v 0.437750 0.777108 -0.172835 0.522 0.416 0.329
v -0.085297 -1.062588 -0.027719 0.024 0.020 0.012
v 0.643421 -0.675532 -0.350531 0.859 0.678 0.518
v -0.349925 -0.076944 -0.258141 0.035 0.031 0.024
v 0.002902 0.441444 0.030963 0.824 0.627 0.529
v 0.017564 0.386694 0.017063 0.745 0.427 0.376
v -0.055418 0.256483 -0.247882 0.733 0.576 0.443
v -0.387168 -0.888528 -0.028839 0.035 0.031 0.024
v -0.192457 -0.717223 0.043463 0.071 0.063 0.059
v 0.372007 0.625490 -0.112083 0.831 0.624 0.486
v -0.851866 -0.483050 -0.310767 0.773 0.620 0.490
v -0.808660 -0.111751 -0.374755 0.690 0.506 0.376
v -0.041655 0.868382 0.043569 0.875 0.706 0.604
v -0.162955 -0.507219 -0.017130 0.055 0.043 0.035
v 0.286215 0.735674 0.083452 0.922 0.737 0.639
v 0.103224 -0.138135 -0.221060 0.090 0.067 0.055
v 0.061522 0.583929 0.076544 0.847 0.659 0.561
v -0.201828 -0.427781 -0.052547 0.047 0.039 0.035
v 0.497667 -0.343826 -0.281580 0.937 0.773 0.600
v 0.528172 -0.441040 -0.278950 0.918 0.737 0.549
v 0.208118 0.691335 0.108588 0.525 0.376 0.298
v 0.689447 -0.201900 -0.428842 0.867 0.686 0.533
v -0.415006 -0.205643 -0.174399 0.039 0.031 0.024
v -0.004090 0.477248 0.032091 0.894 0.702 0.592
v -0.103915 -0.352499 -0.103242 0.051 0.047 0.039
v -0.769622 -0.061042 -0.342934 0.769 0.573 0.463
v -0.578163 -0.807651 -0.155008 0.043 0.035 0.035
v 0.197476 0.811571 0.118217 0.965 0.792 0.698
v 0.292227 -0.112432 -0.312865 0.055 0.039 0.031
v 0.408526 -0.985356 -0.256685 0.616 0.482 0.392
v 0.157860 0.558072 0.077323 0.918 0.745 0.647
v 0.696336 -0.308098 -0.353208 0.894 0.725 0.565
v -0.862830 -0.362130 -0.329838 0.714 0.545 0.412
v 0.536431 -0.300322 -0.305519 0.941 0.788 0.627
v -0.885057 -0.596237 -0.329544 0.737 0.553 0.420
v -0.758006 -0.117370 -0.294709 0.851 0.678 0.522
v 0.412660 -0.200011 -0.309244 0.051 0.047 0.031
v -0.288508 -0.612132 0.050688 0.055 0.039 0.039
v 0.171640 0.092561 -0.290026 0.902 0.745 0.584
v -0.340890 -0.389937 -0.064582 0.051 0.039 0.035
v 0.451386 -0.071498 -0.468353 0.110 0.102 0.106
v 0.419284 -0.538514 -0.187884 0.094 0.071 0.063
v 0.018347 -0.338668 -0.123495 0.051 0.043 0.039
v -0.871124 -0.638616 -0.311807 0.792 0.604 0.455
v -0.090733 0.985264 -0.102070 0.412 0.302 0.216
v 0.321855 0.022284 -0.487434 0.871 0.690 0.537
v 0.374827 -0.791693 -0.119948 0.125 0.110 0.098
v -0.603994 -0.186539 -0.235516 0.925 0.765 0.592
v -0.817452 -0.201292 -0.323278 0.780 0.596 0.455
v -0.775677 -0.542086 -0.268255 0.843 0.675 0.537
v 0.260244 0.131523 -0.393579 0.867 0.675 0.514
v -0.791047 -0.113726 -0.332183 0.776 0.604 0.475
v -0.520595 -0.423881 -0.122054 0.043 0.035 0.027
v -0.853668 -0.228823 -0.379682 0.659 0.486 0.349
v 0.111332 0.369829 0.041266 0.863 0.475 0.467
v 0.127700 -0.547399 -0.022168 0.051 0.039 0.031
v -0.087492 0.073961 -0.279106 0.863 0.698 0.541
v 0.247237 -0.242582 -0.212307 0.047 0.043 0.027
v 0.629166 -0.872994 -0.366885 0.863 0.651 0.494
v -0.547963 0.016646 -0.342633 0.949 0.769 0.612
v -0.156441 0.819825 -0.228632 0.227 0.145 0.086
v 0.283559 -0.186951 -0.260906 0.043 0.039 0.024
v -0.426904 -0.742932 0.023137 0.051 0.043 0.035
v 0.465059 0.783614 -0.280435 0.239 0.180 0.137
v 0.003915 -0.277044 -0.149872 0.051 0.039 0.035
v -0.193930 -0.298272 -0.121078 0.043 0.039 0.027
v -0.460580 -0.827273 -0.037858 0.090 0.078 0.082
v -0.903145 -0.474303 -0.390849 0.588 0.435 0.314
v -0.358584 -0.686084 0.059822 0.051 0.043 0.039
v -0.366669 -0.837750 0.000092 0.063 0.047 0.043
v -0.143782 -0.063316 -0.233096 0.945 0.737 0.584
v 0.156985 -0.146044 -0.231492 0.051 0.039 0.027
v 0.465100 0.895548 -0.220817 0.263 0.196 0.137
v 0.260748 0.328059 -0.135432 0.694 0.545 0.431
v 0.325767 0.747788 0.051229 0.914 0.753 0.647
v 0.541726 -0.486652 -0.281270 0.922 0.749 0.576
v -0.783191 -0.702270 -0.269466 0.843 0.663 0.525
v -0.496777 -0.317484 -0.136449 0.055 0.043 0.031
v 0.267728 1.035594 0.003990 0.286 0.239 0.165
v -0.586733 -0.098793 -0.262911 0.933 0.773 0.600
v -0.670090 -0.034358 -0.287105 0.941 0.776 0.624
v -0.245024 0.137709 -0.447761 0.769 0.584 0.435
v -0.264117 -0.311893 -0.108234 0.039 0.031 0.024
v 0.034190 -0.841645 0.025064 0.067 0.059 0.055
v 0.358303 0.679439 -0.039203 0.851 0.686 0.573
v -0.495634 -0.852499 -0.082770 0.063 0.043 0.043
v 0.264067 0.774415 0.095264 0.933 0.753 0.651
v 0.543127 -0.106336 -0.465343 0.867 0.686 0.557
v -0.509790 -0.458737 -0.095293 0.055 0.047 0.043
v 0.290153 -0.600762 -0.057925 0.047 0.035 0.027
v -0.937628 -0.703493 -0.368937 0.776 0.573 0.435
v -0.267666 -0.495628 -0.004268 0.051 0.043 0.035
v -0.802982 -0.494082 -0.280008 0.843 0.678 0.541
v 0.396000 -0.557904 -0.155919 0.071 0.055 0.043
v 0.301197 0.411940 -0.105030 0.847 0.675 0.553
v -0.513172 -0.681937 -0.020650 0.122 0.106 0.102
v -0.482199 0.060049 -0.405419 0.082 0.059 0.051
v 0.193498 0.506638 0.045657 0.941 0.729 0.635
v 0.404033 0.835128 -0.052781 0.761 0.600 0.506
v -0.042263 -1.035378 -0.031692 0.039 0.039 0.039
v -0.148264 -0.338586 -0.105457 0.043 0.035 0.027
v 0.301117 0.446550 -0.071110 0.847 0.671 0.557
v 0.283227 -0.078063 -0.338157 0.059 0.051 0.035
v -0.826286 -0.245751 -0.316985 0.784 0.604 0.463
v 0.291774 0.329399 -0.353428 0.761 0.588 0.451
v 0.259619 0.206585 -0.362770 0.820 0.643 0.475
v -0.502143 -0.286695 -0.150448 0.051 0.035 0.024
v 0.459103 0.793850 -0.220263 0.298 0.212 0.153
v -0.494302 -0.006869 -0.319894 0.733 0.596 0.502
v -0.098386 0.188236 -0.281432 0.784 0.627 0.490
v 0.444532 -0.781517 -0.286205 0.604 0.463 0.361
v 0.131545 -0.951888 -0.038321 0.071 0.055 0.051
v 0.400622 0.771389 -0.069663 0.745 0.580 0.482
v -0.631216 -0.366472 -0.215447 0.827 0.647 0.475
v -0.464017 -0.039736 -0.282472 0.090 0.078 0.063
v -0.745172 -0.335842 -0.252942 0.871 0.698 0.549
v 0.145281 -0.585521 -0.004517 0.059 0.043 0.039
v 0.101023 -0.167975 -0.209626 0.051 0.039 0.027
v -0.849922 -0.256654 -0.345869 0.702 0.522 0.384
v -0.060062 0.346299 -0.077939 0.741 0.576 0.502
v -0.075072 0.690996 0.007022 0.667 0.522 0.443
v 0.615445 -0.670842 -0.334474 0.867 0.690 0.529
v -0.313495 -0.874770 -0.000454 0.039 0.031 0.031
v -0.560593 -0.630512 -0.091504 0.031 0.027 0.024
v -0.094640 1.016883 -0.163245 0.306 0.227 0.149
v 0.015166 -0.708965 0.039836 0.059 0.051 0.047
v -0.512955 -0.822577 -0.070791 0.102 0.082 0.063
v 0.551738 -0.942649 -0.320261 0.867 0.667 0.518
v 0.399843 -0.696015 -0.169743 0.071 0.047 0.039
v 0.074198 0.667385 0.073161 0.549 0.388 0.310
v 0.072169 -0.121957 -0.230234 0.941 0.745 0.588
v 0.290762 -0.801638 -0.027435 0.082 0.063 0.063
v 0.394946 -0.485751 -0.167711 0.043 0.039 0.027
v -0.099216 -0.031049 -0.268149 0.949 0.757 0.600
v -0.440063 -0.801810 -0.014144 0.067 0.043 0.043
v 0.632050 -0.464785 -0.321745 0.918 0.753 0.584
v 0.462973 0.956025 -0.231151 0.376 0.322 0.267
v 0.339497 -0.620578 -0.090667 0.055 0.039 0.035
v 0.092411 0.622115 0.089159 0.816 0.616 0.502
v -0.088547 0.929868 -0.046215 0.604 0.459 0.357
v 0.016899 0.985581 0.042406 0.737 0.545 0.455
v 0.455327 -0.515989 -0.224680 0.137 0.110 0.094
v 0.400710 -0.596092 -0.163632 0.086 0.067 0.059
v -0.187796 -0.371942 -0.084561 0.051 0.047 0.039
v -0.025417 0.933664 0.035245 0.851 0.675 0.569
v -0.095520 0.826414 -0.022585 0.745 0.592 0.502
v 0.462572 0.863049 -0.213757 0.282 0.227 0.173
v -0.765399 -0.612709 -0.265974 0.851 0.678 0.541
v -0.632548 -0.716785 -0.253342 0.039 0.024 0.012
v 0.322328 -0.711592 -0.050671 0.051 0.047 0.039
v -0.148652 0.893772 -0.229706 0.149 0.075 0.031
v -0.120948 0.535114 -0.095401 0.722 0.545 0.463
v 0.409396 -1.069248 -0.262673 0.682 0.525 0.424
v -0.250470 -0.732974 0.052935 0.086 0.071 0.075
v 0.146686 -1.053526 -0.082049 0.031 0.031 0.024
v 0.099905 -1.082794 -0.072036 0.039 0.039 0.031
v 0.265406 0.401260 -0.050680 0.878 0.714 0.604
v 0.173181 -0.987250 -0.072690 0.059 0.047 0.043
v 0.041842 0.548342 0.062948 0.792 0.596 0.510
v -0.256622 -0.863639 0.009658 0.039 0.027 0.024
v 0.056124 0.334807 0.023007 0.792 0.612 0.522
v 0.074429 -0.021671 -0.277572 0.914 0.725 0.557
v -0.125267 0.676357 -0.085701 0.800 0.627 0.506
v -0.631306 -0.776898 -0.256160 0.082 0.059 0.051
v 0.138769 0.242476 -0.032563 0.796 0.600 0.506
v 0.416399 0.668113 -0.198604 0.533 0.412 0.325
v -0.458514 -0.769179 -0.003237 0.082 0.067 0.063
v -0.699004 -0.345431 -0.234945 0.882 0.718 0.561
v -0.036113 -0.533589 -0.016859 0.055 0.043 0.035
v 0.326174 0.911088 0.051866 0.835 0.643 0.533
v -0.127289 0.360792 -0.321414 0.745 0.549 0.404
v -0.600641 -0.714748 -0.180457 0.024 0.020 0.012
v -0.549927 -0.797673 -0.111114 0.071 0.067 0.059
v 0.582093 -0.910001 -0.339520 0.878 0.667 0.514
v -0.772788 -0.239380 -0.279342 0.875 0.698 0.537
v -0.429404 -0.265381 -0.141770 0.043 0.031 0.024
v 0.430012 -0.868139 -0.267807 0.620 0.475 0.369
v -0.684589 -0.780696 -0.290976 0.443 0.337 0.267
v 0.401170 0.638768 -0.191779 0.580 0.439 0.353
v 0.364303 -0.912306 -0.218474 0.118 0.102 0.090
v 0.370688 0.654234 -0.085699 0.847 0.671 0.545
v 0.093973 1.064745 -0.012230 0.235 0.176 0.114
v 0.393242 0.905278 -0.024285 0.757 0.600 0.490
v 0.033126 0.695586 0.082502 0.510 0.333 0.235
v 0.035090 0.235717 -0.031698 0.518 0.325 0.235
v -0.525256 -0.572976 -0.055049 0.075 0.071 0.063
v 0.148959 0.510728 0.090397 0.867 0.651 0.561
v 0.299578 1.083867 -0.094738 0.341 0.267 0.184
v -0.415776 -0.656767 0.041758 0.055 0.039 0.039
v -0.087232 -1.005431 -0.021406 0.035 0.031 0.024
v 0.136737 0.710699 0.122304 0.922 0.753 0.651
v -0.041165 0.334050 -0.054394 0.741 0.584 0.506
v 0.433706 -0.485095 -0.196056 0.090 0.082 0.067
v 0.508607 -0.186521 -0.361483 0.925 0.753 0.596
v 0.084935 1.041384 0.018258 0.271 0.196 0.129
v 0.124860 0.346415 0.024045 0.859 0.643 0.576
v 0.394759 0.954708 -0.045478 0.600 0.482 0.388
v -0.207188 0.022922 -0.325493 0.886 0.718 0.541
v -0.104672 0.374702 -0.279981 0.749 0.569 0.424
v -0.282788 0.122523 -0.474515 0.863 0.667 0.506
v 0.335281 -0.119761 -0.335497 0.043 0.035 0.024
v -0.623466 -0.304906 -0.209085 0.863 0.690 0.525
v -0.082813 0.886547 -0.012486 0.722 0.557 0.459
v -0.565930 -0.503615 -0.154446 0.016 0.012 0.008
v 0.106693 0.463460 0.092489 0.835 0.624 0.573
v 0.312138 -0.971273 -0.170918 0.090 0.067 0.059
v -0.310655 -0.397585 -0.059748 0.051 0.035 0.027
v -0.561064 -0.063551 -0.278904 0.945 0.784 0.616
v 0.301202 0.488057 -0.023238 0.875 0.686 0.569
v 0.158213 -0.490683 -0.057452 0.047 0.039 0.031
v 0.334445 -0.818064 -0.076126 0.075 0.063 0.055
v 0.292969 0.375356 -0.138010 0.757 0.584 0.467
v -0.358669 -0.264832 -0.132221 0.039 0.031 0.024
v -0.119018 0.992319 -0.214375 0.345 0.267 0.204
v -0.232630 -0.475014 -0.020860 0.043 0.035 0.031
v 0.154683 -0.361596 -0.126405 0.039 0.031 0.027
v 0.121372 0.395427 0.053136 0.745 0.380 0.365
v -0.094506 0.670469 -0.017407 0.824 0.651 0.537
v 0.089734 -0.856353 0.024442 0.075 0.067 0.063
v -0.321188 0.019700 -0.329634 0.031 0.024 0.016
v -0.011043 -0.977585 -0.025152 0.047 0.043 0.035
v 0.556591 -0.613524 -0.294216 0.910 0.741 0.573
v 0.404527 -0.654295 -0.177962 0.082 0.051 0.047
v 0.036981 0.144367 -0.232734 0.863 0.694 0.557
v 0.236220 0.165910 -0.324024 0.824 0.647 0.482
v 0.213454 -0.190871 -0.232972 0.047 0.039 0.031
v 0.388196 -0.450266 -0.172169 0.039 0.035 0.024
v 0.591309 -0.822242 -0.339803 0.867 0.671 0.522
v 0.208051 0.284696 -0.079241 0.827 0.647 0.529
v -0.110043 0.479841 -0.097039 0.769 0.600 0.514
v -0.432697 -0.177944 -0.193044 0.031 0.027 0.020
v -0.650070 -0.738214 -0.283303 0.231 0.169 0.125
v -0.825940 -0.163294 -0.370703 0.682 0.494 0.369
v -0.299683 -0.698731 0.063244 0.055 0.051 0.043
v 0.269386 0.256763 -0.346630 0.808 0.631 0.471
v 0.356198 -0.890557 -0.166589 0.133 0.102 0.094
v -0.786425 -0.381889 -0.269479 0.855 0.686 0.545
v -0.901305 -0.405395 -0.418131 0.573 0.427 0.294
v 0.654835 -0.302795 -0.329444 0.929 0.773 0.616
v 0.494297 -0.273197 -0.307213 0.953 0.800 0.639
v 0.104488 -0.281379 -0.160785 0.047 0.039 0.031
v -0.490896 -0.129024 -0.225628 0.075 0.055 0.039
v -0.078572 0.856026 0.005859 0.784 0.608 0.502
v 0.251580 -0.384229 -0.135039 0.043 0.035 0.027
v -0.269263 0.038151 -0.351505 0.894 0.714 0.553
v -0.818949 -0.291892 -0.297272 0.824 0.643 0.490
v -0.079540 0.344131 -0.138775 0.620 0.447 0.341
v -0.167636 0.580287 -0.280582 0.780 0.541 0.486
v -0.017751 -0.870031 0.006966 0.078 0.071 0.071
v 0.137651 -0.729592 0.044922 0.094 0.090 0.082
v 0.421170 -0.840992 -0.278791 0.494 0.376 0.278
v 0.321826 0.456856 -0.122767 0.792 0.624 0.506
v -0.362948 -0.768868 0.036254 0.039 0.035 0.027
v -0.097522 0.483553 -0.068109 0.769 0.600 0.518
v 0.281831 -0.922185 -0.091122 0.102 0.098 0.078
v -0.018442 1.048768 -0.076078 0.506 0.396 0.298
v 0.229560 0.539174 0.035931 0.945 0.737 0.620
v 0.093818 0.108777 -0.255681 0.886 0.722 0.576
v 0.374356 -0.379756 -0.188986 0.039 0.031 0.024
v 0.388735 0.596609 -0.278430 0.710 0.447 0.337
v -0.614617 -0.755288 -0.221891 0.047 0.031 0.027
v 0.176340 -0.541824 -0.036261 0.067 0.047 0.043
v -0.172115 0.212431 -0.427435 0.800 0.592 0.420
v -0.081220 0.555102 -0.003573 0.835 0.639 0.537
v -0.104746 0.711109 -0.042562 0.776 0.627 0.533
v 0.368876 0.752394 -0.013675 0.863 0.710 0.596
v -0.151196 -0.936649 -0.004852 0.043 0.031 0.027
v -0.048112 0.049363 -0.265887 0.914 0.745 0.573
v -0.105522 0.777762 -0.052650 0.792 0.635 0.537
v 0.258768 -0.278315 -0.195665 0.043 0.035 0.027
v 0.157170 0.150247 -0.266325 0.914 0.769 0.604
v -0.620741 -0.670463 -0.210589 0.027 0.024 0.016
v 0.562441 -0.693495 -0.306168 0.890 0.714 0.553
v 0.120122 -0.856474 0.023708 0.075 0.067 0.063
v 0.199491 -0.682018 0.023153 0.055 0.047 0.039
v -0.102235 -0.407197 -0.074754 0.047 0.039 0.035
v -0.889643 -0.315755 -0.419434 0.600 0.447 0.314
v 0.016829 0.194374 -0.221277 0.694 0.557 0.420
v 0.030453 -0.669230 0.033949 0.059 0.043 0.043
v -0.559319 -0.223209 -0.204506 0.925 0.773 0.600
v -0.287186 -0.528619 0.017057 0.055 0.047 0.039
v -0.776517 -0.165121 -0.297768 0.843 0.671 0.506
v -0.180054 -0.080241 -0.206405 0.086 0.055 0.043
v 0.138297 -0.639347 0.022158 0.059 0.043 0.035
v 0.014695 -0.507251 -0.032810 0.055 0.043 0.039
v 0.701291 -0.411136 -0.359562 0.859 0.678 0.506
v 0.264055 -0.523650 -0.074803 0.051 0.035 0.027
v -0.083480 0.630549 0.000724 0.898 0.690 0.565
v 0.071782 0.711699 0.115200 0.647 0.478 0.380
v 0.274305 -0.977796 -0.121951 0.110 0.090 0.090
v -0.117703 0.317989 -0.302022 0.733 0.561 0.416
v 0.439674 0.736470 -0.209115 0.369 0.263 0.180
v 0.246485 -0.034365 -0.359168 0.882 0.706 0.545
v 0.145225 0.659577 0.087285 0.824 0.639 0.510
v -0.337645 -0.354711 -0.083235 0.047 0.035 0.031
v 0.262769 0.882825 0.088505 0.941 0.753 0.647
v -0.080291 0.450549 -0.058374 0.757 0.588 0.506
v 0.286288 0.842606 0.081962 0.933 0.749 0.635
v -0.031069 0.431411 0.004398 0.796 0.612 0.506
v -0.030948 -0.306991 -0.132262 0.051 0.039 0.035
v -0.128937 0.913345 -0.149730 0.345 0.255 0.180
v -0.136256 0.179376 -0.323076 0.725 0.553 0.404
v 0.237838 -0.144055 -0.266370 0.043 0.035 0.020
v 0.364181 -0.969591 -0.281436 0.216 0.176 0.145
v -0.799706 -0.150001 -0.325464 0.792 0.604 0.459
v 0.245015 0.822829 0.103304 0.937 0.753 0.651
v 0.472481 -0.674944 -0.274917 0.745 0.569 0.416
v -0.870878 -0.428136 -0.330761 0.710 0.549 0.427
v -0.529994 -0.180354 -0.216290 0.769 0.604 0.471
v -0.820836 -0.714005 -0.271542 0.839 0.635 0.498
v -0.350753 -0.128551 -0.222016 0.035 0.031 0.020
v 0.205720 -0.775329 0.030267 0.086 0.067 0.067
v -0.566368 -0.789608 -0.135404 0.043 0.039 0.035
v -0.329895 -0.443862 -0.032644 0.047 0.039 0.035
v -0.509032 -0.087480 -0.266631 0.933 0.769 0.631
v -0.377019 -0.334429 -0.095529 0.043 0.035 0.024
v -0.415735 -0.012244 -0.315695 0.035 0.031 0.020
v -0.321958 -0.022336 -0.289489 0.027 0.024 0.016
v 0.019325 0.800284 0.102255 0.918 0.741 0.663
v -0.333651 -0.761729 0.045937 0.063 0.051 0.055
v 0.392719 0.662815 -0.143649 0.725 0.592 0.494
v 0.314016 1.047209 -0.048893 0.298 0.243 0.176
v 0.218133 0.111533 -0.321775 0.839 0.682 0.525
v -0.254506 -0.130618 -0.205453 0.035 0.031 0.024
v 0.214362 -0.990963 -0.088790 0.051 0.047 0.039
v 0.037783 1.056856 -0.023673 0.361 0.278 0.200
v 0.028064 -0.376782 -0.106701 0.043 0.035 0.027
v -0.596741 -0.126884 -0.252615 0.929 0.773 0.600
v -0.676692 -0.147952 -0.255527 0.910 0.757 0.588
v 0.320839 1.013217 -0.013796 0.298 0.235 0.157
v 0.572312 -0.141475 -0.420790 0.906 0.722 0.557
v 0.348368 -0.744251 -0.076808 0.063 0.055 0.047
v -0.724750 -0.832074 -0.186001 0.792 0.616 0.502
v 0.317794 -0.865753 -0.085652 0.122 0.094 0.094
v -0.515117 0.015922 -0.345542 0.945 0.761 0.616
v -0.544870 -0.568357 -0.091520 0.024 0.024 0.020
v -0.400598 -0.736832 0.034938 0.047 0.039 0.035
v 0.344256 -0.679611 -0.081618 0.047 0.039 0.031
v -0.646899 -0.880999 -0.058319 0.620 0.455 0.353
v 0.439194 -0.060196 -0.501436 0.098 0.090 0.094
v 0.266453 -0.758797 -0.000223 0.067 0.055 0.047
v -0.595124 -0.541842 -0.181701 0.024 0.020 0.012
v 0.428566 -0.722166 -0.273352 0.024 0.016 0.012
v 0.317034 -1.046307 -0.239982 0.169 0.137 0.129
v 0.569553 -0.582382 -0.298406 0.898 0.729 0.565
v -0.182784 -0.456747 -0.039369 0.051 0.035 0.031
v 0.234310 -0.597879 -0.026716 0.059 0.043 0.039
v 0.227941 -0.536109 -0.055061 0.051 0.043 0.035
v 0.222745 0.984080 0.064723 0.675 0.529 0.427
v -0.372816 0.012003 -0.340570 0.024 0.024 0.016
v -0.506149 -0.729878 -0.026554 0.090 0.078 0.078
v -0.461626 -0.085346 -0.250256 0.020 0.012 0.004
v 0.045950 -0.484055 -0.048949 0.059 0.047 0.043
v 0.636732 -0.722420 -0.354215 0.855 0.663 0.506
v 0.242879 -0.095326 -0.297033 0.071 0.055 0.039
v -0.584953 -0.565520 -0.161105 0.020 0.008 0.004
v 0.321170 -0.046669 -0.392972 0.063 0.051 0.039
v -0.465285 -0.431567 -0.071382 0.043 0.031 0.027
v 0.220898 0.144174 -0.311780 0.859 0.690 0.529
v 0.136060 -0.830017 0.034558 0.078 0.071 0.063
v 0.390956 -0.735947 -0.146771 0.071 0.047 0.059
v -0.244030 -0.077446 -0.224707 0.047 0.035 0.027
v 0.125666 0.535530 0.123885 0.902 0.706 0.624
v 0.061791 -0.448172 -0.071937 0.055 0.043 0.039
v 0.339786 0.970063 0.016242 0.459 0.357 0.259
v -0.208675 -0.511968 -0.004635 0.059 0.047 0.039
v -0.615606 -0.448059 -0.223838 0.663 0.506 0.357
v -0.054683 0.306345 -0.107489 0.643 0.471 0.373
v -0.437127 -0.453851 -0.046532 0.055 0.039 0.035
v -0.121248 0.262662 -0.308679 0.718 0.549 0.400
v 0.270005 0.350181 -0.112189 0.792 0.612 0.490
v 0.449580 -0.354897 -0.248322 0.898 0.725 0.549
v 0.066384 -0.840113 0.029066 0.075 0.067 0.067
v 0.387526 0.599014 -0.232331 0.804 0.612 0.478
v 0.182587 -0.912149 -0.024885 0.086 0.071 0.075
v -0.044258 0.387476 -0.033009 0.753 0.592 0.518
v -0.323165 -0.662523 0.062981 0.051 0.043 0.039
v 0.265645 0.171139 -0.400449 0.859 0.667 0.498
v -0.585262 -0.656542 -0.135915 0.020 0.016 0.008
v 0.299830 -0.253269 -0.223870 0.043 0.035 0.024
v -0.199490 -0.046665 -0.234097 0.898 0.706 0.596
v 0.067693 0.253314 -0.184437 0.388 0.251 0.157
v -0.439020 0.073670 -0.491333 0.067 0.051 0.051
v -0.046217 -0.979675 -0.020823 0.035 0.031 0.027
v -0.136717 0.345483 -0.359906 0.690 0.510 0.373
v 0.109096 0.490837 0.154443 0.925 0.725 0.655
v -0.074798 0.496608 -0.023298 0.788 0.620 0.537
v 0.082342 0.920726 0.096119 0.949 0.780 0.667
v -0.478402 -0.539026 -0.023242 0.055 0.047 0.043
v -0.155831 0.177241 -0.361922 0.706 0.529 0.376
v 0.496611 -0.760707 -0.281620 0.835 0.643 0.498
v 0.099895 0.959224 0.083155 0.953 0.776 0.671
v -0.327042 -0.312051 -0.105607 0.043 0.039 0.027
v -0.208527 -0.596460 0.030072 0.047 0.035 0.031
v 0.432388 0.587856 -0.297851 0.929 0.718 0.616
v -0.138245 0.857704 -0.159343 0.404 0.302 0.224
v 0.321959 0.862280 0.057673 0.922 0.749 0.631
v 0.357675 0.510332 -0.233570 0.788 0.612 0.486
v 0.010134 0.565065 0.041552 0.953 0.757 0.631
v 0.054816 -0.045050 -0.274608 0.929 0.741 0.569
v -0.563169 -0.396589 -0.170929 0.055 0.039 0.035
v -0.536458 -0.822293 -0.099696 0.110 0.082 0.078
v 0.215920 -1.071009 -0.113837 0.039 0.035 0.027
v 0.125059 0.250608 -0.193355 0.631 0.518 0.412
v -0.131662 0.810465 -0.135486 0.533 0.396 0.325
v 0.043669 -0.123101 -0.226879 0.949 0.749 0.580
v 0.429242 0.645887 -0.276980 0.694 0.486 0.427
v 0.188418 -0.333638 -0.147278 0.039 0.035 0.027
v -0.654706 -0.652883 -0.252794 0.486 0.373 0.302
v 0.472258 -0.941407 -0.258415 0.843 0.651 0.514
v 0.192827 0.024175 -0.324251 0.886 0.733 0.576
v 0.238094 0.760892 0.109352 0.941 0.753 0.659
v 0.081302 0.238799 -0.014355 0.659 0.451 0.365
v 0.306365 -0.548738 -0.087601 0.051 0.043 0.035
v 0.393127 -0.762290 -0.161685 0.086 0.078 0.078
v 0.322355 -0.352713 -0.177092 0.047 0.039 0.027
v 0.551812 -0.183343 -0.371020 0.918 0.741 0.580
v 0.590622 -0.241470 -0.330791 0.957 0.792 0.635
v 0.133591 -0.451838 -0.075292 0.047 0.043 0.035
v -0.002911 -0.166482 -0.192808 0.059 0.047 0.039
v 0.238567 0.866995 0.101400 0.957 0.780 0.678
v -0.149420 0.773001 -0.191477 0.369 0.275 0.196
v -0.095537 -0.671768 0.029734 0.067 0.051 0.055
v 0.094559 0.839190 0.117558 0.957 0.761 0.667
v 0.027870 0.041846 -0.266733 0.894 0.722 0.569
v 0.279152 -0.673694 -0.020798 0.059 0.043 0.043
v -0.122719 0.068033 -0.297090 0.882 0.710 0.557
v 0.403589 0.975141 -0.084128 0.510 0.400 0.310
v 0.511824 -1.093904 -0.299401 0.871 0.663 0.533
v -0.109100 0.537984 -0.055451 0.757 0.576 0.494
v -0.462173 -0.232935 -0.166656 0.039 0.031 0.024
v 0.331818 -0.089413 -0.361713 0.047 0.039 0.027
v 0.013856 0.091790 -0.254813 0.878 0.714 0.553
v -0.455244 -0.006084 -0.312767 0.031 0.024 0.012
v -0.693078 -0.437430 -0.236046 0.875 0.718 0.569
v 0.542720 -0.841069 -0.312150 0.867 0.671 0.522
v -0.065953 0.205136 -0.260655 0.745 0.580 0.443
v 0.459922 -0.714379 -0.282409 0.702 0.537 0.392
v -0.117765 0.799394 -0.090257 0.753 0.592 0.494
v 0.521682 -0.109232 -0.446143 0.890 0.706 0.561
v -0.277963 -0.739264 0.054119 0.082 0.075 0.075
v 0.059866 -0.256073 -0.167019 0.055 0.043 0.035
v 0.640084 -0.414043 -0.325082 0.910 0.753 0.580
v -0.307046 -0.796276 0.039446 0.118 0.102 0.106
v 0.376483 -0.870045 -0.210385 0.122 0.122 0.122
v 0.170344 1.046448 0.024551 0.322 0.243 0.157
v 0.025953 -1.045556 -0.047415 0.031 0.027 0.024
v -0.179029 -0.851811 0.010020 0.039 0.031 0.035
v 0.360634 0.870961 0.020842 0.882 0.702 0.592
v -0.141102 -0.447375 -0.050696 0.051 0.039 0.035
v 0.085174 0.533776 0.139156 0.918 0.733 0.647
v -0.717163 -0.038622 -0.305377 0.882 0.706 0.569
v 0.418901 -0.779210 -0.270096 0.059 0.027 0.020
v -0.178224 0.190054 -0.408739 0.765 0.561 0.404
v -0.644153 -0.684576 -0.258458 0.322 0.247 0.196
v -0.024402 0.226682 -0.231931 0.714 0.561 0.435
v 0.075624 0.561413 0.113495 0.812 0.627 0.529
v -0.080039 0.142468 -0.270101 0.827 0.667 0.522
v 0.550955 -0.775522 -0.310905 0.863 0.678 0.525
v -0.378702 -0.505442 -0.001119 0.051 0.043 0.035
v -0.368877 -0.060324 -0.273277 0.031 0.027 0.020
v 0.095139 0.156790 -0.234952 0.906 0.749 0.604
v -0.075410 -0.799693 0.025396 0.110 0.102 0.106
v 0.033215 -0.975264 -0.032828 0.047 0.043 0.039
v -0.745862 -0.025613 -0.350404 0.800 0.608 0.482
v 0.378611 -0.656527 -0.128230 0.059 0.047 0.035
v -0.015349 1.025441 -0.033828 0.565 0.435 0.345
v -0.729241 -0.771903 -0.249909 0.796 0.624 0.506
v 0.049584 0.874091 0.099941 0.925 0.765 0.655
v 0.476697 -1.044024 -0.274996 0.863 0.667 0.537
v -0.907327 -0.706843 -0.330218 0.757 0.557 0.412
v 0.332265 -1.012037 -0.250053 0.145 0.122 0.122
v 0.243597 0.235360 -0.302265 0.871 0.698 0.537
v -0.539562 -0.661533 -0.053426 0.055 0.051 0.043
v 0.280782 -0.548622 -0.072759 0.047 0.039 0.027
v 0.288626 0.561310 0.016128 0.925 0.722 0.580
v 0.184109 0.333208 -0.018873 0.914 0.749 0.643
v 0.205569 -0.871986 -0.005843 0.067 0.055 0.051
v 0.208865 0.329423 -0.040787 0.878 0.706 0.596
v -0.065964 -0.842371 0.012405 0.055 0.047 0.043
v -0.110393 0.123669 -0.292762 0.824 0.651 0.510
v 0.026499 0.433624 0.049485 0.867 0.686 0.596
v 0.262833 1.017141 0.025122 0.306 0.247 0.169
v 0.035013 0.900165 0.087604 0.910 0.729 0.627
v 0.453570 -0.279985 -0.290777 0.914 0.769 0.631
v 0.290402 0.671485 0.065522 0.863 0.675 0.533
v -0.400582 -0.313630 -0.109134 0.039 0.035 0.027
v 0.244951 0.306739 -0.260119 0.835 0.663 0.522
v -0.093796 0.338327 -0.269539 0.769 0.588 0.447
v -0.690458 -0.711252 -0.276767 0.627 0.494 0.400
v -0.733206 -0.178720 -0.269827 0.875 0.706 0.545
v -0.525125 -0.481973 -0.103393 0.078 0.082 0.082
v -0.617743 -0.076047 -0.268208 0.933 0.769 0.608
v 0.339592 0.494988 -0.158184 0.780 0.612 0.486
v -0.435816 -0.345528 -0.100172 0.051 0.035 0.031
v 0.258482 0.032020 -0.390721 0.886 0.714 0.557
v 0.352850 0.776524 0.022842 0.898 0.745 0.631
v 0.116022 1.032106 0.036692 0.412 0.329 0.247
v 0.161222 0.755628 0.126625 0.953 0.776 0.682
v 0.466119 -0.814898 -0.275791 0.741 0.561 0.435
v 0.262987 0.333763 -0.171498 0.612 0.482 0.373
v -0.068358 0.811263 0.032232 0.812 0.655 0.549
v -0.574505 -0.751904 -0.141249 0.047 0.039 0.043
v 0.219419 0.607022 0.042897 0.714 0.529 0.431
v 0.114509 -0.807260 0.041688 0.086 0.067 0.063
v 0.244573 0.130131 -0.362694 0.835 0.659 0.486
v 0.076582 0.178312 -0.220709 0.831 0.694 0.549
v 0.203428 -0.460782 -0.082960 0.043 0.035 0.027
v 0.168351 1.023206 0.048362 0.373 0.282 0.196
v 0.307216 -0.690984 -0.039102 0.055 0.043 0.035
v 0.208949 -1.041419 -0.103949 0.039 0.031 0.024
v -0.617247 -0.572658 -0.210129 0.024 0.020 0.012
v 0.169402 -0.383372 -0.117179 0.055 0.047 0.039
v 0.237436 0.077890 -0.365384 0.851 0.678 0.514
v 0.354317 0.730864 0.003313 0.875 0.718 0.608
v -0.441663 -0.054297 -0.274481 0.035 0.031 0.020
v -0.135328 0.214974 -0.325804 0.714 0.537 0.384
v -0.101405 -0.944260 -0.008892 0.043 0.039 0.035
v 0.074975 -0.091848 -0.257883 0.949 0.753 0.588
v 0.394366 0.801311 -0.042887 0.800 0.655 0.553
v -0.174608 -0.554036 0.007185 0.051 0.043 0.035
v -0.288346 -0.360532 -0.080340 0.051 0.039 0.031
v 0.175858 0.635847 0.041327 0.784 0.600 0.498
v -0.044243 -0.054888 -0.262343 0.953 0.757 0.592
v 0.285290 -0.732143 -0.012844 0.067 0.055 0.047
v -0.630558 -0.173089 -0.244634 0.922 0.761 0.592
v -0.372201 -0.655174 0.056347 0.059 0.055 0.051
v 0.491856 -0.147244 -0.390326 0.918 0.741 0.592
v -0.048052 -0.252788 -0.154106 0.047 0.039 0.031
v 0.324488 -0.211477 -0.261221 0.043 0.031 0.020
v -0.155943 0.205975 -0.371797 0.706 0.529 0.376
v -0.837936 -0.588709 -0.295670 0.816 0.639 0.490
v -0.715059 -0.634430 -0.258451 0.839 0.663 0.525
v -0.198480 0.088565 -0.361310 0.859 0.675 0.506
v -0.070968 -0.177486 -0.181648 0.051 0.039 0.031
v -0.164797 0.745182 -0.261069 0.749 0.514 0.443
v -0.127528 -0.385159 -0.084656 0.047 0.043 0.035
v 0.498829 -0.544967 -0.264869 0.816 0.639 0.471
v -0.946104 -0.635351 -0.429176 0.573 0.420 0.314
v -0.038198 -0.655214 0.028823 0.055 0.043 0.043
v 0.145141 0.228948 -0.223088 0.847 0.706 0.561
v 0.279745 0.346663 -0.300519 0.859 0.675 0.518
v 0.413427 -0.600355 -0.187873 0.059 0.047 0.047
v 0.418120 0.886020 -0.077046 0.694 0.553 0.451
v 0.050457 0.641353 0.053615 0.757 0.573 0.471
v -0.401339 -0.146719 -0.210725 0.035 0.031 0.020
v 0.054662 0.402352 0.057323 0.549 0.200 0.192
v -0.103570 -0.975357 -0.014538 0.067 0.051 0.047
v 0.271432 0.912815 0.076751 0.929 0.733 0.635
v -0.118929 0.430747 -0.168769 0.643 0.475 0.380
v 0.352160 -0.535021 -0.121513 0.043 0.031 0.024
v -0.030578 -0.369300 -0.102129 0.051 0.043 0.035
v -0.755330 -0.641992 -0.264181 0.851 0.675 0.537
v 0.171738 -0.071539 -0.296413 0.906 0.722 0.561
v 0.415630 0.725891 -0.151530 0.678 0.525 0.427
v -0.350552 -0.031354 -0.292923 0.035 0.027 0.020
v -0.767682 -0.429423 -0.260078 0.851 0.686 0.549
v 0.013719 0.244125 -0.051577 0.482 0.298 0.200
v -0.289772 0.088193 -0.414788 0.863 0.675 0.522
v 0.697852 -0.281633 -0.361902 0.898 0.725 0.565
v -0.548423 -0.012158 -0.314811 0.949 0.773 0.616
v -0.565169 -0.553009 -0.137755 0.031 0.031 0.024
v 0.245031 0.440338 0.005132 0.918 0.741 0.639
v -0.194062 -0.794428 0.031759 0.082 0.075 0.078
v -0.131218 0.966259 -0.233656 0.290 0.216 0.157
v -0.488446 0.046578 -0.381843 0.216 0.122 0.086
v 0.207295 -0.094349 -0.277770 0.102 0.059 0.035
v -0.128801 0.944208 -0.183965 0.329 0.255 0.180
v -0.050016 -0.100948 -0.230039 0.949 0.745 0.584
v 0.542994 -0.904268 -0.313980 0.871 0.655 0.506
v -0.183209 0.647071 -0.313310 0.757 0.494 0.412
v 0.032419 -0.204677 -0.186327 0.051 0.043 0.035
v -0.851297 -0.306902 -0.327134 0.718 0.545 0.408
v 0.238535 -0.445215 -0.100650 0.047 0.039 0.031
v -0.501547 -0.767240 -0.036613 0.086 0.063 0.063
v -0.033560 0.730357 0.077030 0.831 0.647 0.569
v 0.135866 -1.001322 -0.066395 0.039 0.035 0.031
v -0.276341 -0.937441 -0.005376 0.039 0.035 0.027
v -0.053978 0.701632 0.039654 0.565 0.392 0.302
v 0.167457 -1.076355 -0.093345 0.047 0.031 0.027
v -0.750572 -0.378118 -0.252507 0.867 0.702 0.557
v 0.709481 -0.231725 -0.418643 0.859 0.678 0.525
v 0.349030 0.003997 -0.513585 0.145 0.125 0.129
v 0.385204 -0.795723 -0.151971 0.129 0.118 0.098
v 0.251338 1.082116 -0.050632 0.349 0.278 0.192
v -0.742169 -0.069244 -0.301281 0.859 0.694 0.541
v -0.194983 0.596115 -0.314930 0.769 0.482 0.416
v 0.164504 0.816200 0.122840 0.969 0.788 0.690
v 0.452301 0.633668 -0.314074 0.859 0.604 0.494
v 0.179508 -0.863040 0.009937 0.082 0.075 0.067
v 0.166366 0.385779 0.003125 0.525 0.235 0.184
v 0.217552 1.021475 0.039550 0.365 0.302 0.224
v -0.520939 -0.148146 -0.233706 0.878 0.722 0.592
v 0.594021 -0.123860 -0.487944 0.827 0.631 0.490
v -0.126967 0.422265 -0.320016 0.741 0.541 0.412
v -0.044419 -0.020058 -0.266460 0.941 0.745 0.584
v -0.272007 -0.043675 -0.252120 0.027 0.027 0.020
v 0.481484 -0.508727 -0.245296 0.780 0.588 0.424
v 0.562019 -0.393640 -0.300078 0.933 0.769 0.596
v -0.114076 -0.798916 0.027756 0.078 0.063 0.067
v -0.150237 -0.529979 -0.009080 0.055 0.043 0.043
v 0.119113 -0.517717 -0.036208 0.051 0.039 0.031
v -0.050883 0.641335 0.023349 0.867 0.671 0.545
v -0.691293 -0.835988 -0.191402 0.733 0.561 0.463
v 0.066268 0.820235 0.113575 0.953 0.780 0.686
v -0.395904 -0.239826 -0.150796 0.043 0.035 0.027
v 0.431869 -0.689939 -0.265267 0.027 0.020 0.024
v -0.015524 -0.585178 0.004445 0.055 0.039 0.039
v 0.426765 0.970973 -0.136005 0.384 0.298 0.243
v -0.432920 -0.508414 -0.014377 0.051 0.039 0.035
v 0.201723 0.232927 -0.261500 0.910 0.757 0.592
v -0.130770 0.097486 -0.307264 0.835 0.667 0.522
v 0.457392 -0.999012 -0.257477 0.835 0.647 0.522
v 0.402904 0.880998 -0.044427 0.737 0.592 0.490
v -0.044062 0.510392 0.013781 0.882 0.682 0.580
v -0.049097 -0.695481 0.034555 0.059 0.043 0.047
v 0.141475 1.050036 0.017737 0.341 0.275 0.204
v 0.222594 0.483163 0.032665 0.929 0.722 0.627
v 0.173712 -0.511954 -0.050596 0.055 0.043 0.035
v -0.595826 -0.003161 -0.318071 0.937 0.757 0.600
v -0.307732 -0.275624 -0.125590 0.047 0.043 0.031
v -0.726863 -0.297883 -0.250334 0.886 0.722 0.561
v 0.423813 -0.581474 -0.205776 0.078 0.067 0.059
v -0.073396 0.739264 0.042797 0.796 0.631 0.561
v -0.529355 -0.031915 -0.301522 0.941 0.773 0.612
v -0.047202 1.082192 -0.176702 0.267 0.212 0.153
v -0.117926 0.627729 -0.049679 0.773 0.592 0.482
v 0.044490 0.745371 0.118091 0.941 0.776 0.682
v -0.241124 -0.645382 0.049843 0.055 0.043 0.039
v -0.399004 -0.360360 -0.084963 0.047 0.035 0.027
v 0.041894 0.094313 -0.251371 0.867 0.694 0.549
v -0.309904 -0.428150 -0.041918 0.043 0.035 0.027
v 0.434789 -0.609930 -0.238609 0.098 0.082 0.082
v -0.725138 0.011280 -0.410444 0.788 0.584 0.447
v 0.158813 -0.259780 -0.182057 0.043 0.039 0.027
v -0.810997 -0.391407 -0.282660 0.839 0.682 0.545
v 0.500041 -1.027293 -0.280700 0.867 0.671 0.537
v -0.245190 -0.807285 0.031499 0.051 0.039 0.043
v -0.142144 0.707196 -0.238168 0.675 0.498 0.408
v 0.111571 0.608374 0.102830 0.965 0.769 0.675
v 0.275436 -1.008175 -0.142583 0.141 0.114 0.102
v -0.026628 -0.206375 -0.176909 0.059 0.043 0.035
v -0.015377 -0.414551 -0.081782 0.047 0.039 0.031
v -0.456041 0.030979 -0.355368 0.039 0.035 0.020
v -0.397778 -0.788493 0.012413 0.071 0.051 0.055
v -0.115968 0.172149 -0.297470 0.773 0.616 0.475
v -0.786659 -0.474792 -0.270949 0.847 0.682 0.545
v 0.046186 0.527187 0.080178 0.812 0.584 0.510
v 0.378645 -0.129674 -0.351988 0.035 0.031 0.016
v -0.028913 0.294275 -0.202761 0.608 0.451 0.353
v 0.306535 0.518007 -0.010694 0.902 0.710 0.592
v 0.579797 -0.440134 -0.302112 0.925 0.765 0.584
v 0.265863 0.965857 0.058557 0.725 0.553 0.459
v -0.625104 -0.806733 -0.241507 0.216 0.169 0.133
v -0.892237 -0.365107 -0.395316 0.608 0.451 0.318
v -0.566905 -0.143829 -0.244047 0.937 0.784 0.616
v -0.653639 0.006427 -0.327225 0.925 0.729 0.576
v 0.182731 0.880678 0.111930 0.965 0.792 0.686
v 0.374433 -0.054428 -0.447179 0.141 0.122 0.122
v -0.522117 -0.372951 -0.136681 0.055 0.039 0.031
v -0.360297 -0.865963 -0.012873 0.031 0.027 0.020
v 0.047725 -1.070294 -0.055540 0.031 0.027 0.020
v -0.648808 -0.796352 -0.283177 0.224 0.149 0.122
v 0.376284 -0.502807 -0.147182 0.051 0.043 0.031
v 0.517252 -0.408389 -0.278226 0.918 0.745 0.561
v 0.087383 0.227604 -0.042985 0.588 0.412 0.322
v 0.578295 -0.482879 -0.298506 0.922 0.753 0.580
v 0.028858 0.015517 -0.272794 0.906 0.737 0.580
v -0.480794 -0.388301 -0.099654 0.055 0.039 0.031
v 0.460497 -0.184178 -0.351845 0.075 0.067 0.059
v 0.080253 -0.762604 0.045607 0.106 0.090 0.090
v -0.143856 0.282689 -0.378324 0.710 0.522 0.376
v -0.017842 -0.551853 -0.009594 0.051 0.035 0.035
v 0.139340 0.513013 0.115413 0.843 0.624 0.537
v -0.679839 -0.224956 -0.246151 0.902 0.741 0.573
v 0.481891 -0.086509 -0.472772 0.416 0.357 0.318
v 0.202299 -0.894088 -0.020838 0.075 0.071 0.063
v 0.303821 0.389146 -0.326202 0.847 0.667 0.522
v -0.328786 -0.477983 -0.011099 0.051 0.039 0.031
v 0.199196 -0.715521 0.030045 0.067 0.055 0.051
v 0.204428 -0.629576 0.001347 0.059 0.043 0.035
v 0.084840 0.036145 -0.271195 0.922 0.761 0.596
v -0.850576 -0.552089 -0.307413 0.796 0.624 0.486
v 0.350770 0.460429 -0.256367 0.863 0.667 0.537
v -0.788064 -0.667858 -0.270958 0.843 0.663 0.522
v 0.262669 -0.861868 -0.033175 0.059 0.051 0.043
v -0.081720 0.791379 0.014545 0.773 0.620 0.522
v 0.133704 0.910637 0.107371 0.965 0.788 0.682
v 0.245754 -0.796497 0.005331 0.078 0.071 0.063
v 0.382477 -0.884410 -0.256349 0.145 0.114 0.106
v -0.125966 -0.576332 0.006891 0.047 0.039 0.031
v -0.351539 -0.713657 0.058021 0.051 0.043 0.047
v -0.695240 -0.798783 -0.264781 0.584 0.451 0.365
v -0.051981 0.108361 -0.262696 0.894 0.729 0.576
v 0.096446 0.690463 0.106748 0.800 0.627 0.510
v -0.498577 -0.587068 -0.017088 0.055 0.039 0.031
v 0.280312 -0.020667 -0.387682 0.886 0.718 0.557
v -0.179915 0.146036 -0.379548 0.761 0.576 0.420
v -0.066657 0.329830 -0.102522 0.694 0.525 0.435
v -0.519782 -0.336601 -0.142295 0.055 0.039 0.031
v 0.152361 -0.703292 0.039392 0.059 0.051 0.043
v 0.040193 -1.008609 -0.043236 0.043 0.039 0.031
v 0.394750 -0.821487 -0.226950 0.129 0.114 0.102
v 0.380468 0.797121 -0.017364 0.816 0.663 0.549
v 0.279212 0.085634 -0.432269 0.863 0.675 0.494
v 0.400046 0.623935 -0.228015 0.729 0.561 0.459
v -0.753275 -0.280267 -0.263565 0.886 0.714 0.553
v -0.144170 -0.723002 0.034201 0.071 0.055 0.067
v -0.219051 -0.942578 -0.001712 0.098 0.082 0.078
v -0.308382 -0.848987 0.010623 0.047 0.035 0.035
v -0.288392 0.055220 -0.373948 0.871 0.678 0.553
v -0.273090 -0.262758 -0.133198 0.039 0.031 0.024
v 0.271009 -0.569408 -0.058351 0.051 0.039 0.031
v -0.588406 -0.038184 -0.289958 0.937 0.765 0.604
v -0.511349 0.062517 -0.459351 0.816 0.631 0.506
v -0.593150 -0.257128 -0.204401 0.890 0.722 0.557
v -0.012372 -0.456165 -0.059186 0.055 0.051 0.043
v -0.734151 -0.809023 -0.209549 0.824 0.647 0.525
v 0.418767 0.952761 -0.097359 0.553 0.439 0.333
v -0.752415 -0.019586 -0.376932 0.769 0.584 0.451
v -0.270303 -0.649617 0.057597 0.071 0.059 0.055
v 0.477637 -0.118375 -0.411340 0.153 0.114 0.098
v -0.576147 -0.275188 -0.191069 0.867 0.706 0.553
v 0.297035 -0.476155 -0.109473 0.047 0.039 0.031
v 0.222028 0.205327 -0.291003 0.878 0.714 0.553
v 0.298906 0.637902 0.025132 0.733 0.533 0.412
v -0.656560 -0.266718 -0.230049 0.902 0.733 0.573
v -0.050655 0.168111 -0.257117 0.820 0.663 0.518
v -0.955187 -0.687390 -0.421591 0.584 0.447 0.325
v 0.204064 0.540422 0.043269 0.953 0.761 0.659
v -0.007104 -1.015283 -0.034635 0.039 0.035 0.027
v 0.350999 -0.412390 -0.164011 0.055 0.047 0.039
v 0.072130 0.276430 0.009688 0.902 0.675 0.584
v 0.604572 -0.715936 -0.334597 0.867 0.678 0.525
v -0.131304 -0.651124 0.028849 0.051 0.039 0.043
v 0.318522 -0.301644 -0.203731 0.043 0.035 0.027
v -0.123041 0.754261 -0.112404 0.769 0.612 0.514
v 0.086268 0.468371 0.112557 0.565 0.349 0.306
v 0.198159 -0.015891 -0.329928 0.859 0.686 0.529
v -0.214911 0.059794 -0.353016 0.890 0.710 0.537
v 0.262823 -0.222719 -0.231265 0.047 0.043 0.027
v 0.625702 -0.363337 -0.318039 0.925 0.765 0.596
v 0.494681 -0.244204 -0.321347 0.945 0.796 0.631
v 0.269356 0.718555 0.095377 0.925 0.753 0.671
v 0.227897 0.354719 -0.043271 0.882 0.694 0.588
v -0.708394 -0.584227 -0.251854 0.847 0.675 0.537
v -0.445809 -0.284943 -0.134770 0.047 0.035 0.027
v 0.265683 -0.343668 -0.159905 0.043 0.031 0.027
v -0.608487 -0.844168 -0.208582 0.208 0.318 0.180
v 0.373266 -0.930368 -0.277684 0.255 0.216 0.184
v -0.622977 -0.278882 -0.213703 0.882 0.710 0.549
v 0.469352 0.602013 -0.334477 0.878 0.627 0.498
v 0.317055 -0.013132 -0.426397 0.133 0.106 0.086
v 0.099918 0.206633 -0.214226 0.796 0.643 0.518
v 0.155212 -0.467251 -0.069267 0.055 0.043 0.035
v -0.254124 -0.386353 -0.069435 0.039 0.031 0.027
v 0.360174 -0.186579 -0.293153 0.035 0.031 0.016
v 0.416566 0.922747 -0.078803 0.627 0.478 0.369
v 0.373528 0.929722 0.004132 0.765 0.596 0.498
v 0.274408 0.382002 -0.080189 0.871 0.694 0.573
v -0.537424 -0.112981 -0.254900 0.937 0.780 0.612
v 0.446656 -0.201416 -0.330989 0.063 0.063 0.051
v -0.133114 0.587856 -0.209553 0.725 0.537 0.435
v -0.284532 -0.176017 -0.183126 0.039 0.035 0.027
v -0.635791 -0.028587 -0.290122 0.953 0.792 0.631
v 0.581248 -0.536768 -0.300030 0.914 0.741 0.576
v -0.058951 -1.011203 -0.025587 0.031 0.024 0.016
v -0.583591 -0.510454 -0.172621 0.027 0.020 0.016
v 0.009108 0.363962 0.006564 0.839 0.667 0.565
v 0.212183 -0.059465 -0.316277 0.894 0.718 0.557
v -0.368984 -0.180832 -0.186739 0.035 0.031 0.024
v 0.595547 -0.308491 -0.312229 0.937 0.784 0.624
v 0.092150 0.295655 0.013077 0.945 0.741 0.639
v -0.241966 0.090899 -0.388604 0.859 0.671 0.514
v -0.378724 -0.100995 -0.242951 0.031 0.024 0.016
v 0.577517 -0.330210 -0.308651 0.933 0.780 0.616
v 0.078445 -0.812687 0.038598 0.078 0.071 0.067
v -0.130680 -0.883152 0.002721 0.039 0.035 0.027
v -0.011113 -0.777193 0.031700 0.090 0.082 0.086
v -0.474331 -0.205923 -0.181862 0.039 0.035 0.024
v -0.726969 -0.390108 -0.242093 0.855 0.686 0.541
v 0.400427 -0.772968 -0.208476 0.067 0.035 0.027
v -0.557157 -0.689105 -0.089793 0.039 0.031 0.031
v 0.176267 0.253006 -0.225905 0.827 0.667 0.533
v -0.041657 0.837524 0.053549 0.886 0.718 0.624
v 0.212834 -0.493354 -0.070158 0.043 0.039 0.031
v 0.147245 0.839023 0.121955 0.969 0.792 0.686
v -0.507426 -0.871311 -0.101972 0.086 0.063 0.063
v -0.174175 -0.194168 -0.170555 0.047 0.039 0.035
v 0.434759 -0.584046 -0.229554 0.098 0.082 0.075
v 0.485244 -1.083328 -0.287547 0.863 0.667 0.537
v -0.397180 -0.831571 -0.004890 0.067 0.043 0.047
v 0.476417 -0.967913 -0.259850 0.855 0.663 0.533
v 0.413174 -0.503688 -0.179021 0.051 0.039 0.027
v -0.475750 -0.869322 -0.077169 0.075 0.055 0.055
v 0.180168 0.206332 -0.258540 0.918 0.765 0.604
v -0.277424 -0.448848 -0.031661 0.043 0.035 0.031
v -0.946980 -0.669931 -0.399095 0.667 0.506 0.380
v 0.378803 0.622976 -0.137269 0.788 0.604 0.482
v 0.525478 -1.038575 -0.304094 0.875 0.671 0.533
v -0.673536 -0.633124 -0.253034 0.663 0.518 0.408
v 0.158285 0.959603 0.086177 0.933 0.749 0.647
v 0.056152 -0.661982 0.032844 0.055 0.043 0.039
v -0.920442 -0.624560 -0.367044 0.651 0.482 0.369
v -0.318038 -0.335423 -0.093252 0.047 0.039 0.027
v 0.310439 0.437580 -0.104610 0.839 0.667 0.537
v -0.307578 -0.899769 -0.005458 0.043 0.039 0.031
v -0.446749 -0.651901 0.026872 0.055 0.051 0.043
v 0.246352 0.679393 0.086038 0.749 0.569 0.467
v -0.532575 -0.736492 -0.064594 0.027 0.027 0.020
v 0.261931 -0.956401 -0.097415 0.102 0.086 0.078
v -0.213107 -0.344246 -0.095933 0.051 0.039 0.035
v -0.003418 1.045389 -0.051451 0.396 0.306 0.216
v 0.322306 0.579882 -0.015815 0.898 0.718 0.580
v 0.187791 0.372937 -0.007869 0.839 0.643 0.533
v 0.317741 -0.601840 -0.078532 0.051 0.035 0.031
v 0.350176 0.611562 -0.051833 0.886 0.702 0.561
v 0.510773 -0.299072 -0.300940 0.945 0.792 0.631
v 0.168108 0.456010 0.045873 0.933 0.753 0.639
v 0.297089 -1.094552 -0.215004 0.137 0.129 0.133
v -0.294453 -0.099705 -0.231088 0.031 0.027 0.024
v 0.508528 -0.092848 -0.492923 0.827 0.643 0.522
v 0.124860 0.257548 -0.007287 0.906 0.702 0.608
v 0.303387 0.398877 -0.127491 0.824 0.643 0.518
v 0.398236 0.723811 -0.106666 0.780 0.631 0.525
v -0.331809 0.107800 -0.498763 0.106 0.098 0.086
v 0.437998 0.818084 -0.137308 0.529 0.412 0.329
v -0.031281 0.486446 0.019477 0.886 0.678 0.576
v 0.237158 -0.745097 0.018338 0.063 0.051 0.043
v 0.734616 -0.319869 -0.410097 0.831 0.663 0.494
v -0.719530 -0.555157 -0.250826 0.851 0.682 0.545
v -0.542016 0.059289 -0.418644 0.890 0.694 0.545
v 0.274308 1.054356 -0.025507 0.322 0.271 0.200
v -0.066785 -0.553352 -0.007398 0.063 0.047 0.043
v -0.611771 -0.046700 -0.282229 0.945 0.776 0.620
v -0.054159 0.585457 0.018892 0.914 0.710 0.584
v -0.366756 -0.551080 0.025991 0.059 0.043 0.039
v 0.101726 0.869019 0.114822 0.965 0.788 0.682
v 0.362178 -0.331156 -0.206618 0.047 0.039 0.027
v 0.333828 -0.511843 -0.116616 0.055 0.039 0.043
v 0.143569 0.098778 -0.273795 0.894 0.741 0.576
v -0.580439 -0.175905 -0.233987 0.937 0.776 0.604
v -0.122025 -0.099853 -0.202758 0.710 0.588 0.533
v -0.552324 -0.528692 -0.126399 0.031 0.031 0.024
v -0.132533 0.882661 -0.142065 0.400 0.302 0.220
v 0.013338 -0.769671 0.035624 0.090 0.078 0.075
v 0.180090 -0.659794 0.021872 0.063 0.047 0.043
v 0.644488 -0.819175 -0.372800 0.839 0.635 0.478
v -0.142040 0.669988 -0.244302 0.875 0.686 0.561
v 0.522387 -0.608900 -0.278900 0.765 0.537 0.376
v -0.012186 -0.929356 -0.010645 0.047 0.039 0.035
v 0.470308 0.819132 -0.268519 0.255 0.200 0.149
v 0.077042 0.005283 -0.274281 0.925 0.757 0.588
v 0.377971 -0.254579 -0.254036 0.047 0.035 0.027
v 0.226894 0.260700 -0.268931 0.882 0.714 0.565
v 0.188587 0.740233 0.123719 0.957 0.780 0.686
v 0.222895 0.654012 0.059014 0.624 0.424 0.310
v 0.503197 -0.854927 -0.286465 0.859 0.655 0.506
v 0.163263 -0.025667 -0.308660 0.894 0.722 0.561
v -0.135469 0.754594 -0.152019 0.631 0.490 0.400
v 0.252418 -0.621786 -0.024551 0.051 0.039 0.031
v 0.379966 1.026120 -0.098382 0.314 0.259 0.208
v 0.376267 -0.020663 -0.523220 0.125 0.114 0.114
v -0.694679 -0.042089 -0.289501 0.933 0.761 0.600
v 0.399367 -0.749233 -0.185426 0.075 0.055 0.035
v 0.596374 -0.767393 -0.337234 0.875 0.682 0.529
v 0.291238 -0.630653 -0.046543 0.055 0.043 0.031
v -0.644792 -0.125275 -0.253728 0.922 0.765 0.592
v -0.150508 -0.835683 0.011377 0.051 0.043 0.047
v 0.018118 -0.035602 -0.278528 0.922 0.737 0.569
v 0.153542 -0.170196 -0.222734 0.051 0.039 0.027
v -0.881103 -0.688809 -0.312049 0.788 0.592 0.447
v 0.451454 0.824407 -0.189932 0.373 0.290 0.224
v -0.130852 0.617060 -0.092898 0.698 0.502 0.404
v -0.071535 0.307322 -0.250938 0.745 0.573 0.435
v -0.193842 0.164569 -0.412091 0.776 0.576 0.416
v -0.203892 0.172144 -0.449418 0.824 0.616 0.435
v 0.018743 0.680791 0.061093 0.588 0.439 0.333
v -0.062578 0.330772 -0.218714 0.608 0.447 0.329
v -0.737270 -0.428263 -0.247204 0.851 0.690 0.549
v 0.076297 -0.175904 -0.203143 0.051 0.035 0.024
v -0.772480 -0.329309 -0.265625 0.867 0.694 0.545
v -0.885755 -0.403883 -0.360655 0.627 0.467 0.341
v 0.324601 0.671634 0.037375 0.886 0.729 0.631
v 0.107195 0.740672 0.127234 0.949 0.776 0.678
v -0.571757 -0.449735 -0.173986 0.035 0.024 0.020
v -0.006387 0.190775 -0.231896 0.753 0.600 0.463
v -0.053395 -0.413170 -0.076957 0.051 0.043 0.035
v -0.103153 0.843099 -0.040952 0.682 0.533 0.443
v 0.323945 0.637798 0.000502 0.827 0.655 0.533
v 0.322341 -0.568335 -0.091983 0.055 0.043 0.031
v -0.116430 0.931391 -0.121530 0.408 0.310 0.224
v -0.312858 -0.570495 0.039566 0.051 0.039 0.035
v 0.317090 0.017690 -0.462657 0.898 0.714 0.549
v -0.539703 0.047631 -0.390466 0.933 0.733 0.592
v -0.506184 -0.624380 -0.013781 0.055 0.051 0.051
v -0.263979 -0.554442 0.026193 0.047 0.039 0.031
v 0.110255 -0.438684 -0.080784 0.051 0.043 0.035
v -0.226332 -0.844445 0.014422 0.043 0.039 0.035
v -0.174602 0.070549 -0.334705 0.808 0.635 0.486
v -0.892764 -0.503377 -0.353426 0.639 0.490 0.361
v 0.067079 0.504400 0.139904 0.835 0.651 0.573
v -0.483414 -0.361898 -0.111663 0.043 0.031 0.024
v 0.553594 -0.282741 -0.312909 0.945 0.792 0.631
v -0.138004 0.941971 -0.239128 0.263 0.188 0.137
v -0.205748 0.735902 -0.346649 0.812 0.525 0.424
v 0.433407 0.793972 -0.145203 0.502 0.384 0.302
v -0.880039 -0.290935 -0.402679 0.635 0.475 0.337
v -0.188792 -0.653137 0.040052 0.063 0.055 0.055
v 0.515989 -0.576234 -0.272998 0.855 0.675 0.506
v -0.133006 0.607185 -0.163924 0.714 0.525 0.431
v -0.153326 0.742623 -0.200407 0.447 0.314 0.239
v -0.015866 -0.258073 -0.156174 0.055 0.043 0.039
v -0.433594 0.043834 -0.394420 0.027 0.024 0.016
v 0.742781 -0.398380 -0.431786 0.776 0.608 0.439
v 0.355720 -0.481898 -0.140318 0.051 0.043 0.035
v 0.157522 0.484869 0.046793 0.855 0.651 0.565
v 0.396507 -0.082773 -0.417324 0.047 0.043 0.031
v 0.370548 0.583999 -0.152147 0.784 0.596 0.471
v -0.126329 -0.750358 0.030506 0.086 0.078 0.078
v 0.227451 -0.672375 0.009082 0.055 0.051 0.043
v 0.068691 -0.524161 -0.026766 0.055 0.043 0.039
v 0.122150 -1.025626 -0.069358 0.035 0.031 0.024
v -0.738036 -0.208485 -0.268219 0.886 0.718 0.557
v 0.195518 0.178613 -0.279542 0.914 0.757 0.580
v -0.053361 -0.868029 0.005554 0.047 0.047 0.043
v 0.191415 -0.579285 -0.020486 0.055 0.039 0.039
v 0.265290 0.471640 0.007061 0.922 0.722 0.608
v -0.829521 -0.199852 -0.345466 0.714 0.529 0.392
v 0.414546 -0.888442 -0.268047 0.506 0.380 0.290
v -0.797233 -0.287067 -0.283544 0.851 0.675 0.514
v 0.080665 -0.880046 0.014227 0.063 0.055 0.051
v 0.094649 0.237873 -0.195795 0.498 0.373 0.282
v -0.056189 -0.328525 -0.119458 0.043 0.035 0.027
v 0.438374 0.717817 -0.226269 0.424 0.333 0.263
v -0.284865 -0.474508 -0.015021 0.039 0.031 0.027
v -0.090805 -0.741478 0.032055 0.067 0.059 0.059
v -0.788831 -0.601451 -0.273076 0.839 0.663 0.529
v 0.416455 0.537881 -0.292730 0.941 0.686 0.600
v 0.404908 -1.011208 -0.260287 0.612 0.475 0.388
v -0.807657 -0.622968 -0.278918 0.847 0.663 0.525
v -0.222575 -0.663917 0.049212 0.055 0.051 0.051
v 0.071923 0.607186 0.073006 0.776 0.573 0.471
v -0.155425 0.043124 -0.310288 0.867 0.694 0.537
v 0.276609 0.282506 -0.345491 0.796 0.620 0.459
v -0.384436 0.049146 -0.403645 0.027 0.024 0.012
v 0.030096 0.329529 0.010903 0.851 0.663 0.565
v 0.137644 -0.309946 -0.151355 0.047 0.043 0.031
v -0.905540 -0.548180 -0.365199 0.600 0.447 0.325
v -0.126333 -0.261303 -0.144991 0.047 0.043 0.031
v 0.414680 -0.627368 -0.196889 0.082 0.063 0.055
v 0.573962 -0.789136 -0.326764 0.871 0.682 0.525
v 0.182722 -0.246642 -0.193879 0.047 0.039 0.027
v -0.464911 0.068522 -0.444805 0.086 0.063 0.071
v 0.294983 0.962924 0.048731 0.592 0.431 0.345
v 0.324938 0.719699 0.047300 0.898 0.737 0.639
v 0.149223 -0.771895 0.043508 0.086 0.063 0.071
v -0.102560 0.405671 -0.126463 0.745 0.573 0.490
v -0.276920 -0.822738 0.023099 0.047 0.031 0.043
v 0.319770 -0.654921 -0.062091 0.051 0.039 0.027
v -0.342419 0.043520 -0.370675 0.027 0.016 0.012
v 0.065899 -0.411864 -0.092656 0.051 0.043 0.035
v 0.358347 0.908275 0.029610 0.843 0.647 0.549
v -0.376618 -0.463215 -0.025721 0.047 0.035 0.031
v -0.578357 -0.610036 -0.132892 0.024 0.020 0.012
v -0.120796 0.455596 -0.308911 0.757 0.561 0.435
v 0.034840 -0.796116 0.034882 0.086 0.078 0.082
v 0.391614 0.492110 -0.274713 0.933 0.706 0.588
v -0.054149 -0.488497 -0.036474 0.051 0.039 0.035
v 0.073757 -0.352593 -0.123584 0.047 0.039 0.031
v 0.545158 -0.666209 -0.293626 0.882 0.710 0.545
v 0.662771 -0.467832 -0.336729 0.902 0.737 0.561
v 0.224894 0.404207 0.000927 0.894 0.722 0.616
v -0.682180 0.002289 -0.328987 0.914 0.729 0.573
v 0.127873 0.069717 -0.275944 0.898 0.745 0.576
v 0.052483 0.167438 -0.224553 0.827 0.682 0.537
v -0.443433 -0.379017 -0.087026 0.055 0.039 0.035
v 0.338192 -0.705631 -0.069406 0.047 0.039 0.035
v -0.365986 -0.483535 -0.011485 0.055 0.039 0.035
v -0.180630 0.715528 -0.306306 0.882 0.675 0.576
v -0.124847 0.794781 -0.114107 0.714 0.573 0.471
v 0.048722 -0.158150 -0.201390 0.063 0.051 0.035
v 0.415281 0.831437 -0.078329 0.541 0.392 0.302
v 0.138214 -0.222048 -0.195924 0.043 0.031 0.024
v 0.241776 0.320366 -0.217090 0.655 0.529 0.416
v 0.331366 0.518205 -0.062587 0.788 0.600 0.471
v 0.533497 -0.815007 -0.304594 0.867 0.675 0.522
v -0.869627 -0.613781 -0.314401 0.780 0.596 0.455
v 0.365481 -1.038255 -0.280262 0.157 0.137 0.102
v 0.569678 -0.122685 -0.448551 0.898 0.718 0.569
v 0.406824 -0.178160 -0.321223 0.035 0.027 0.016
v -0.006320 -0.731393 0.037078 0.075 0.063 0.063
v 0.081882 0.886393 0.106616 0.965 0.796 0.686
v -0.482762 -0.771334 -0.020467 0.086 0.063 0.063
v -0.413622 0.074444 -0.476673 0.051 0.047 0.039
v 0.248042 0.288845 -0.279517 0.871 0.694 0.541
v -0.009977 0.692293 0.058613 0.427 0.259 0.216
v 0.506001 -0.207311 -0.345196 0.933 0.769 0.612
v -0.351822 0.005023 -0.328324 0.024 0.020 0.012
v -0.131828 -0.160600 -0.183777 0.055 0.043 0.035
v -0.235926 -0.167685 -0.184108 0.035 0.031 0.024
v -0.146012 0.630853 -0.245684 0.878 0.706 0.600
v 0.726403 -0.364165 -0.386094 0.827 0.655 0.490
v -0.249807 -0.210768 -0.162017 0.035 0.031 0.024
v 0.544337 -0.871046 -0.314250 0.871 0.671 0.518
v -0.160059 -0.911709 -0.000001 0.043 0.039 0.031
v -0.239277 0.057870 -0.360620 0.890 0.706 0.541
v -0.084021 1.027136 -0.142836 0.329 0.259 0.173
v 0.313622 0.990982 0.016645 0.365 0.290 0.212
v -0.136487 0.641340 -0.133126 0.714 0.518 0.420
v 0.376050 0.517780 -0.254280 0.945 0.749 0.624
v 0.454421 0.963347 -0.199275 0.369 0.298 0.235
v -0.479886 -0.411384 -0.089860 0.051 0.039 0.031
v -0.097767 0.608483 -0.012615 0.851 0.635 0.525
v -0.324722 0.059727 -0.379374 0.043 0.027 0.016
v -0.123407 0.844405 -0.098827 0.588 0.463 0.380
v 0.438615 0.530838 -0.320610 0.914 0.667 0.565
v 0.212667 0.788026 0.117132 0.965 0.780 0.690
v -0.551187 -0.198793 -0.214325 0.933 0.773 0.600
v 0.199072 0.980179 0.072241 0.816 0.635 0.533
v -0.630352 0.022776 -0.347222 0.929 0.729 0.580
v 0.156256 -0.405740 -0.103542 0.055 0.043 0.035
v 0.199622 0.902538 0.102845 0.961 0.776 0.667
v 0.435036 -1.079723 -0.269112 0.792 0.608 0.502
v 0.125442 0.450122 0.067906 0.898 0.702 0.604
v -0.894542 -0.450927 -0.372156 0.616 0.459 0.337
v 0.025057 -0.292484 -0.145443 0.055 0.047 0.035
v 0.673564 -0.516901 -0.346020 0.890 0.722 0.545
v 0.416780 0.622106 -0.278863 0.875 0.675 0.592
v -0.456820 -0.746758 0.007461 0.071 0.055 0.051
v 0.010590 0.417493 0.031187 0.624 0.400 0.349
v 0.411877 -0.809865 -0.264570 0.125 0.114 0.086
v 0.266019 0.229004 -0.372278 0.792 0.616 0.455
v 0.340605 -0.258270 -0.236460 0.043 0.035 0.024
v -0.113241 -0.616780 0.018224 0.051 0.039 0.031
v -0.197234 -0.138100 -0.193319 0.043 0.035 0.027
v 0.530401 -0.953332 -0.300636 0.875 0.667 0.525
v 0.235099 0.104112 -0.356789 0.824 0.647 0.482
v -0.683792 -0.256730 -0.241891 0.898 0.729 0.569
v 0.543916 -0.710456 -0.297323 0.882 0.698 0.541
v 0.581933 -0.281486 -0.314915 0.949 0.796 0.635
v -0.084369 0.378720 -0.103299 0.725 0.557 0.478
v 0.061771 1.009374 0.046341 0.592 0.420 0.325
v -0.096741 0.430191 -0.096045 0.780 0.612 0.522
v -0.306326 -0.297499 -0.113503 0.039 0.031 0.024
v 0.106036 -0.592005 0.004406 0.059 0.043 0.039
v -0.385348 0.093905 -0.504324 0.059 0.043 0.039
v -0.106107 -1.039140 -0.023675 0.067 0.051 0.055
v 0.724951 -0.398641 -0.385864 0.847 0.667 0.498
v -0.879679 -0.335653 -0.367968 0.631 0.463 0.333
v 0.337145 0.768833 0.040714 0.918 0.757 0.639
v -0.160596 -0.387823 -0.079780 0.047 0.039 0.035
v 0.088537 0.132981 -0.242626 0.910 0.745 0.600
v 0.118919 -0.186021 -0.208133 0.063 0.043 0.031
v -0.827580 -0.350789 -0.294925 0.804 0.627 0.478
v -0.711012 -0.669607 -0.263339 0.792 0.620 0.506
v -0.326079 -0.199118 -0.171593 0.039 0.035 0.027
v -0.416861 0.052464 -0.419472 0.035 0.031 0.020
v -0.144676 -0.019132 -0.276087 0.929 0.749 0.588
v -0.076467 0.257795 -0.262843 0.741 0.584 0.447
v 0.686922 -0.230399 -0.381006 0.898 0.725 0.565
v 0.037157 -0.531034 -0.021599 0.047 0.039 0.031
v 0.090509 -0.076812 -0.270485 0.949 0.753 0.592
v 0.405847 0.928968 -0.051607 0.678 0.522 0.420
v 0.057222 0.922176 0.088814 0.937 0.753 0.643
v -0.264460 -0.098736 -0.223348 0.039 0.031 0.027
v -0.068696 0.902009 0.000940 0.784 0.624 0.522
v 0.454468 -1.029673 -0.264135 0.835 0.643 0.518
v 0.023841 -0.108525 -0.246491 0.941 0.741 0.573
v -0.658251 -0.064976 -0.270099 0.945 0.784 0.627
v 0.219898 -0.793879 0.021186 0.075 0.063 0.055
v -0.305967 -0.135547 -0.210226 0.043 0.035 0.031
v 0.451386 0.799943 -0.197425 0.408 0.318 0.243
v -0.313409 -0.044783 -0.269869 0.035 0.027 0.024
v 0.021389 0.605196 0.043967 0.906 0.714 0.604
v 0.026744 -0.086560 -0.266381 0.953 0.765 0.596
v 0.374350 0.874669 0.000431 0.882 0.729 0.624
v 0.166641 -0.341619 -0.138321 0.047 0.039 0.031
v -0.001629 -0.689509 0.037401 0.063 0.051 0.051
v -0.664425 -0.564379 -0.242179 0.737 0.580 0.447
v -0.559952 -0.088026 -0.267118 0.933 0.776 0.608
v 0.367025 0.708599 -0.040822 0.859 0.694 0.580
v 0.591004 -0.851261 -0.342183 0.863 0.663 0.510
v 0.384276 -0.281262 -0.241298 0.043 0.035 0.024
v -0.111742 0.726354 -0.066298 0.792 0.639 0.537
v -0.512981 -0.219012 -0.182644 0.063 0.051 0.039
v -0.082865 -0.366434 -0.098204 0.043 0.035 0.027
v 0.230517 -0.015640 -0.355461 0.859 0.682 0.522
v -0.164811 0.551078 -0.283431 0.655 0.427 0.349
v 0.248228 0.937326 0.075443 0.922 0.733 0.620
v -0.630929 -0.834295 -0.256079 0.141 0.114 0.075
v -0.858751 -0.384809 -0.321096 0.737 0.569 0.447
v -0.034118 0.310226 -0.053534 0.729 0.553 0.471
v -0.737839 -0.127738 -0.279441 0.871 0.706 0.545
v 0.144092 0.357452 0.012962 0.867 0.635 0.569
v -0.019451 0.880177 0.059503 0.878 0.706 0.608
v 0.092245 0.325396 0.020729 0.851 0.651 0.553
v -0.275813 -0.773209 0.045190 0.086 0.071 0.078
v -0.386265 -0.283372 -0.122798 0.051 0.039 0.031
v 0.699084 -0.360773 -0.354252 0.878 0.702 0.541
v -0.073292 -0.949350 -0.011844 0.043 0.039 0.031
v 0.640950 -0.512068 -0.327753 0.910 0.741 0.569
v 0.668335 -0.719967 -0.374651 0.839 0.647 0.486
v 0.443770 -0.141351 -0.373157 0.071 0.063 0.055
v 0.572280 -0.171078 -0.386589 0.910 0.725 0.561
v 0.370451 -0.703782 -0.109680 0.059 0.043 0.035
v 0.170385 -0.209611 -0.208657 0.047 0.039 0.027
v 0.450233 -0.541896 -0.233846 0.090 0.075 0.067
v 0.387115 0.720827 -0.080705 0.804 0.635 0.518
v 0.354184 0.550386 -0.123368 0.753 0.584 0.475
v 0.268349 0.826454 0.092493 0.929 0.741 0.631
v 0.224396 0.901318 0.096611 0.941 0.757 0.647
v 0.458147 0.772337 -0.238808 0.282 0.208 0.145
v -0.132799 0.554391 -0.154872 0.749 0.569 0.475
v -0.087567 0.534224 -0.018999 0.796 0.627 0.529
v 0.103575 -0.681115 0.038970 0.067 0.047 0.043
v 0.324262 -0.443858 -0.136818 0.043 0.039 0.027
v 0.228595 -0.369749 -0.136141 0.039 0.035 0.027
v 0.450062 -0.377917 -0.235069 0.894 0.718 0.545
v 0.636026 -0.598867 -0.334229 0.890 0.718 0.549
v -0.694994 -0.817665 -0.225925 0.675 0.525 0.431
v 0.084371 -0.996042 -0.050856 0.047 0.039 0.035
v -0.550915 -0.261923 -0.179285 0.071 0.043 0.024
v -0.062289 0.760915 0.054452 0.502 0.361 0.278
v 0.114192 -0.938475 -0.027163 0.043 0.035 0.039
v 0.196069 -0.392070 -0.116434 0.051 0.043 0.035
v 0.113180 -0.729838 0.046644 0.082 0.071 0.067
v 0.318912 -0.165275 -0.290448 0.039 0.035 0.024
v 0.668360 -0.170427 -0.470350 0.847 0.663 0.514
v 0.037527 -0.619386 0.017064 0.047 0.039 0.035
v 0.325912 1.088132 -0.122794 0.431 0.345 0.259
v 0.362952 0.536678 -0.209912 0.831 0.651 0.533
v 0.635767 -0.550722 -0.328265 0.894 0.725 0.557
v -0.553503 -0.743285 -0.101880 0.035 0.020 0.020
v -0.481271 -0.726464 -0.001969 0.075 0.067 0.063
v -0.417296 -0.035726 -0.295250 0.035 0.031 0.024
v 0.269598 0.519440 0.020412 0.918 0.698 0.580
v 0.415668 -0.397822 -0.200246 0.051 0.039 0.027
v -0.520489 -0.783150 -0.068039 0.024 0.016 0.016
v -0.028134 -0.682878 0.034547 0.063 0.055 0.055
v 0.379512 -1.016156 -0.274733 0.302 0.239 0.192
v 0.102858 -0.224815 -0.187990 0.051 0.043 0.031
v -0.007626 -0.341369 -0.119057 0.043 0.039 0.031
v -0.119053 0.441114 -0.146492 0.733 0.557 0.471
v 0.512589 -0.699226 -0.280618 0.863 0.682 0.533
v 0.127970 0.006080 -0.291303 0.890 0.729 0.569
v 0.172835 0.940849 0.093272 0.953 0.761 0.655
v -0.008028 0.269039 -0.205881 0.600 0.463 0.361
v 0.088307 -1.041302 -0.063392 0.039 0.031 0.024
v 0.161531 0.294431 -0.018130 0.910 0.725 0.616
v 0.608528 -0.883518 -0.355103 0.867 0.651 0.494
v -0.081269 -0.897045 -0.000240 0.047 0.039 0.043
v -0.037561 1.067450 -0.126699 0.337 0.255 0.176
v 0.299506 0.817104 0.073740 0.922 0.745 0.624
v -0.922599 -0.548855 -0.416930 0.569 0.416 0.294
v 0.412082 -0.252799 -0.273990 0.055 0.051 0.035
v -0.080610 -0.600283 0.011044 0.051 0.043 0.035
v 0.126896 0.560188 0.111277 0.902 0.710 0.612
v 0.192728 0.564195 0.045298 0.961 0.776 0.675
v -0.580797 -0.877542 -0.169254 0.251 0.369 0.224
v 0.478096 -0.561365 -0.259667 0.698 0.514 0.353
v -0.434509 -0.864460 -0.046634 0.094 0.071 0.071
v 0.192948 -0.755146 0.034898 0.078 0.067 0.071
v -0.127640 -0.356373 -0.099239 0.043 0.035 0.031
v 0.682802 -0.562692 -0.355891 0.871 0.698 0.525
v -0.141292 0.229203 -0.344801 0.694 0.518 0.373
v 0.339422 -0.055715 -0.406476 0.086 0.067 0.059
v 0.250376 -0.127688 -0.279636 0.051 0.039 0.024
v 0.477468 -0.611386 -0.268694 0.729 0.576 0.412
v -0.410555 -0.475104 -0.026074 0.051 0.035 0.031
v -0.095688 -0.219636 -0.164402 0.051 0.039 0.031
v 0.152117 0.414733 0.045305 0.910 0.741 0.635
v -0.072408 0.981714 -0.055390 0.561 0.424 0.318
v 0.720608 -0.326892 -0.379928 0.843 0.671 0.506
v -0.631395 0.046164 -0.389588 0.894 0.686 0.553
v 0.046044 0.292824 0.009380 0.929 0.722 0.624
v 0.537266 -0.134792 -0.416646 0.910 0.725 0.569
v -0.455149 -0.494616 -0.032999 0.051 0.039 0.035
v 0.313626 -0.953694 -0.153567 0.082 0.051 0.043
v -0.219936 -0.392483 -0.069729 0.043 0.035 0.027
v -0.050865 0.899930 0.023027 0.839 0.678 0.569
v -0.035317 -0.128308 -0.207123 0.890 0.722 0.608
v 0.552168 -0.441155 -0.290279 0.922 0.749 0.573
v -0.619217 -0.135907 -0.251729 0.929 0.769 0.596
v -0.272404 -0.337088 -0.094192 0.043 0.031 0.027
v 0.639501 -0.914132 -0.379382 0.855 0.635 0.482
v 0.108986 0.789672 0.124791 0.957 0.784 0.682
v 0.015303 0.653930 0.048949 0.690 0.537 0.482
v 0.022566 -0.229033 -0.174537 0.047 0.039 0.027
v 0.348834 -0.150702 -0.316934 0.035 0.027 0.016
v 0.163376 -0.602891 0.001519 0.055 0.043 0.035
v 0.322581 0.812521 0.057246 0.918 0.745 0.631
v -0.503605 -0.420855 -0.105215 0.059 0.043 0.039
v 0.605278 -0.592276 -0.318410 0.890 0.722 0.553
v 0.118959 -0.783746 0.045108 0.094 0.082 0.086
v -0.280572 0.072504 -0.391724 0.875 0.686 0.529
v -0.365674 -0.901623 -0.023566 0.035 0.031 0.024
v 0.647808 -0.246275 -0.342645 0.933 0.769 0.608
v -0.006636 0.256603 -0.055482 0.576 0.412 0.329
v 0.055617 -0.572318 -0.002930 0.059 0.047 0.039
v -0.014281 0.965371 0.028695 0.788 0.608 0.498
v 0.162031 1.074024 -0.015925 0.149 0.086 0.035
v 0.447870 0.832821 -0.162494 0.365 0.267 0.188
v -0.445340 -0.701491 0.025625 0.059 0.059 0.055
v 0.387553 -0.893176 -0.278346 0.286 0.263 0.235
v -0.572690 0.061218 -0.421413 0.894 0.690 0.545
v 0.345134 -0.911926 -0.164726 0.114 0.082 0.075
v -0.552461 -0.377314 -0.161333 0.047 0.031 0.024
v 0.146070 0.635342 0.070727 0.859 0.675 0.557
v 0.069621 0.201504 -0.210823 0.690 0.553 0.439
v 0.150324 -0.542665 -0.029076 0.055 0.043 0.035
v 0.568118 -0.820807 -0.326747 0.867 0.671 0.522
v 0.340736 -0.964965 -0.217713 0.145 0.114 0.106
v 0.470735 0.863656 -0.268319 0.255 0.208 0.157
v 0.387620 0.679094 -0.116447 0.820 0.659 0.537
v 0.181440 0.121320 -0.286930 0.898 0.741 0.580
v -0.364628 -0.624499 0.051890 0.071 0.055 0.051
v -0.044249 -0.827206 0.021154 0.059 0.051 0.055
v 0.366276 -0.849342 -0.147249 0.098 0.086 0.078
v -0.429584 -0.528715 -0.002010 0.051 0.039 0.035
v 0.662271 -0.346860 -0.330089 0.910 0.749 0.584
v 0.042335 0.456909 0.060595 0.820 0.651 0.565
v 0.168384 0.268083 -0.194452 0.647 0.514 0.404
v -0.065777 0.448123 -0.036131 0.769 0.592 0.514
v -0.071126 0.330285 -0.156709 0.533 0.365 0.259
v -0.224571 -0.764960 0.043988 0.106 0.094 0.094
v 0.359846 0.591174 -0.094847 0.824 0.620 0.482
v -0.043671 -0.911954 -0.003972 0.035 0.035 0.027
v -0.211809 -0.322923 -0.107038 0.043 0.039 0.027
v 0.248719 -0.884545 -0.037984 0.098 0.086 0.078
v -0.681413 -0.825409 -0.271083 0.502 0.376 0.322
v 0.142956 0.571742 0.091745 0.890 0.706 0.596
v 0.436179 -0.535389 -0.213839 0.094 0.078 0.075
v 0.155730 -0.946509 -0.039308 0.059 0.043 0.043
v 0.085321 0.372554 0.046223 0.867 0.451 0.431
v 0.204257 -0.414944 -0.105935 0.051 0.047 0.039
v -0.174102 -0.223572 -0.158301 0.039 0.035 0.027
v 0.330603 -1.066441 -0.271901 0.114 0.094 0.071
v -0.650737 -0.319680 -0.218615 0.882 0.710 0.549
v -0.143180 -0.303440 -0.123037 0.043 0.039 0.031
v 0.434320 -0.320776 -0.252410 0.412 0.353 0.325
v 0.070818 -0.502909 -0.038777 0.055 0.043 0.035
v 0.191077 0.102505 -0.300219 0.890 0.733 0.569
v 0.113657 0.978708 0.075514 0.898 0.718 0.616
v -0.077018 -0.131412 -0.193712 0.067 0.051 0.039
v 0.277804 0.281901 -0.377549 0.745 0.573 0.420
v 0.103178 0.076809 -0.268409 0.914 0.761 0.596
v -0.178742 0.784263 -0.298188 0.847 0.557 0.459
v -0.543166 -0.141114 -0.242392 0.949 0.792 0.624
v -0.131652 0.696484 -0.129117 0.808 0.631 0.533
v 0.374589 1.050966 -0.124194 0.267 0.216 0.176
v -0.004339 0.121433 -0.249282 0.847 0.682 0.529
v 0.412929 -0.769157 -0.242087 0.090 0.071 0.063
v 0.205210 0.149582 -0.294386 0.890 0.729 0.561
v -0.003132 0.858815 0.076566 0.890 0.722 0.620
v 0.327302 0.603579 -0.018334 0.902 0.729 0.600
v 0.051879 0.849583 0.104682 0.949 0.776 0.675
v -0.653989 -0.867272 -0.113737 0.647 0.490 0.396
v 0.316719 0.417923 -0.152239 0.792 0.627 0.502
v 0.418070 -0.686348 -0.222028 0.075 0.051 0.043
v 0.337401 -0.490102 -0.125963 0.051 0.043 0.035
v 0.139240 0.133739 -0.263015 0.914 0.769 0.612
v -0.136704 -0.493842 -0.027867 0.047 0.039 0.031
v -0.082714 0.019271 -0.275800 0.875 0.686 0.525
v -0.230569 0.018067 -0.327959 0.890 0.714 0.557
v -0.109214 0.214200 -0.291191 0.737 0.576 0.431
v -0.521369 -0.522622 -0.077515 0.059 0.055 0.047
v -0.571603 -0.305111 -0.182265 0.055 0.035 0.024
v 0.228958 0.047688 -0.358280 0.847 0.678 0.518
v 0.171413 -1.009998 -0.080496 0.043 0.035 0.031
v 0.345320 0.506152 -0.178636 0.773 0.596 0.478
v 0.173434 0.065439 -0.301025 0.902 0.749 0.588
v -0.027906 0.656296 0.041457 0.671 0.502 0.408
v -0.009000 0.244159 -0.218078 0.659 0.533 0.420
v 0.233363 0.726934 0.112621 0.945 0.765 0.678
v -0.098784 0.795701 -0.030363 0.741 0.580 0.494
v -0.022744 0.268443 -0.074534 0.624 0.455 0.365
v 0.559351 -0.503286 -0.288364 0.914 0.749 0.580
v 0.450009 0.727492 -0.265710 0.329 0.251 0.192
v 0.293574 -1.058013 -0.189859 0.188 0.180 0.184
v -0.292359 0.110140 -0.454341 0.808 0.620 0.475
v -0.822194 -0.452685 -0.288948 0.824 0.663 0.525
v 0.300684 -0.204213 -0.257397 0.039 0.031 0.020
v -0.096154 -0.456072 -0.049573 0.051 0.039 0.035
v 0.062730 -0.332988 -0.131593 0.047 0.043 0.035
v 0.376169 0.739216 -0.038189 0.839 0.682 0.569
v -0.527750 -0.679141 -0.039226 0.055 0.055 0.055
v 0.137371 1.078847 -0.026570 0.227 0.169 0.090
v -0.223173 -0.045785 -0.231127 0.067 0.043 0.027
v 0.278212 -0.905403 -0.074494 0.110 0.090 0.090
v -0.376271 0.077579 -0.450656 0.039 0.027 0.020
v -0.139703 0.275060 -0.355978 0.706 0.522 0.380
v 0.438275 0.946189 -0.143039 0.380 0.298 0.212
v 0.098047 -0.907005 -0.002097 0.071 0.055 0.059
v -0.406351 -0.089426 -0.251641 0.031 0.024 0.020
v -0.201326 -0.882554 0.006109 0.035 0.031 0.031
v -0.027515 0.037433 -0.267925 0.922 0.749 0.580
v -0.693978 -0.130592 -0.260149 0.906 0.757 0.588
v 0.276818 0.111644 -0.440961 0.831 0.627 0.455
v 0.018172 -0.817809 0.029160 0.078 0.067 0.071
v -0.842980 -0.218763 -0.358652 0.694 0.506 0.365
v -0.681619 0.023732 -0.365570 0.871 0.667 0.533
v 0.361015 -1.090745 -0.283794 0.141 0.106 0.071
v 0.153432 0.485944 0.070542 0.796 0.573 0.490
v 0.269398 0.141748 -0.413137 0.859 0.663 0.486
v -0.139401 0.729554 -0.163180 0.608 0.467 0.388
v -0.088855 -0.095157 -0.217365 0.953 0.749 0.600
v -0.479298 -0.814296 -0.044434 0.078 0.055 0.055
v 0.156238 -0.101447 -0.261628 0.925 0.733 0.580
v -0.639121 -0.592997 -0.233283 0.494 0.388 0.302
v -0.563879 -0.706713 -0.107808 0.039 0.035 0.027
v 0.112134 0.821657 0.122647 0.957 0.776 0.678
v -0.107813 -0.529212 -0.014992 0.051 0.039 0.031
v -0.610206 -0.338704 -0.204205 0.776 0.596 0.435
v -0.119147 0.580591 -0.055855 0.749 0.557 0.455
v 0.390319 -0.402419 -0.187455 0.043 0.039 0.031
v 0.023380 -0.548066 -0.012534 0.055 0.039 0.035
v 0.582134 -0.634167 -0.311557 0.890 0.722 0.557
v -0.359706 0.093547 -0.464786 0.027 0.020 0.016
v -0.407170 -0.610910 0.036347 0.051 0.047 0.039
v -0.677785 -0.299954 -0.232338 0.890 0.725 0.565
v -0.347020 -0.220528 -0.158813 0.039 0.035 0.027
v 0.240649 -0.930142 -0.065739 0.082 0.071 0.063
v 0.158018 0.252658 -0.041954 0.812 0.627 0.525
v 0.245083 -0.706601 0.009818 0.055 0.043 0.039
v -0.036840 0.246570 -0.235890 0.722 0.569 0.435
v -0.168286 -0.727263 0.037318 0.094 0.078 0.078
v -0.324271 -0.551802 0.030674 0.043 0.035 0.031
v 0.268069 0.184351 -0.420189 0.820 0.627 0.463
v 0.606014 -0.147401 -0.428901 0.882 0.698 0.533
v -0.135631 0.623174 -0.207200 0.737 0.541 0.443
v -0.780339 -0.088644 -0.334700 0.792 0.600 0.478
v -0.142550 0.904902 -0.203824 0.341 0.255 0.196
v -0.581841 0.041733 -0.375288 0.937 0.737 0.584
v 0.366338 -0.033332 -0.470550 0.137 0.118 0.114
v 0.595293 -0.357147 -0.310591 0.933 0.776 0.608
v -0.635671 -0.227134 -0.232502 0.910 0.749 0.576
v 0.402189 0.683939 -0.151045 0.690 0.545 0.451
v 0.425693 -0.157312 -0.344478 0.047 0.043 0.027
v -0.432676 0.062930 -0.444347 0.031 0.027 0.020
v 0.474888 -0.891972 -0.264695 0.831 0.635 0.498
v -0.206100 -0.698304 0.047684 0.090 0.075 0.078
v 0.391820 -0.701468 -0.147342 0.067 0.043 0.039
v -0.464185 -0.552298 -0.007746 0.059 0.043 0.039
v -0.413901 -0.125005 -0.225861 0.035 0.031 0.024
v -0.922961 -0.575336 -0.392887 0.584 0.443 0.318
v 0.081178 -0.944002 -0.027177 0.051 0.043 0.043
v 0.341710 0.860463 0.039610 0.863 0.682 0.565
v 0.291600 0.356757 -0.319092 0.855 0.675 0.518
v 0.158922 -0.876180 0.006950 0.071 0.059 0.055
v 0.072648 1.066230 -0.023725 0.275 0.204 0.129
v 0.350923 -0.458553 -0.145981 0.051 0.047 0.039
v 0.200359 -0.823418 0.021633 0.082 0.063 0.055
v 0.201766 -0.283105 -0.178408 0.047 0.039 0.031
v 0.006067 1.010316 0.010901 0.565 0.420 0.329
v 0.395529 -0.034043 -0.520819 0.114 0.106 0.110
v 0.418805 0.995049 -0.138076 0.384 0.306 0.247
v -0.761614 -0.737711 -0.262264 0.839 0.663 0.525
v -0.741699 -0.513398 -0.254818 0.847 0.686 0.549
v -0.796028 -0.333631 -0.276197 0.855 0.686 0.537
v 0.291780 0.366842 -0.170430 0.682 0.541 0.427
v 0.342250 -0.766157 -0.070733 0.059 0.051 0.039
v 0.495353 -0.492437 -0.257770 0.812 0.616 0.435
v 0.205971 0.276008 -0.232676 0.804 0.651 0.518
v -0.621580 -0.503393 -0.225076 0.545 0.412 0.302
v 0.415053 -0.042804 -0.537528 0.114 0.102 0.106
v -0.837514 -0.670441 -0.285725 0.847 0.659 0.514
v -0.472311 -0.695412 0.011492 0.055 0.043 0.039
v 0.453432 0.890546 -0.167233 0.369 0.290 0.227
v -0.540774 -0.775961 -0.092854 0.043 0.035 0.039
v -0.014282 -1.071040 -0.039590 0.039 0.035 0.027
v -0.496325 -0.051394 -0.283722 0.690 0.533 0.451
v 0.696749 -0.473135 -0.358910 0.875 0.694 0.522
v -0.505649 -0.245653 -0.169764 0.051 0.035 0.027
v 0.258833 0.182628 -0.379915 0.839 0.659 0.486
v 0.465430 -0.767154 -0.280836 0.722 0.545 0.420
v -0.122789 -0.555014 -0.002301 0.051 0.043 0.039
v 0.063843 -0.307257 -0.143462 0.051 0.043 0.035
v -0.011679 0.724065 0.082822 0.745 0.561 0.467
v -0.072294 -0.063017 -0.247067 0.945 0.741 0.576
v -0.128046 0.510141 -0.142081 0.761 0.584 0.490
v -0.063253 1.065091 -0.165743 0.282 0.216 0.153
v 0.245497 0.977414 0.060405 0.627 0.478 0.380
v -0.360452 0.065489 -0.414968 0.031 0.027 0.020
v 0.598292 -0.689831 -0.327036 0.875 0.690 0.533
v -0.704945 -0.006545 -0.332313 0.867 0.678 0.537
v 0.314375 1.030341 -0.028889 0.357 0.310 0.235
v -0.070487 0.049237 -0.273149 0.867 0.682 0.529
v -0.503039 -0.498171 -0.065161 0.051 0.047 0.039
v 0.294995 -0.870776 -0.065952 0.102 0.090 0.071
v -0.003930 0.624115 0.040178 0.831 0.631 0.518
v -0.102822 0.388279 -0.145585 0.682 0.522 0.424
v 0.485033 -0.449954 -0.244636 0.859 0.671 0.494
v 0.072633 0.968665 0.072992 0.910 0.733 0.624
v -0.061355 -1.052427 -0.029766 0.035 0.031 0.024
v -0.668028 -0.482266 -0.237855 0.851 0.698 0.545
v -0.271047 -0.202089 -0.166883 0.035 0.031 0.020
v -0.656324 -0.171991 -0.249563 0.914 0.749 0.584
v 0.385694 0.612074 -0.178947 0.722 0.522 0.424
v 0.346935 0.542622 -0.099976 0.773 0.596 0.475
v 0.649354 -0.162278 -0.445612 0.886 0.706 0.545
v -0.028949 0.121839 -0.255835 0.878 0.718 0.561
v -0.521524 -0.624639 -0.031354 0.051 0.051 0.051
v 0.518655 -1.066582 -0.302128 0.875 0.671 0.533
v 0.566157 -0.732290 -0.314452 0.871 0.686 0.525
v -0.135165 0.562022 -0.252714 0.678 0.478 0.365
v 0.105280 -0.760310 0.047148 0.102 0.094 0.098
v -0.511039 -0.577609 -0.035957 0.051 0.043 0.039
v -0.176870 0.752028 -0.304731 0.678 0.431 0.357
v 0.256090 0.799029 0.098939 0.941 0.757 0.655
v -0.703319 -0.742701 -0.277919 0.671 0.525 0.424
v -0.253863 -0.284050 -0.123174 0.043 0.039 0.027
v -0.464715 -0.587794 0.006451 0.055 0.047 0.043
v -0.536408 -0.713611 -0.062996 0.047 0.043 0.043
v 0.629026 -0.145616 -0.460032 0.863 0.686 0.529
v -0.256635 -0.055745 -0.238554 0.039 0.027 0.020
v -0.684382 0.037262 -0.412998 0.831 0.616 0.482
v -0.219671 -0.103097 -0.208851 0.043 0.039 0.027
v -0.291729 0.120510 -0.500775 0.863 0.667 0.514
v -0.830620 -0.396999 -0.294370 0.800 0.635 0.494
v 0.416083 -0.928485 -0.259684 0.600 0.467 0.376
v 0.098830 -0.711590 0.045047 0.075 0.063 0.063
v -0.169139 -0.252797 -0.145520 0.043 0.035 0.027
v -0.030523 0.976719 0.005759 0.714 0.541 0.435
v -0.569616 -0.657648 -0.106530 0.039 0.024 0.024
v -0.520228 -0.733504 -0.045175 0.043 0.043 0.035
v 0.342726 -0.009539 -0.464504 0.141 0.110 0.102
v -0.609286 -0.727126 -0.205398 0.039 0.031 0.024
v -0.828165 -0.535675 -0.293670 0.820 0.651 0.510
v -0.154083 0.240485 -0.391488 0.729 0.537 0.384
v 0.450104 -0.741082 -0.284577 0.639 0.486 0.365
v 0.253692 0.570997 0.034372 0.937 0.725 0.604
v 0.015191 0.137003 -0.239898 0.851 0.675 0.529
v 0.319614 0.418774 -0.199160 0.714 0.553 0.424
v 0.170324 -0.965961 -0.059276 0.067 0.055 0.055
v -0.818213 -0.734695 -0.257281 0.851 0.647 0.514
v -0.609811 -0.214767 -0.226949 0.922 0.761 0.588
v 0.535408 -0.355184 -0.296785 0.937 0.780 0.612
v -0.043078 0.461958 0.001058 0.765 0.576 0.482
v 0.478512 -0.377642 -0.258772 0.925 0.757 0.576
v 0.129311 -0.409508 -0.099002 0.047 0.035 0.027
v -0.585723 -0.679434 -0.139114 0.016 0.012 0.012
v -0.427341 -0.403226 -0.070469 0.047 0.031 0.027
v 0.025794 0.541420 0.047657 0.886 0.686 0.584
v 0.324319 0.534858 -0.029900 0.878 0.678 0.541
v -0.502585 -0.373809 -0.122317 0.055 0.039 0.031
v 0.127144 0.209514 -0.223015 0.902 0.753 0.608
v 0.424067 1.011051 -0.171970 0.357 0.286 0.231
v 0.454841 -0.414050 -0.227080 0.914 0.737 0.561
v 0.449955 0.856524 -0.155490 0.380 0.294 0.220
v 0.558690 -0.206534 -0.351783 0.922 0.749 0.592
v -0.250824 -0.700542 0.057108 0.086 0.075 0.075
v 0.154762 0.691750 0.113538 0.863 0.702 0.592
v 0.258051 -0.072219 -0.326053 0.075 0.059 0.039
v 0.249156 0.340261 -0.081241 0.867 0.678 0.557
v 0.685048 -0.588087 -0.360845 0.851 0.678 0.514
v 0.631950 -0.166338 -0.415686 0.886 0.706 0.541
v -0.738911 -0.693754 -0.266685 0.839 0.663 0.529
v -0.657832 -0.422719 -0.230347 0.855 0.694 0.537
v 0.185125 0.411362 0.022130 0.827 0.655 0.549
v -0.058726 0.862433 0.029109 0.843 0.682 0.569
v -0.079264 -0.655723 0.026696 0.059 0.047 0.047
v 0.602218 -0.194085 -0.369085 0.910 0.733 0.569
v 0.223353 -0.241386 -0.205851 0.047 0.043 0.031
v 0.196923 0.055424 -0.320269 0.871 0.714 0.557
v -0.036720 1.012869 -0.039148 0.604 0.471 0.376
v -0.390681 -0.379118 -0.074343 0.047 0.039 0.031
v -0.575326 -0.347377 -0.182780 0.078 0.063 0.055
v 0.413107 -0.105779 -0.388310 0.031 0.031 0.016
v -0.233812 -0.352447 -0.089747 0.047 0.035 0.031
v -0.110529 0.751298 -0.068287 0.780 0.627 0.529
v -0.766811 -0.030657 -0.401005 0.733 0.553 0.416
v 0.294275 0.691713 0.077145 0.624 0.467 0.376
v -0.687069 -0.869483 -0.116762 0.675 0.529 0.427
v 0.623452 -0.394514 -0.318428 0.925 0.765 0.592
v -0.173542 0.630896 -0.294199 0.745 0.475 0.369
v -0.126959 -0.052563 -0.244902 0.945 0.733 0.576
v -0.699339 -0.459308 -0.239254 0.859 0.702 0.565
v 0.624454 -0.322878 -0.316916 0.941 0.788 0.627
v -0.292554 -0.641242 0.058857 0.055 0.047 0.043
v 0.740764 -0.357180 -0.420418 0.820 0.651 0.486
v -0.421288 -0.685968 0.038787 0.063 0.055 0.047
v -0.090355 0.494801 -0.049295 0.769 0.604 0.510
v 0.676459 -0.201070 -0.405029 0.890 0.718 0.557
v -0.065569 0.237186 -0.257181 0.725 0.573 0.435
v -0.758830 -0.066724 -0.321778 0.824 0.639 0.510
v 0.356322 -0.655228 -0.100263 0.055 0.039 0.031
v 0.157811 -0.898005 -0.008460 0.078 0.067 0.063
v -0.342391 -0.165092 -0.195287 0.039 0.035 0.027
v -0.164969 -0.116591 -0.196455 0.055 0.039 0.031
v -0.200654 -0.018101 -0.279373 0.894 0.675 0.514
v -0.129533 0.391597 -0.330359 0.733 0.537 0.400
v -0.762191 -0.139984 -0.292598 0.847 0.675 0.514
v -0.595602 -0.606944 -0.164855 0.020 0.012 0.008
v -0.268228 0.107747 -0.423674 0.839 0.651 0.494
v -0.262948 -0.889698 0.003810 0.051 0.043 0.039
v -0.645695 -0.536947 -0.235883 0.690 0.533 0.412
v -0.883420 -0.454912 -0.347086 0.671 0.506 0.388
v -0.035603 0.082986 -0.261317 0.910 0.745 0.576
v 0.141497 0.330603 0.005806 0.898 0.722 0.612
v -0.759755 -0.483427 -0.259308 0.843 0.678 0.537
v -0.619965 -0.624684 -0.204915 0.039 0.024 0.020
v 0.128970 -0.360109 -0.123943 0.047 0.039 0.031
v -0.148397 -0.684907 0.034989 0.063 0.051 0.055
v 0.060429 1.103574 -0.097815 0.235 0.176 0.114
v 0.309624 -1.014641 -0.204128 0.129 0.106 0.114
v 0.631670 -0.836664 -0.365411 0.859 0.647 0.490
v -0.110392 0.961688 -0.135324 0.361 0.278 0.208
v 0.402383 -0.318388 -0.229603 0.039 0.031 0.016
v 0.183658 -0.297358 -0.166704 0.051 0.043 0.031
v -0.098091 0.766748 -0.025319 0.741 0.596 0.502
v 0.243080 -0.491862 -0.081283 0.043 0.039 0.027
v -0.579697 -0.021588 -0.303409 0.945 0.773 0.612
v 0.594115 -0.127182 -0.465012 0.867 0.690 0.553
v -0.207829 0.636138 -0.341377 0.627 0.380 0.286
v -0.490027 -0.523434 -0.041272 0.047 0.039 0.031
v -0.112900 -0.917425 -0.003727 0.035 0.031 0.031
v -0.609936 -0.549932 -0.204833 0.016 0.012 0.004
v 0.290281 -0.495216 -0.098683 0.059 0.047 0.039
v 0.460781 0.768821 -0.263455 0.271 0.216 0.157
v 0.535777 -0.390317 -0.290613 0.929 0.761 0.588
v 0.234612 1.076499 -0.033316 0.251 0.184 0.106
v 0.463151 0.812696 -0.235109 0.294 0.220 0.161
v 0.240144 -1.065012 -0.130904 0.039 0.035 0.027
v -0.618903 -0.731539 -0.228417 0.039 0.031 0.020
v 0.195297 0.940810 0.088765 0.945 0.757 0.643
v 0.365094 1.005710 -0.048991 0.224 0.169 0.098
v 0.381150 -0.689160 -0.126294 0.059 0.043 0.035
v 0.021108 -0.870802 0.014908 0.055 0.047 0.043
v -0.241553 -0.908055 0.002307 0.039 0.035 0.027
v -0.149356 0.021436 -0.298876 0.886 0.714 0.553
v 0.244769 0.520449 0.030518 0.949 0.733 0.620
v -0.016365 -0.517896 -0.025143 0.055 0.043 0.039
v -0.374943 -0.747999 0.041411 0.047 0.043 0.035
v 0.245708 0.154054 -0.356430 0.816 0.635 0.471
v 0.701776 -0.441849 -0.360782 0.867 0.694 0.518
v 0.462571 -0.154318 -0.375097 0.075 0.071 0.059
v 0.423242 -0.281117 -0.261200 0.067 0.051 0.039
v -0.125039 0.884560 -0.110318 0.447 0.325 0.239
v -0.342643 -0.522272 0.014611 0.051 0.035 0.031
v -0.815976 -0.133082 -0.372640 0.686 0.494 0.361
v 0.355605 0.979673 -0.008702 0.482 0.392 0.298
v -0.110787 0.026035 -0.286115 0.902 0.729 0.565
v 0.485156 -0.403932 -0.254907 0.910 0.733 0.557
v -0.330034 -0.616678 0.054112 0.063 0.055 0.047
v -0.008662 1.064690 -0.092920 0.322 0.247 0.173
v 0.480123 -0.325519 -0.279592 0.937 0.773 0.604
v -0.360635 -0.792119 0.025818 0.051 0.043 0.039
v -0.156055 0.794811 -0.229645 0.259 0.176 0.114
v -0.576573 -0.697011 -0.127294 0.055 0.035 0.031
v 0.055043 -0.372281 -0.112231 0.051 0.043 0.035
v -0.223992 0.134631 -0.417739 0.776 0.600 0.431
v -0.063865 0.468096 -0.022478 0.788 0.612 0.529
v -0.256980 -0.000768 -0.286229 0.396 0.302 0.247
v 0.352012 0.808860 0.027817 0.918 0.776 0.655
v 0.077493 0.765757 0.123009 0.957 0.780 0.690
v -0.291854 -0.217743 -0.158565 0.043 0.035 0.031
v -0.758785 -0.803599 -0.214909 0.816 0.639 0.510
v 0.390541 0.745150 -0.067411 0.824 0.667 0.553
v -0.562204 -0.575563 -0.121387 0.020 0.016 0.008
v 0.262782 0.290170 -0.302262 0.863 0.682 0.529
v 0.266579 0.211582 -0.413921 0.812 0.627 0.463
v -0.857018 -0.437286 -0.315462 0.753 0.584 0.463
v 0.128636 -0.035144 -0.293214 0.902 0.725 0.565
v 0.363683 -0.926697 -0.239129 0.161 0.153 0.157
v -0.486500 -0.635118 0.002054 0.071 0.063 0.063
v 0.052650 0.056106 -0.263289 0.898 0.729 0.580
v 0.291930 0.615856 0.020148 0.718 0.522 0.404
v 0.272863 0.323946 -0.302269 0.863 0.678 0.525
v 0.528840 -0.149476 -0.397792 0.925 0.753 0.592
v -0.776085 -0.217908 -0.285863 0.867 0.690 0.529
v 0.064405 -0.931291 -0.018668 0.055 0.043 0.039
v -0.874745 -0.361359 -0.348831 0.663 0.494 0.373
v -0.125900 0.529679 -0.121617 0.753 0.573 0.482
v -0.680954 -0.087063 -0.263843 0.925 0.769 0.608
v 0.342867 0.516403 -0.138606 0.780 0.608 0.486
v -0.417063 -0.443472 -0.046154 0.051 0.039 0.031
v 0.001587 0.073263 -0.259754 0.898 0.733 0.569
v -0.548344 -0.885150 -0.136270 0.129 0.098 0.090
v 0.151246 -0.080117 -0.282835 0.929 0.737 0.580
v -0.108104 0.924210 -0.094594 0.525 0.400 0.314
v 0.372345 -0.892043 -0.224692 0.114 0.114 0.114
v 0.385862 -0.590808 -0.142733 0.078 0.055 0.055
v 0.406671 0.605092 -0.291678 0.576 0.259 0.180
v 0.251708 -0.166267 -0.260526 0.035 0.027 0.020
v 0.106637 -0.121104 -0.237292 0.945 0.749 0.604
v -0.137779 0.670112 -0.166359 0.745 0.553 0.451
v 0.231925 -0.723164 0.018469 0.055 0.043 0.039
v -0.087928 0.735878 0.011226 0.757 0.584 0.506
v 0.658849 -0.400082 -0.333413 0.902 0.745 0.573
v 0.135580 0.986583 0.073007 0.780 0.612 0.514
v 0.154632 0.795853 0.124812 0.969 0.792 0.698
v 0.455508 -0.062037 -0.517105 0.110 0.094 0.110
v -0.060806 0.720894 0.049306 0.737 0.553 0.482
v 0.252918 0.403053 -0.031066 0.886 0.714 0.608
v -0.291235 0.043500 -0.353140 0.627 0.494 0.416
v -0.056617 -0.636928 0.022274 0.055 0.047 0.043
v 0.268386 0.646394 0.054430 0.718 0.537 0.439
v -0.088415 1.006331 -0.119267 0.408 0.314 0.235
v -0.392405 -0.195953 -0.177967 0.043 0.039 0.031
v -0.099942 0.912764 -0.062086 0.565 0.420 0.333
v 0.653439 -0.767950 -0.372162 0.851 0.659 0.502
v -0.355769 -0.582246 0.039793 0.051 0.039 0.035
v 0.246437 -0.639938 -0.012662 0.043 0.039 0.027
v 0.064635 -0.610922 0.013552 0.047 0.035 0.027
v 0.666230 -0.548300 -0.344400 0.894 0.722 0.549
v -0.757803 -0.253342 -0.270173 0.890 0.718 0.557
v 0.159624 0.019545 -0.304844 0.894 0.733 0.580
v -0.057650 0.387674 -0.051235 0.737 0.561 0.486
v -0.897884 -0.416928 -0.397071 0.584 0.443 0.310
v 0.109817 0.575876 0.118210 0.973 0.773 0.686
v 0.049682 0.239318 -0.193761 0.427 0.294 0.204
v -0.123890 0.452860 -0.194549 0.651 0.482 0.376
v -0.111684 0.396289 -0.288659 0.749 0.545 0.408
v 0.194632 -0.108184 -0.263685 0.082 0.071 0.051
v -0.614061 -0.659829 -0.191990 0.039 0.024 0.020
v -0.637549 -0.756247 -0.270566 0.031 0.016 0.012
v 0.430730 -0.985093 -0.253236 0.741 0.573 0.467
v 0.054050 0.528365 0.101682 0.776 0.576 0.498
v -0.592879 -0.759434 -0.176573 0.020 0.016 0.008
v 0.134649 0.881752 0.115787 0.961 0.788 0.682
v 0.396285 1.036108 -0.147192 0.341 0.286 0.235
v 0.275224 -0.393029 -0.137710 0.039 0.035 0.024
v -0.011352 -0.616385 0.016734 0.051 0.039 0.035
v 0.072132 -0.972392 -0.038731 0.051 0.043 0.039
v 0.318186 0.884806 0.057435 0.914 0.733 0.627
v 0.120054 0.653245 0.093140 0.925 0.753 0.643
v 0.427220 0.931289 -0.104896 0.522 0.408 0.314
v 0.417090 -0.734164 -0.236232 0.086 0.063 0.063
v 0.285949 0.780254 0.082299 0.922 0.741 0.631
v -0.703960 -0.264973 -0.247111 0.898 0.729 0.565
v 0.012024 -0.654451 0.029299 0.051 0.039 0.035
v -0.058432 0.537691 0.011088 0.878 0.682 0.573
v -0.510653 -0.020585 -0.312510 0.937 0.765 0.616
v -0.606228 -0.773926 -0.205409 0.043 0.027 0.024
v -0.555568 -0.448345 -0.155556 0.031 0.027 0.020
v 0.034418 0.385167 0.032049 0.710 0.345 0.310
v 0.298221 0.427678 -0.082915 0.859 0.682 0.569
v -0.387694 -0.434943 -0.043913 0.051 0.035 0.031
v 0.206849 -0.364403 -0.134081 0.047 0.039 0.031
v 0.390869 -0.860418 -0.258017 0.125 0.118 0.102
v 0.369843 0.568461 -0.190976 0.757 0.580 0.463
v 0.326842 -0.393256 -0.159464 0.043 0.035 0.027
v -0.144217 0.808001 -0.181541 0.459 0.357 0.294
v 0.309819 -0.753167 -0.034961 0.047 0.039 0.031
v 0.360301 -0.016203 -0.484679 0.137 0.122 0.114
v -0.134093 0.454508 -0.353482 0.710 0.525 0.400
v -0.218790 -0.182909 -0.175607 0.043 0.039 0.031
v -0.449793 -0.846219 -0.043136 0.075 0.059 0.059
v 0.349074 -0.967243 -0.243585 0.141 0.110 0.102
v -0.021258 1.083534 -0.141933 0.314 0.251 0.196
v 0.192859 0.857778 0.114701 0.965 0.800 0.690
v 0.441200 -0.250434 -0.301345 0.098 0.090 0.078
v 0.341321 -0.336469 -0.194476 0.051 0.039 0.027
v 0.378302 0.607754 -0.158196 0.792 0.616 0.494
v 0.229210 -0.648464 -0.000494 0.055 0.047 0.035
v -0.113209 -0.490993 -0.031643 0.059 0.047 0.043
v 0.109993 -0.333068 -0.136245 0.043 0.039 0.031
v -0.155457 0.842018 -0.241218 0.267 0.192 0.141
v -0.023565 0.680079 0.044726 0.251 0.180 0.133
v -0.564271 -0.853904 -0.140728 0.067 0.059 0.047
v -0.010252 0.837464 0.077096 0.886 0.718 0.620
v 0.393844 0.974139 -0.063357 0.514 0.392 0.302
v 0.238311 -0.259387 -0.200387 0.035 0.031 0.020
v 0.286494 1.074186 -0.066788 0.235 0.204 0.129
v 0.209170 0.959520 0.078207 0.910 0.714 0.612
v 0.169009 0.252430 -0.078558 0.631 0.459 0.369
v 0.262361 0.108322 -0.397781 0.871 0.686 0.525
v -0.224935 -0.026748 -0.257291 0.855 0.686 0.580
v 0.039267 -0.947903 -0.023674 0.055 0.047 0.043
v -0.098135 -0.177114 -0.179794 0.055 0.039 0.035
v -0.461782 -0.021317 -0.297068 0.063 0.055 0.043
v 0.671729 -0.439436 -0.341007 0.894 0.729 0.553
v 0.178086 -0.430014 -0.092954 0.055 0.043 0.035
v 0.313144 0.469657 -0.072066 0.816 0.635 0.518
v 0.172627 -0.932394 -0.035128 0.102 0.082 0.086
v -0.473235 -0.271468 -0.150059 0.051 0.043 0.031
v -0.227514 -0.209687 -0.163085 0.043 0.039 0.031
v 0.038536 -0.249376 -0.167431 0.055 0.039 0.031
v -0.158026 -0.812365 0.020838 0.043 0.039 0.039
v 0.461231 0.910944 -0.196957 0.318 0.255 0.192
v 0.213017 -0.548474 -0.043998 0.055 0.043 0.035
v 0.597980 -0.494035 -0.307278 0.914 0.745 0.576
v 0.379670 -0.954339 -0.276107 0.137 0.098 0.086
v -0.159958 0.711183 -0.298033 0.776 0.596 0.494
v 0.247776 0.314940 -0.120639 0.729 0.569 0.463
v -0.131950 0.588416 -0.176695 0.729 0.529 0.435
v 0.106356 0.528738 0.144042 0.965 0.765 0.682
v 0.086901 0.788826 0.122074 0.961 0.784 0.694
v 0.238068 1.051251 0.001029 0.298 0.243 0.165
v 0.278488 0.759555 0.087140 0.925 0.741 0.635
v 0.071026 0.416752 0.070979 0.812 0.463 0.424
v 0.492535 -0.366559 -0.272150 0.933 0.765 0.596
v 0.219728 -0.966159 -0.076088 0.075 0.055 0.063
v -0.540227 0.030188 -0.359608 0.953 0.765 0.612
v 0.497005 -0.314691 -0.291135 0.945 0.792 0.624
v -0.160288 -0.076844 -0.216244 0.918 0.737 0.627
v 0.045477 0.803909 0.111469 0.957 0.784 0.690
v 0.425300 0.674657 -0.217968 0.475 0.349 0.259
v 0.116296 0.167274 -0.238874 0.914 0.765 0.616
v 0.061673 -0.684158 0.039210 0.055 0.047 0.047
v 0.067158 -0.711968 0.044380 0.078 0.063 0.067
v -0.091205 0.804781 -0.009857 0.761 0.612 0.518
v -0.116977 -0.305316 -0.124599 0.043 0.035 0.031
v 0.065975 -1.015269 -0.051571 0.039 0.035 0.031
v -0.773150 -0.113291 -0.310117 0.827 0.671 0.533
v -0.052865 1.017256 -0.060550 0.588 0.459 0.361
v 0.506930 -0.643539 -0.277114 0.847 0.663 0.502
v 0.438338 0.896646 -0.128242 0.439 0.329 0.247
v 0.448031 -0.499393 -0.211454 0.098 0.078 0.055
v -0.385917 -0.569940 0.029588 0.055 0.043 0.039
v 0.398617 0.858719 -0.036578 0.812 0.651 0.557
v 0.287263 0.451655 -0.035200 0.867 0.686 0.584
v 0.345901 -0.282256 -0.225490 0.039 0.035 0.024
v -0.110151 -0.867747 0.004908 0.035 0.031 0.031
v 0.023706 1.079629 -0.078455 0.275 0.212 0.153
v -0.046689 -0.456751 -0.054263 0.051 0.043 0.035
v -0.293910 -0.586538 0.043339 0.055 0.047 0.039
v -0.853497 -0.505035 -0.311986 0.776 0.620 0.478
v -0.131214 0.585711 -0.127605 0.694 0.514 0.420
v 0.379420 0.591428 -0.200683 0.714 0.518 0.412
v -0.327426 -0.063453 -0.263094 0.035 0.031 0.024
v 0.031049 0.255481 -0.009743 0.671 0.471 0.396
v -0.152016 -0.047697 -0.247033 0.925 0.718 0.561
v -0.738624 -0.003664 -0.389655 0.776 0.580 0.439
v -0.855603 -0.651879 -0.298284 0.824 0.631 0.482
v -0.417018 -0.164064 -0.200448 0.039 0.035 0.027
v 0.316729 -0.517909 -0.103786 0.043 0.035 0.024
v -0.226991 -0.252340 -0.140868 0.043 0.039 0.031
v 0.111835 -0.637929 0.024130 0.059 0.043 0.039
v -0.443229 -0.126009 -0.225188 0.039 0.035 0.024
v 0.490573 -0.726867 -0.278389 0.804 0.624 0.478
v -0.652857 -0.341693 -0.219105 0.867 0.702 0.541
v 0.075244 0.996282 0.058230 0.745 0.561 0.463
v 0.213659 -0.596151 -0.018918 0.051 0.035 0.031
v 0.444658 0.648214 -0.256113 0.898 0.682 0.573
v -0.872137 -0.268916 -0.401095 0.631 0.463 0.337
v -0.248693 -0.787836 0.041536 0.098 0.078 0.086
v -0.914972 -0.532472 -0.396071 0.573 0.420 0.314
v 0.431253 -0.731722 -0.293198 0.216 0.145 0.082
v -0.131141 0.493952 -0.182320 0.733 0.549 0.443
v -0.710063 0.012538 -0.371468 0.835 0.627 0.494
v 0.209927 0.375405 -0.010597 0.910 0.741 0.627
v -0.776777 -0.047101 -0.383008 0.729 0.529 0.416
v -0.155028 0.745132 -0.281075 0.412 0.133 0.078
v 0.435918 -0.423362 -0.207297 0.106 0.082 0.067
v 0.062094 1.089078 -0.065737 0.278 0.208 0.141
v 0.056656 -0.793505 0.038925 0.094 0.086 0.086
v -0.534991 -0.538216 -0.089916 0.059 0.059 0.051
v 0.047402 0.360748 0.036871 0.663 0.373 0.314
v 0.305725 -1.078634 -0.229200 0.165 0.157 0.161
v 0.135421 0.611394 0.084711 0.863 0.663 0.541
v -0.841996 -0.191405 -0.392146 0.667 0.494 0.357
v 0.121669 -0.103984 -0.253747 0.929 0.733 0.565
v 0.302245 -0.310668 -0.191723 0.043 0.035 0.024
v 0.195683 0.623847 0.040217 0.533 0.345 0.282
v 0.442439 0.572685 -0.310309 0.902 0.647 0.545
v -0.878395 -0.665509 -0.312951 0.788 0.596 0.451
v -0.118561 0.370788 -0.303674 0.753 0.561 0.416
v -0.892842 -0.337283 -0.416575 0.592 0.439 0.310
v -0.186850 -0.918239 0.000796 0.035 0.031 0.027
v -0.479466 -0.478119 -0.056777 0.051 0.039 0.031
v 0.342892 -0.367224 -0.179979 0.051 0.043 0.031
v 0.719740 -0.271546 -0.394938 0.855 0.682 0.525
v -0.275887 -0.679666 0.061899 0.051 0.043 0.043
v -0.057958 -0.781426 0.029112 0.075 0.071 0.063
v -0.152629 -0.190269 -0.173393 0.043 0.035 0.027
v 0.390923 -0.187342 -0.305838 0.039 0.035 0.020
v -0.569141 0.021491 -0.346300 0.937 0.753 0.600
v 0.111666 -0.372361 -0.116642 0.055 0.051 0.043
v 0.538190 -1.080600 -0.312802 0.867 0.663 0.514
v 0.388387 0.535348 -0.281441 0.788 0.518 0.412
v 0.730521 -0.277046 -0.423450 0.843 0.671 0.510
v 0.499020 -0.928441 -0.274678 0.867 0.663 0.518
v -0.731351 -0.716799 -0.270553 0.816 0.643 0.514
v -0.723208 -0.222680 -0.260497 0.890 0.725 0.565
v -0.149927 0.134047 -0.332316 0.725 0.553 0.408
v -0.109036 0.450767 -0.110764 0.773 0.596 0.506
v 0.262713 -0.107515 -0.298950 0.051 0.039 0.027
v 0.499119 -0.164090 -0.377987 0.922 0.749 0.592
v 0.299359 0.380539 -0.187883 0.682 0.545 0.431
v 0.497606 -0.817836 -0.283532 0.843 0.643 0.502
v -0.165042 -0.350577 -0.097774 0.039 0.035 0.027
v -0.410494 -0.071925 -0.265236 0.035 0.031 0.024
v 0.370584 -0.765886 -0.108309 0.067 0.043 0.039
v -0.223312 -0.420089 -0.053618 0.047 0.039 0.031
v 0.667285 -0.185194 -0.423144 0.886 0.710 0.553
v -0.122220 0.338358 -0.310466 0.733 0.553 0.416
v -0.028610 -0.727256 0.035558 0.059 0.047 0.047
v 0.195561 -1.062886 -0.102717 0.035 0.031 0.024
v 0.625022 -0.743747 -0.350694 0.859 0.671 0.514
v 0.379910 -1.098507 -0.273976 0.475 0.384 0.314
v -0.520476 -0.403404 -0.129764 0.055 0.035 0.031
v -0.887436 -0.551824 -0.338310 0.698 0.545 0.416
v -0.761499 -0.564448 -0.263706 0.847 0.678 0.545
v 0.123823 -0.874950 0.012055 0.067 0.059 0.055
v -0.658355 -0.387413 -0.224495 0.851 0.678 0.525
v 0.494472 -0.523373 -0.260893 0.761 0.569 0.396
v 0.377732 -0.103916 -0.377605 0.047 0.039 0.027
v 0.054621 0.682141 0.078824 0.506 0.329 0.239
v 0.200021 -0.507738 -0.059673 0.047 0.035 0.027
v -0.376111 -0.139291 -0.215647 0.031 0.024 0.016
v -0.001767 -0.884061 0.001770 0.067 0.059 0.055
v -0.492709 0.011160 -0.332539 0.694 0.549 0.467
v -0.234227 0.150550 -0.480352 0.851 0.651 0.475
v -0.064542 0.367540 -0.074271 0.714 0.545 0.471
v 0.230545 -0.327769 -0.159734 0.047 0.039 0.031
v -0.515401 -0.199642 -0.192671 0.082 0.063 0.043
v 0.128373 0.185858 -0.236089 0.914 0.761 0.612
v 0.244194 -0.401755 -0.123697 0.043 0.035 0.027
v -0.115888 -0.705766 0.032332 0.059 0.051 0.055
v 0.062698 0.482354 0.079513 0.400 0.239 0.204
v -0.166672 0.193154 -0.390272 0.765 0.576 0.420
v 0.342733 0.688705 0.012035 0.843 0.682 0.584
v -0.015204 -0.497386 -0.035614 0.059 0.051 0.043
v -0.400396 -0.106378 -0.238609 0.035 0.031 0.020
v 0.158953 0.859927 0.118301 0.973 0.796 0.686
v -0.035119 -0.882597 0.002956 0.043 0.043 0.039
v -0.011344 0.170699 -0.239370 0.796 0.639 0.490
v -0.779112 -0.186723 -0.293627 0.851 0.675 0.518
v 0.222083 0.021050 -0.349302 0.867 0.702 0.549
v -0.146671 -0.272339 -0.138013 0.047 0.039 0.035
v -0.112206 -0.818013 0.017248 0.055 0.051 0.047
v -0.864418 -0.724433 -0.277982 0.800 0.592 0.451
v -0.103048 0.889955 -0.053919 0.651 0.506 0.424
v 0.294879 -0.039260 -0.376637 0.082 0.051 0.035
v -0.132257 -0.206467 -0.167746 0.055 0.047 0.039
v 0.420661 -0.959202 -0.251937 0.667 0.514 0.420
v 0.503250 -0.453315 -0.261261 0.890 0.706 0.518
v -0.234971 -0.625429 0.043758 0.051 0.039 0.035
v 0.300591 -0.131388 -0.303833 0.051 0.039 0.031
v -0.035509 -0.776078 0.030768 0.086 0.071 0.067
v -0.270597 -0.514157 0.006803 0.051 0.035 0.031
v 0.309252 0.741200 0.066346 0.914 0.737 0.631
v 0.448725 0.649413 -0.286264 0.643 0.345 0.235
v -0.145267 0.609406 -0.250241 0.796 0.616 0.522
v -0.125111 -0.404447 -0.074701 0.051 0.043 0.039
v -0.018617 -0.103300 -0.242432 0.929 0.729 0.549
v -0.468477 -0.889976 -0.076703 0.090 0.067 0.067
v -0.056068 -0.378535 -0.094182 0.043 0.035 0.031
v 0.317352 -0.824331 -0.062063 0.082 0.075 0.063
v -0.241259 -0.371521 -0.078946 0.047 0.039 0.035
v -0.762100 -0.773937 -0.231532 0.843 0.651 0.537
v 0.105482 -0.553873 -0.014638 0.059 0.047 0.039
v 0.259220 0.612740 0.037308 0.718 0.553 0.518
v -0.100955 0.246400 -0.283660 0.757 0.592 0.455
v 0.408876 -0.547926 -0.171169 0.082 0.071 0.067
v 0.160268 0.215706 -0.240154 0.914 0.757 0.600
v -0.131626 0.838943 -0.130609 0.565 0.455 0.373
v 0.010498 1.029802 -0.008982 0.439 0.318 0.247
v -0.408742 -0.849386 -0.022362 0.047 0.031 0.027
v -0.687918 -0.528426 -0.243419 0.851 0.678 0.541
v -0.620987 -0.831313 -0.232585 0.153 0.145 0.086
v 0.326483 0.479904 -0.113503 0.796 0.631 0.498
v 0.168044 -0.583486 -0.011392 0.059 0.051 0.043
v -0.177354 -0.418398 -0.061930 0.047 0.039 0.035
v 0.078336 0.255475 0.001074 0.745 0.514 0.435
v 0.519007 -0.753329 -0.290225 0.863 0.671 0.525
v 0.308197 -1.037581 -0.213423 0.208 0.192 0.196
v 0.172753 -0.805177 0.034562 0.082 0.071 0.063
v 0.297591 -0.822710 -0.042361 0.086 0.071 0.059
v -0.071986 -0.509402 -0.025315 0.055 0.043 0.039
v -0.478147 -0.451568 -0.069125 0.051 0.043 0.039
v 0.378381 -0.854103 -0.195501 0.110 0.098 0.086
v -0.417617 -0.543063 0.008970 0.059 0.047 0.039
v -0.054314 0.429580 -0.025136 0.776 0.600 0.518
v -0.099432 0.976695 -0.123914 0.333 0.251 0.176
v 0.112089 0.029955 -0.280252 0.902 0.741 0.576
v 0.627595 -0.272270 -0.325167 0.953 0.792 0.643
v -0.121529 0.484595 -0.125717 0.769 0.592 0.506
v -0.908424 -0.630563 -0.349518 0.749 0.561 0.416
v 0.487894 -0.189335 -0.355514 0.918 0.753 0.588
v -0.172941 -0.872306 0.006276 0.047 0.043 0.043
v 0.158539 0.045017 -0.298492 0.898 0.741 0.580
v 0.194960 0.835734 0.116588 0.969 0.800 0.694
v 0.135232 0.309854 0.003660 0.906 0.710 0.600
v 0.413170 0.755859 -0.118617 0.714 0.573 0.486
v 0.375998 0.675196 -0.087908 0.835 0.659 0.545
v 0.259135 0.060051 -0.392759 0.882 0.714 0.553
v -0.432682 -0.298445 -0.123886 0.047 0.035 0.027
v -0.580773 -0.433263 -0.190390 0.039 0.024 0.020
v 0.422825 -0.560684 -0.197656 0.078 0.067 0.067
v -0.007459 0.269060 -0.037676 0.671 0.494 0.420
v -0.032018 0.807226 0.070106 0.882 0.718 0.624
v 0.706714 -0.219684 -0.437279 0.847 0.671 0.514
v -0.188570 -0.609861 0.029632 0.051 0.043 0.039
v -0.316643 -0.776977 0.041394 0.047 0.031 0.027
v 0.424215 0.744555 -0.158579 0.580 0.439 0.345
v -0.385511 -0.524393 0.008235 0.055 0.047 0.043
v -0.113993 -0.134936 -0.189008 0.075 0.059 0.047
v -0.832522 -0.305848 -0.306464 0.792 0.612 0.471
v -0.442510 -0.238488 -0.159570 0.047 0.039 0.027
v -0.661229 0.030993 -0.367627 0.894 0.698 0.561
v 0.356958 0.544558 -0.163382 0.773 0.596 0.478
v 0.442059 -0.621233 -0.256770 0.094 0.067 0.043
v -0.714462 -0.804171 -0.222555 0.761 0.588 0.482
v 0.011315 -0.461312 -0.059109 0.047 0.043 0.035
v 0.300663 -0.926738 -0.113308 0.114 0.098 0.086
v 0.562079 -0.909671 -0.327885 0.871 0.659 0.514
v -0.177782 -0.683223 0.039788 0.071 0.063 0.063
v 0.413441 0.565700 -0.304877 0.824 0.545 0.431
v 0.299748 -0.956878 -0.137257 0.118 0.102 0.098
v -0.436941 0.018806 -0.346714 0.043 0.031 0.020
v 0.134801 -0.683466 0.037751 0.059 0.047 0.043
v -0.074706 0.429461 -0.059258 0.745 0.569 0.490
v -0.111250 0.796703 -0.069698 0.753 0.596 0.498
v -0.440925 -0.576549 0.013471 0.051 0.039 0.035
v -0.555013 -0.610064 -0.088312 0.039 0.035 0.027
v 0.307373 -0.422461 -0.136648 0.047 0.043 0.031
v 0.284400 0.476239 -0.009005 0.890 0.686 0.580
v 0.003493 1.085365 -0.119213 0.337 0.271 0.208
v -0.257095 -0.423877 -0.047679 0.047 0.035 0.027
v 0.270554 0.439481 -0.023463 0.878 0.686 0.588
v -0.283054 -0.010684 -0.278324 0.039 0.031 0.024
v 0.414071 -0.350875 -0.219601 0.067 0.055 0.043
v -0.261447 -0.403656 -0.058807 0.051 0.039 0.035
v 0.323189 0.945138 0.045268 0.631 0.482 0.388
v -0.058478 1.041016 -0.108431 0.459 0.353 0.267
v -0.055353 -0.960788 -0.015627 0.039 0.035 0.031
v -0.171377 0.003181 -0.300328 0.867 0.678 0.533
v -0.054895 0.983472 -0.028517 0.671 0.518 0.431
v -0.162328 -0.571349 0.010855 0.055 0.043 0.039
v 0.179100 -0.469094 -0.072650 0.047 0.035 0.031
v -0.593768 -0.585713 -0.167072 0.020 0.012 0.012
v -0.336034 0.089386 -0.437001 0.047 0.035 0.027
v 0.231161 -0.903635 -0.040059 0.098 0.082 0.078
v -0.904865 -0.653224 -0.339527 0.722 0.533 0.384
v -0.116137 0.509770 -0.095498 0.749 0.573 0.486
v -0.354601 -0.822118 0.016031 0.071 0.055 0.055
v 0.408356 1.016662 -0.143984 0.427 0.365 0.302
v 0.651065 -0.707712 -0.360584 0.851 0.659 0.502
v -0.443707 -0.099444 -0.242278 0.035 0.031 0.024
v -0.106930 0.057146 -0.287178 0.898 0.729 0.573
v -0.280695 0.019356 -0.309765 0.067 0.039 0.024
v -0.776659 -0.722420 -0.266180 0.824 0.643 0.510
v 0.341669 0.555371 -0.060350 0.827 0.635 0.486
v 0.270840 -0.200830 -0.248546 0.051 0.043 0.027
v 0.338722 0.520536 -0.096641 0.745 0.576 0.467
v -0.133656 0.943554 -0.208951 0.302 0.220 0.165
v -0.229589 -0.279337 -0.127441 0.043 0.035 0.031
v -0.130724 0.507531 -0.346142 0.651 0.498 0.400
v -0.584669 -0.856791 -0.171735 0.094 0.078 0.067
v 0.284821 0.021749 -0.415714 0.890 0.714 0.549
v 0.429783 -0.073920 -0.454238 0.106 0.090 0.098
v 0.074438 0.391664 0.054051 0.506 0.133 0.118
v -0.600390 -0.492549 -0.207348 0.020 0.012 0.008
v -0.044571 0.753824 0.073379 0.525 0.365 0.271
v 0.050923 0.014680 -0.272680 0.902 0.737 0.584
v -0.462398 -0.312624 -0.124365 0.055 0.039 0.031
v 0.023249 -0.397951 -0.095722 0.043 0.035 0.031
v -0.912883 -0.588883 -0.365368 0.631 0.478 0.357
v 0.444495 -0.466619 -0.202555 0.196 0.145 0.118
v 0.438933 0.864341 -0.124236 0.451 0.325 0.239
v -0.666342 -0.794278 -0.297061 0.231 0.169 0.137
v 0.123006 -0.259286 -0.175167 0.047 0.039 0.027
v 0.475214 -0.235165 -0.321731 0.933 0.784 0.624
v -0.008156 -0.001707 -0.274441 0.910 0.733 0.565
v 0.364909 -0.823884 -0.117986 0.075 0.067 0.078
v -0.088345 0.949099 -0.061217 0.596 0.451 0.349
v -0.348841 -0.310142 -0.106648 0.043 0.035 0.027
v 0.062653 0.234130 -0.023899 0.561 0.376 0.298
v 0.693521 -0.392791 -0.351976 0.871 0.702 0.525
v -0.614357 0.032919 -0.361675 0.929 0.733 0.584
v 0.257044 -0.432219 -0.112597 0.047 0.039 0.027
v -0.207988 -0.469629 -0.027933 0.051 0.035 0.031
v 0.406870 -0.223572 -0.287978 0.071 0.063 0.051
v -0.117955 0.973322 -0.182673 0.333 0.239 0.176
v -0.476993 -0.008207 -0.307304 0.078 0.063 0.039
v 0.665960 -0.602047 -0.351490 0.859 0.690 0.525
v 0.461510 -0.913143 -0.258734 0.800 0.616 0.486
v -0.639399 -0.644537 -0.238285 0.196 0.129 0.094
v 0.126526 0.945156 0.092635 0.957 0.780 0.667
v 0.523476 -0.099100 -0.479576 0.847 0.667 0.541
v 0.119601 1.065995 -0.006589 0.247 0.184 0.125
v 0.563090 -0.670984 -0.304290 0.890 0.722 0.557
v -0.698527 -0.687345 -0.268686 0.710 0.557 0.451
v 0.291714 -0.235689 -0.233105 0.039 0.035 0.024
v 0.012713 0.720568 0.093064 0.616 0.463 0.380
v -0.019981 0.402499 -0.002824 0.847 0.678 0.573
v 0.275678 -0.616727 -0.040839 0.059 0.043 0.043
v -0.048244 -0.233232 -0.162951 0.051 0.035 0.031
v 0.624907 -0.894045 -0.365693 0.871 0.647 0.494
v -0.414801 -0.497232 -0.014739 0.051 0.035 0.031
v 0.018230 0.949736 0.059930 0.878 0.686 0.576
v 0.064215 -1.051815 -0.058378 0.031 0.027 0.020
v -0.049295 0.942631 0.006523 0.812 0.635 0.533
v 0.500313 -0.790322 -0.284857 0.831 0.635 0.490
v -0.649913 -0.213383 -0.240590 0.910 0.749 0.580
v 0.233856 0.184803 -0.314142 0.851 0.678 0.514
v 0.416859 0.805624 -0.091590 0.620 0.475 0.384
v 0.677507 -0.307170 -0.341038 0.910 0.745 0.580
v -0.353704 -0.442958 -0.034420 0.055 0.039 0.035
v -0.327587 0.034309 -0.348133 0.027 0.012 0.008
v 0.181681 1.079084 -0.023970 0.239 0.169 0.090
v -0.087806 0.842077 -0.008252 0.761 0.592 0.498
v -0.096310 -0.576422 0.003315 0.051 0.043 0.035
v -0.529920 -0.604898 -0.046791 0.031 0.031 0.031
v -0.368098 0.023806 -0.357897 0.024 0.016 0.012
v -0.352790 -0.405726 -0.056638 0.047 0.035 0.031
v -0.603574 -0.466352 -0.213756 0.412 0.290 0.184
v 0.032726 0.974115 0.056372 0.843 0.663 0.561
v 0.457524 0.845502 -0.201072 0.243 0.180 0.114
v -0.123833 -0.014557 -0.277542 0.937 0.753 0.592
v -0.279288 -0.136792 -0.205532 0.035 0.031 0.024
v 0.413119 0.499749 -0.301719 0.922 0.686 0.569
v -0.164839 0.111535 -0.342414 0.733 0.561 0.412
v -0.096048 0.875448 -0.034001 0.682 0.525 0.439
v 0.107570 0.413654 0.067576 0.906 0.612 0.549
v -0.703888 -0.112531 -0.265668 0.906 0.753 0.588
v -0.677981 -0.174172 -0.253242 0.906 0.745 0.576
v -0.164367 0.600917 -0.276063 0.816 0.600 0.514
v -0.110682 0.657644 -0.042744 0.796 0.616 0.502
v 0.380225 0.559511 -0.227690 0.929 0.773 0.643
v 0.100319 0.251196 -0.001557 0.780 0.545 0.459
v -0.482721 -0.155286 -0.208100 0.063 0.055 0.039
v 0.703714 -0.237941 -0.399300 0.878 0.706 0.549
v 0.175125 -0.844167 0.021380 0.086 0.078 0.075
v 0.189187 0.700900 0.118605 0.812 0.639 0.549
v 0.332367 0.458821 -0.176482 0.769 0.608 0.482
v -0.022906 0.298411 -0.039742 0.753 0.588 0.502
v 0.054031 0.129823 -0.238195 0.878 0.714 0.573
v 0.214748 0.632739 0.043274 0.369 0.290 0.239
v 0.302214 -0.170840 -0.278294 0.039 0.035 0.024
v 0.339657 0.476194 -0.215540 0.745 0.569 0.451
v 0.169532 0.673262 0.094479 0.733 0.529 0.412
v 0.288799 -0.426782 -0.126678 0.047 0.043 0.031
v -0.149573 -0.143627 -0.189736 0.047 0.035 0.024
v -0.148188 0.822307 -0.197075 0.337 0.247 0.176
v 0.279281 -0.057553 -0.351532 0.071 0.059 0.035
v 0.430831 -0.209777 -0.314543 0.071 0.059 0.043
v -0.450178 -0.440956 -0.059842 0.051 0.039 0.035
v -0.454543 -0.066880 -0.262972 0.039 0.031 0.020
v -0.852628 -0.610143 -0.302508 0.812 0.627 0.475
v 0.303096 -1.007110 -0.185261 0.071 0.055 0.059
v -0.110450 -0.279227 -0.137547 0.043 0.039 0.031
v -0.164966 0.158978 -0.368152 0.749 0.569 0.416
v 0.450325 -0.801498 -0.280228 0.667 0.506 0.396
v -0.401315 0.027480 -0.366596 0.024 0.016 0.012
v -0.338967 -0.676510 0.062787 0.055 0.051 0.043
v -0.883292 -0.309805 -0.393833 0.624 0.451 0.314
v -0.579348 -0.725406 -0.143152 0.063 0.051 0.047
v -0.628798 -0.423312 -0.226651 0.796 0.624 0.467
v 0.381739 1.000780 -0.070898 0.380 0.294 0.212
v 0.430897 0.718800 -0.198189 0.459 0.353 0.275
v 0.123806 0.762078 0.127356 0.953 0.780 0.682
v -0.725370 -0.249939 -0.257244 0.890 0.725 0.565
v -0.842511 -0.712450 -0.273187 0.835 0.635 0.494
v -0.187942 0.034191 -0.324059 0.855 0.671 0.514
v 0.202854 0.426327 0.023553 0.914 0.741 0.647
v -0.023302 -0.156693 -0.192249 0.059 0.047 0.031
v -0.076910 0.938253 -0.030563 0.686 0.514 0.420
v 0.147756 1.011884 0.057013 0.353 0.259 0.173
v 0.468977 0.670279 -0.289524 0.894 0.635 0.514
v 0.220905 0.743310 0.117954 0.949 0.769 0.675
v 0.259174 -0.300280 -0.182834 0.047 0.043 0.031
v -0.823889 -0.273485 -0.306557 0.800 0.620 0.478
v -0.244495 -0.305571 -0.113076 0.043 0.035 0.027
v -0.183990 -0.176262 -0.177922 0.047 0.043 0.031
v 0.101885 0.640989 0.086940 0.839 0.659 0.533
v 0.434891 0.923829 -0.123108 0.502 0.380 0.298
v -0.724409 -0.150576 -0.269396 0.886 0.722 0.561
v 0.468519 -0.459997 -0.223554 0.898 0.722 0.549
v -0.179121 -0.156991 -0.185450 0.043 0.039 0.031
v -0.706320 -0.298138 -0.242922 0.890 0.722 0.557
v 0.473043 -0.276332 -0.299591 0.945 0.796 0.631
v -0.805045 -0.471569 -0.280606 0.827 0.663 0.525
v 0.593386 -0.171773 -0.390827 0.902 0.722 0.553
v 0.024572 -0.487465 -0.044962 0.051 0.039 0.035
v -0.540625 -0.052722 -0.287200 0.949 0.784 0.620
v 0.328235 -0.632152 -0.077073 0.055 0.043 0.035
v 0.352357 -0.045682 -0.433657 0.149 0.129 0.122
v 0.542585 -1.027478 -0.316379 0.878 0.671 0.529
v 0.469990 -0.849184 -0.273950 0.780 0.592 0.463
v -0.593249 -0.422623 -0.206128 0.075 0.043 0.027
v -0.291542 -0.718323 0.061371 0.086 0.078 0.082
v 0.561177 -0.421936 -0.297045 0.933 0.765 0.588
v 0.513383 -0.957458 -0.282583 0.871 0.671 0.525
v 0.426437 0.654117 -0.237387 0.584 0.420 0.318
v 0.242147 -1.024848 -0.117424 0.055 0.051 0.043
v 0.161138 0.196210 -0.250488 0.922 0.769 0.612
v -0.790415 -0.246423 -0.288276 0.859 0.678 0.514
v -0.125474 0.576432 -0.079624 0.706 0.518 0.420
v 0.379231 0.776845 -0.022789 0.831 0.675 0.569
v -0.106979 0.329047 -0.287525 0.757 0.580 0.435
v 0.626690 -0.211225 -0.359479 0.914 0.737 0.573
v 0.179033 0.987502 0.072009 0.761 0.573 0.482
v 0.537035 -0.569891 -0.280418 0.882 0.710 0.545
v -0.821781 -0.221853 -0.320654 0.784 0.600 0.451
v -0.628000 -0.464348 -0.228450 0.737 0.561 0.408
v 0.015943 -1.020427 -0.040296 0.039 0.035 0.027
v -0.694782 -0.400662 -0.233571 0.867 0.702 0.561
v -0.599509 -0.886457 -0.034185 0.533 0.388 0.298
v -0.198753 -0.220371 -0.158328 0.043 0.039 0.031
v -0.506981 -0.174569 -0.204195 0.086 0.067 0.047
v -0.543752 -0.336548 -0.159157 0.059 0.039 0.031
v -0.517696 0.045411 -0.388629 0.929 0.741 0.600
v -0.151196 0.879159 -0.245420 0.165 0.094 0.039
v 0.286625 0.391063 -0.094839 0.855 0.671 0.553
v -0.819680 -0.506494 -0.289591 0.827 0.663 0.522
v 0.396222 -0.664818 -0.159342 0.067 0.047 0.039
v -0.853018 -0.242315 -0.363786 0.678 0.506 0.373
v -0.097988 0.947485 -0.089342 0.420 0.314 0.224
v 0.158855 0.528497 0.070821 0.894 0.714 0.616
v -0.068742 0.406577 -0.060044 0.749 0.569 0.490
v -0.101154 0.685415 -0.031814 0.792 0.635 0.525
v -0.762146 -0.174514 -0.286033 0.851 0.678 0.525
v -0.003135 -0.947811 -0.017910 0.043 0.039 0.039
v -0.680706 -0.587941 -0.247645 0.780 0.620 0.486
v 0.010062 -0.150405 -0.197107 0.059 0.043 0.031
v -0.032717 0.286723 -0.071527 0.682 0.514 0.424
v -0.726551 -0.474358 -0.246232 0.855 0.690 0.549
v 0.202458 -0.934328 -0.047742 0.082 0.063 0.067
v 0.041372 -0.437855 -0.076327 0.055 0.043 0.035
v -0.370442 -0.041661 -0.288228 0.043 0.035 0.027
v -0.255549 -0.247403 -0.142009 0.039 0.035 0.027
v -0.801272 -0.092581 -0.379120 0.694 0.502 0.380
v -0.088089 0.286564 -0.270662 0.761 0.588 0.443
v 0.029396 0.485518 0.048506 0.757 0.569 0.490
v 0.014885 -0.130319 -0.215375 0.922 0.729 0.584
v 0.128213 -0.204406 -0.201618 0.051 0.043 0.031
v 0.352516 0.595893 -0.065594 0.863 0.655 0.510
v -0.665772 -0.668199 -0.261939 0.522 0.412 0.325
v -0.039629 0.202826 -0.245713 0.745 0.588 0.459
v 0.466604 0.935625 -0.225399 0.310 0.235 0.180
v 0.271436 -0.240741 -0.222370 0.043 0.035 0.024
v 0.612069 -0.472506 -0.313196 0.918 0.749 0.580
v -0.495486 -0.818411 -0.058136 0.098 0.086 0.086
v -0.401449 -0.692254 0.046189 0.051 0.047 0.043
v 0.202829 0.661720 0.069260 0.620 0.439 0.333
v -0.326060 -0.907360 -0.011438 0.090 0.075 0.071
v 0.010090 0.054458 -0.263944 0.910 0.745 0.580
v -0.673606 -0.607930 -0.247546 0.725 0.565 0.459
v -0.532564 -0.285165 -0.164169 0.055 0.047 0.035
v 0.611823 -0.777609 -0.346975 0.863 0.671 0.518
v -0.548115 -0.413063 -0.154576 0.039 0.031 0.027
v -0.362929 0.042372 -0.380831 0.027 0.027 0.020
v -0.057085 -0.614431 0.015151 0.063 0.051 0.043
v -0.637253 -0.731330 -0.267538 0.039 0.024 0.020
v 0.038942 0.783103 0.113493 0.961 0.788 0.698
v 0.424845 0.784313 -0.128646 0.522 0.400 0.318
v -0.364298 -0.282709 -0.121931 0.043 0.039 0.027
v 0.335602 0.507503 -0.112620 0.776 0.608 0.486
v -0.877473 -0.526818 -0.331731 0.722 0.553 0.427
v -0.076991 1.010316 -0.094943 0.494 0.380 0.286
v 0.301338 0.980136 0.033810 0.435 0.325 0.239
v -0.338589 -0.871709 -0.006469 0.035 0.031 0.031
v -0.629919 -0.696866 -0.238864 0.031 0.016 0.012
v -0.547836 -0.832015 -0.114148 0.122 0.094 0.086
v -0.886113 -0.383869 -0.367010 0.624 0.463 0.337
v -0.050607 -0.289535 -0.137738 0.039 0.031 0.024
v -0.136696 0.664540 -0.141780 0.776 0.576 0.475
v 0.279226 1.096007 -0.097411 0.494 0.408 0.318
v 0.523659 -0.857718 -0.298994 0.867 0.667 0.514
v -0.003185 0.321125 -0.013982 0.855 0.671 0.580
v -0.018017 -0.077817 -0.264048 0.918 0.714 0.537
v 0.040725 1.003125 0.043725 0.635 0.455 0.357
v 0.552877 -0.754771 -0.309427 0.875 0.686 0.529
v 0.452290 -0.680665 -0.282574 0.651 0.502 0.361
v 0.288464 0.583063 0.019319 0.914 0.714 0.573
v -0.303576 -0.516543 0.011998 0.051 0.043 0.039
v -0.720420 -0.600784 -0.255501 0.851 0.678 0.541
v 0.647105 -0.487494 -0.329153 0.910 0.745 0.576
v 0.077134 0.486382 0.146254 0.714 0.541 0.486
v 0.380462 -0.736077 -0.124050 0.071 0.051 0.047
v 0.391289 -0.804188 -0.186837 0.051 0.027 0.020
v 0.358083 -0.693069 -0.094791 0.055 0.043 0.039
v 0.071911 0.355267 0.044960 0.682 0.365 0.314
v 0.225605 -0.083243 -0.298097 0.153 0.110 0.075
v -0.413823 0.003062 -0.331314 0.039 0.035 0.024
v -0.193697 -0.066664 -0.214780 0.071 0.051 0.039
v 0.636590 -0.184981 -0.393919 0.894 0.718 0.549
v -0.131878 0.601466 -0.107122 0.675 0.490 0.388
v 0.054124 0.702135 0.101376 0.549 0.412 0.314
v -0.188715 -0.509959 -0.010396 0.055 0.039 0.035
v 0.322279 0.482602 -0.085800 0.773 0.604 0.482
v 0.435802 0.966923 -0.154320 0.427 0.337 0.263
v 0.608458 -0.519962 -0.312047 0.910 0.737 0.573
v 0.017069 0.285614 -0.004876 0.871 0.682 0.588
v -0.094132 -0.069789 -0.235239 0.949 0.737 0.580
v -0.166704 -0.950421 -0.005586 0.090 0.082 0.078
v -0.709101 -0.842257 -0.172900 0.765 0.588 0.486
v -0.746660 -0.357690 -0.251831 0.863 0.690 0.549
v 0.075762 0.439579 0.072836 0.898 0.702 0.604
v 0.289707 -0.779207 -0.019743 0.063 0.055 0.055
v 0.086933 -0.399478 -0.101088 0.051 0.043 0.039
v -0.700405 -0.210991 -0.254149 0.898 0.733 0.573
v -0.306526 0.036226 -0.340547 0.047 0.027 0.016
v -0.628107 -0.880197 -0.049542 0.627 0.471 0.373
v 0.113733 0.474292 0.136245 0.737 0.506 0.447
v -0.721855 -0.083359 -0.281902 0.910 0.745 0.584
v 0.023392 0.236752 -0.203709 0.541 0.412 0.310
v -0.456627 -0.191317 -0.187300 0.043 0.035 0.027
v -0.017487 0.532157 0.032317 0.937 0.725 0.612
v 0.042844 -0.884996 0.007456 0.051 0.047 0.043
v 0.299980 1.018494 -0.003527 0.341 0.286 0.204
v -0.751862 -0.087838 -0.299562 0.851 0.682 0.541
v -0.907923 -0.495496 -0.397098 0.576 0.435 0.310
v -0.718450 -0.343229 -0.241764 0.878 0.706 0.553
v 0.325117 0.440023 -0.159108 0.792 0.624 0.494
v 0.207024 0.287773 -0.215475 0.710 0.576 0.459
v 0.124717 0.118724 -0.263226 0.910 0.753 0.600
v 0.549062 -0.168181 -0.385158 0.918 0.733 0.576
v -0.140833 0.775805 -0.166794 0.490 0.380 0.298
v -0.530899 -0.867591 -0.116570 0.067 0.051 0.043
v 0.524672 -0.531237 -0.272050 0.898 0.718 0.549
v 0.312189 -0.461149 -0.123624 0.043 0.039 0.031
v -0.828372 -0.609285 -0.288733 0.835 0.655 0.510
v 0.251667 0.255109 -0.304775 0.859 0.682 0.525
v 0.583200 -0.377639 -0.307380 0.929 0.769 0.596
v -0.082978 0.914972 -0.026618 0.710 0.549 0.463
v -0.086840 0.352256 -0.255711 0.702 0.529 0.388
v 0.475301 -0.491672 -0.235083 0.827 0.643 0.475
v -0.070081 -0.251327 -0.152759 0.051 0.043 0.031
v -0.254752 -0.177341 -0.180318 0.039 0.035 0.027
v -0.065934 -0.823398 0.020828 0.067 0.055 0.055
v 0.436772 0.758860 -0.182629 0.463 0.353 0.271
v -0.865802 -0.277795 -0.367789 0.667 0.494 0.357
v 0.253499 -0.471164 -0.093881 0.051 0.039 0.031
v -0.534979 -0.478042 -0.121164 0.047 0.043 0.039
v 0.191855 -0.062494 -0.309580 0.898 0.718 0.557
v 0.679527 -0.474358 -0.347054 0.894 0.725 0.553
v -0.159450 0.808464 -0.264583 0.318 0.231 0.161
v -0.068828 0.701958 0.024476 0.675 0.494 0.400
v 0.404266 -0.678824 -0.180431 0.094 0.075 0.071
v -0.125695 0.126568 -0.306589 0.800 0.627 0.482
v -0.328718 -0.100769 -0.237614 0.035 0.031 0.024
v -0.189521 -0.260074 -0.140141 0.039 0.035 0.027
v -0.253076 -0.581007 0.034532 0.051 0.035 0.031
v 0.279479 0.361524 -0.286039 0.796 0.620 0.482
v 0.033893 -0.905768 -0.005710 0.063 0.051 0.051
v 0.658033 -0.323170 -0.327386 0.914 0.757 0.592
v -0.170312 0.769115 -0.267722 0.847 0.600 0.510
v 0.423644 0.855029 -0.090826 0.596 0.439 0.337
v -0.077240 0.350901 -0.233769 0.624 0.451 0.345
v 0.186835 -0.731073 0.035691 0.086 0.063 0.063
v 0.304740 -0.224829 -0.245121 0.039 0.031 0.020
v 0.382423 -0.633218 -0.135214 0.055 0.039 0.035
v 0.385846 -1.057896 -0.268976 0.494 0.380 0.310
v 0.224794 0.070239 -0.348195 0.839 0.671 0.510
v -0.786667 -0.525088 -0.272134 0.847 0.675 0.549
v -0.625758 -0.006997 -0.311022 0.941 0.761 0.608
v 0.202211 0.479052 0.039912 0.914 0.706 0.604
v -0.513159 -0.702066 -0.026692 0.122 0.098 0.098
v 0.295138 1.060337 -0.052908 0.337 0.294 0.220
v -0.777403 -0.056668 -0.364161 0.749 0.553 0.431
v 0.312769 0.492768 -0.039751 0.851 0.667 0.553
v 0.063560 -0.750538 0.044598 0.086 0.075 0.067
v 0.351945 0.709267 -0.004486 0.855 0.698 0.588
v 0.137277 0.053457 -0.285206 0.902 0.737 0.580
v -0.490767 -0.682905 -0.001200 0.075 0.063 0.059
v 0.421767 0.697238 -0.187951 0.529 0.404 0.322
v 0.236479 -0.176006 -0.249792 0.047 0.043 0.031
v -0.671408 -0.757096 -0.294851 0.325 0.239 0.180
v -0.158469 0.761680 -0.250303 0.475 0.314 0.235
v 0.362056 -0.078869 -0.397036 0.047 0.043 0.027
v -0.447464 -0.541265 -0.003231 0.055 0.043 0.035
v -0.158645 -0.615133 0.024411 0.051 0.039 0.035
v 0.282916 0.302955 -0.345302 0.784 0.608 0.455
v -0.489551 -0.563857 -0.019854 0.047 0.035 0.031
v -0.000695 0.398729 0.004504 0.678 0.451 0.396
v 0.107851 -0.087168 -0.265973 0.937 0.737 0.576
v 0.350144 -0.991517 -0.272876 0.071 0.055 0.043
v -0.699810 -0.180959 -0.257606 0.902 0.741 0.576
v -0.017187 -0.648658 0.027412 0.055 0.047 0.043
v -0.549948 -0.637817 -0.070361 0.043 0.043 0.043
v -0.000252 0.515338 0.034509 0.898 0.686 0.584
v -0.837548 -0.492590 -0.299612 0.800 0.635 0.490
v -0.167713 -0.331845 -0.106694 0.043 0.035 0.031
v -0.424102 -0.793460 -0.001503 0.047 0.031 0.031
v 0.195188 -0.994318 -0.082120 0.043 0.031 0.024
v 0.350280 0.536001 -0.137548 0.757 0.588 0.459
v -0.508414 -0.479501 -0.082218 0.047 0.039 0.035
v 0.384695 0.644830 -0.137277 0.784 0.616 0.506
v 0.279039 0.067063 -0.423291 0.882 0.690 0.522
v -0.213026 0.043026 -0.341028 0.882 0.706 0.533
v 0.204335 0.275769 -0.097425 0.671 0.514 0.412
v 0.310755 -0.889680 -0.094661 0.137 0.118 0.114
v 0.260854 0.372250 -0.068037 0.878 0.706 0.588
v 0.354466 0.658322 -0.042984 0.863 0.702 0.588
v 0.347119 1.064925 -0.103504 0.282 0.263 0.188
v 0.406702 -1.048939 -0.260627 0.651 0.506 0.404
v -0.318037 0.099624 -0.452733 0.631 0.475 0.392
v 0.528126 -0.993702 -0.297710 0.875 0.667 0.533
v 0.214209 0.073480 -0.330557 0.863 0.698 0.545
v 0.347363 -0.891248 -0.147479 0.129 0.098 0.090
v 0.256824 0.329136 -0.264594 0.780 0.612 0.471
v -0.676452 -0.350154 -0.226784 0.878 0.714 0.561
v -0.562384 -0.522405 -0.143088 0.031 0.020 0.024
v 0.267699 -0.712722 -0.002333 0.055 0.043 0.039
v -0.040373 1.035073 -0.075169 0.518 0.396 0.306
v -0.144052 -0.425060 -0.061980 0.051 0.039 0.035
v -0.449967 -0.624828 0.022814 0.071 0.063 0.063
v -0.234860 -0.545424 0.016745 0.051 0.043 0.039
v 0.230025 0.931694 0.083174 0.933 0.749 0.635
v 0.005588 0.763545 0.104005 0.925 0.757 0.671
v -0.218899 -0.489246 -0.015393 0.047 0.039 0.035
v -0.433215 -0.218693 -0.169081 0.043 0.035 0.024
v 0.195693 1.067956 -0.006900 0.278 0.208 0.122
v -0.672476 -0.017435 -0.303647 0.933 0.757 0.600
v 0.106405 0.467746 0.116439 0.322 0.102 0.090
v 0.451359 0.756165 -0.228030 0.329 0.247 0.180
v -0.135236 0.314720 -0.343358 0.710 0.522 0.376
v 0.368497 -0.220393 -0.271848 0.039 0.035 0.020
v -0.580938 -0.489918 -0.175336 0.024 0.020 0.012
v 0.140511 0.486743 0.105195 0.847 0.643 0.565
v -0.134519 0.534533 -0.176063 0.749 0.561 0.471
v 0.258976 1.067003 -0.032478 0.204 0.149 0.078
v 0.091446 -0.511716 -0.035690 0.059 0.043 0.039
v 0.262142 -0.917637 -0.070943 0.114 0.110 0.094
v 0.482960 -1.061994 -0.282730 0.875 0.678 0.549
v 0.505806 -0.598633 -0.272599 0.816 0.643 0.467
v 0.224719 1.004321 0.051814 0.373 0.275 0.184
v 0.442110 0.674329 -0.261487 0.451 0.310 0.220
v -0.600616 -0.688882 -0.170824 0.031 0.027 0.020
v 0.361125 0.629122 -0.071557 0.859 0.667 0.529
v 0.231942 -0.996603 -0.099278 0.051 0.043 0.035
v -0.073319 0.832273 0.017435 0.776 0.616 0.514
v -0.005305 -0.230645 -0.169704 0.047 0.039 0.027
v 0.248235 -1.084668 -0.142844 0.075 0.059 0.055
v -0.458028 -0.668188 0.022163 0.059 0.055 0.055
v -0.370404 -0.025454 -0.302197 0.035 0.031 0.020
v 0.265185 -0.997735 -0.126496 0.106 0.086 0.082
v 0.084655 1.077875 -0.039049 0.192 0.129 0.067
v -0.199774 -0.085502 -0.208351 0.078 0.059 0.047
v -0.109937 -0.158680 -0.184605 0.059 0.047 0.039
v -0.139803 0.699472 -0.174381 0.714 0.537 0.451
v -0.197870 -0.831049 0.015229 0.043 0.039 0.043
v 0.437363 -0.658166 -0.262538 0.122 0.082 0.063
v -0.838839 -0.427925 -0.300086 0.792 0.627 0.498
v 0.076968 0.097097 -0.254651 0.867 0.698 0.561
v 0.206011 0.093473 -0.315171 0.867 0.714 0.553
v -0.861966 -0.339096 -0.333501 0.706 0.533 0.400
v 0.019859 -0.587947 0.004831 0.051 0.039 0.035
v 0.032468 0.205089 -0.213465 0.627 0.502 0.380
v 0.238839 0.311513 -0.241131 0.769 0.620 0.490
v 0.313465 -0.086428 -0.352125 0.047 0.035 0.024
v -0.755215 -0.589350 -0.262447 0.851 0.678 0.541
v -0.708842 -0.719220 -0.273703 0.718 0.561 0.455
v -0.946296 -0.650793 -0.412227 0.612 0.463 0.341
v -0.467449 0.063320 -0.424441 0.067 0.059 0.055
v 0.074561 0.053479 -0.267283 0.902 0.753 0.596
v 0.321643 0.767121 0.056471 0.906 0.710 0.608
v 0.004586 -0.412532 -0.085686 0.047 0.039 0.031
v 0.046481 1.079525 -0.056294 0.278 0.204 0.133
v -0.710166 -0.504849 -0.245095 0.859 0.698 0.561
v 0.286717 0.428394 -0.059294 0.859 0.682 0.576
v 0.456060 -0.079417 -0.444239 0.137 0.122 0.129
v -0.309960 0.083963 -0.421249 0.761 0.580 0.478
v 0.363020 -0.584337 -0.121128 0.051 0.039 0.031
v 0.053329 0.269271 0.004812 0.839 0.612 0.525
v -0.403805 -0.394012 -0.069860 0.051 0.035 0.031
v -0.763301 -0.515677 -0.262502 0.851 0.682 0.545
v 0.308803 0.041668 -0.495110 0.859 0.675 0.518
v 0.469106 -1.094896 -0.282615 0.851 0.663 0.525
v 0.393435 -0.039135 -0.499197 0.122 0.106 0.110
v 0.121835 -0.604113 0.008564 0.059 0.043 0.039
v 0.196888 1.049953 0.015709 0.349 0.275 0.184
v -0.133126 0.484107 -0.360846 0.659 0.490 0.376
v -0.464985 -0.607164 0.012490 0.059 0.047 0.047
v -0.189088 0.621235 -0.303837 0.686 0.431 0.357
v -0.617658 -0.157155 -0.246432 0.929 0.769 0.596
v -0.126858 -0.931977 -0.005813 0.035 0.031 0.027
v -0.607249 -0.364330 -0.206112 0.718 0.537 0.376
v -0.376883 -0.693085 0.054695 0.063 0.055 0.047
v 0.363784 -0.291800 -0.227649 0.039 0.031 0.024
v -0.779299 -0.450048 -0.265860 0.847 0.678 0.541
v 0.216917 -0.832724 0.010061 0.071 0.055 0.055
v 0.438985 -0.087599 -0.415442 0.047 0.051 0.027
v -0.913103 -0.570049 -0.372557 0.612 0.451 0.333
v -0.027433 0.372979 -0.022520 0.800 0.635 0.533
v 0.140567 -0.567793 -0.013221 0.063 0.047 0.043
v 0.383214 0.906149 -0.006573 0.773 0.624 0.522
v 0.355478 -0.121758 -0.346518 0.035 0.031 0.016
v 0.163666 -0.294216 -0.164422 0.039 0.035 0.024
v 0.458359 0.869780 -0.182818 0.322 0.239 0.165
v 0.132104 0.262359 -0.176926 0.584 0.459 0.361
v 0.388852 0.597382 -0.258128 0.761 0.525 0.392
v -0.454150 -0.331118 -0.112927 0.055 0.043 0.035
v -0.098344 0.719260 -0.022932 0.765 0.620 0.525
v 0.219112 -0.853247 -0.001869 0.078 0.067 0.059
v 0.309894 0.011281 -0.444837 0.898 0.722 0.549
v -0.015958 0.912179 0.052065 0.875 0.702 0.596
v -0.128234 0.627479 -0.075618 0.753 0.565 0.459
v -0.325897 0.071037 -0.396493 0.035 0.024 0.012
v 0.214658 -0.019476 -0.341309 0.863 0.686 0.529
v -0.862044 -0.242101 -0.396400 0.627 0.459 0.322
v 0.434112 0.833779 -0.118852 0.553 0.427 0.345
v -0.656305 -0.815514 -0.288604 0.165 0.110 0.078
v 0.223721 0.812447 0.111584 0.949 0.776 0.678
v 0.392955 -0.974804 -0.267866 0.435 0.337 0.263
v 0.363734 -0.793201 -0.102862 0.067 0.043 0.031
v 0.542617 -0.549346 -0.281590 0.906 0.733 0.565
v -0.015203 -0.851808 0.016736 0.059 0.051 0.051
v -0.805533 -0.171361 -0.322386 0.796 0.600 0.455
v -0.889527 -0.571865 -0.338713 0.702 0.545 0.408
v -0.132909 0.511808 -0.171797 0.737 0.557 0.463
v 0.092568 0.454436 0.080980 0.686 0.506 0.431
v -0.011976 -0.379714 -0.099704 0.043 0.035 0.031
v 0.344958 0.718391 0.016352 0.882 0.714 0.612
v 0.005845 -0.191238 -0.187518 0.063 0.051 0.039
v 0.104391 -0.243242 -0.179535 0.051 0.047 0.031
v -0.049250 -0.000346 -0.268156 0.925 0.733 0.569
v -0.486120 -0.655152 0.003590 0.059 0.051 0.043
v -0.125995 0.470495 -0.152005 0.745 0.561 0.478
v -0.878981 -0.480310 -0.339224 0.686 0.533 0.404
v -0.117858 -0.666197 0.029965 0.067 0.051 0.055
v -0.534389 -0.501047 -0.108103 0.051 0.047 0.039
v 0.400365 -0.436319 -0.181761 0.047 0.043 0.035
v -0.651158 0.022859 -0.352083 0.902 0.706 0.565
v -0.125492 0.552264 -0.107342 0.710 0.529 0.439
v -0.128671 -0.859828 0.006674 0.043 0.039 0.035
v -0.152798 0.838085 -0.215767 0.314 0.239 0.180
v -0.106908 -0.203663 -0.169912 0.051 0.043 0.039
v 0.132377 0.492575 0.134407 0.890 0.686 0.616
v -0.157152 0.844242 -0.272606 0.114 0.043 0.000
v 0.042415 0.932021 0.078992 0.910 0.718 0.600
v -0.209996 -0.122422 -0.201270 0.047 0.035 0.027
v 0.575022 -0.862978 -0.333759 0.875 0.667 0.518
v 0.432699 -0.824426 -0.280676 0.557 0.420 0.318
v 0.183288 0.656467 0.064677 0.651 0.463 0.365
v -0.027156 0.582296 0.029212 0.949 0.745 0.616
v -0.662262 -0.442190 -0.232945 0.855 0.686 0.525
v -0.633608 -0.622059 -0.226168 0.031 0.024 0.016
v -0.183626 -0.041613 -0.247853 0.918 0.714 0.565
v 0.039325 0.420751 0.058351 0.788 0.498 0.451
v -0.106302 0.307311 -0.288999 0.753 0.584 0.431
v 0.508434 -0.876083 -0.287630 0.863 0.663 0.510
v 0.405859 0.999139 -0.115275 0.376 0.310 0.247
v 0.388807 0.843220 -0.021787 0.827 0.671 0.565
v -0.671822 -0.716458 -0.282332 0.463 0.357 0.286
v 0.169228 -0.048247 -0.310644 0.890 0.714 0.553
v 0.192833 0.455398 0.036905 0.925 0.737 0.635
v -0.141743 0.253494 -0.351736 0.706 0.525 0.380
v -0.769198 -0.376442 -0.260762 0.863 0.698 0.557
v -0.519034 -0.836110 -0.084435 0.122 0.106 0.094
v -0.486578 -0.786490 -0.033121 0.071 0.055 0.051
v 0.067395 -0.541962 -0.017412 0.055 0.043 0.039
v -0.595748 0.011476 -0.332171 0.941 0.753 0.596
v 0.442818 0.971015 -0.175225 0.412 0.333 0.267
v 0.529874 -0.220231 -0.339567 0.929 0.765 0.608
v 0.383464 -0.852176 -0.216600 0.078 0.078 0.078
v 0.148031 -0.746797 0.044240 0.102 0.082 0.078
v 0.328934 -0.924026 -0.147261 0.122 0.098 0.098
v -0.564381 -0.745096 -0.121826 0.035 0.027 0.031
v -0.161365 0.687587 -0.320597 0.686 0.506 0.408
v -0.128685 0.317035 -0.321787 0.714 0.533 0.384
v 0.107690 0.910385 0.104943 0.965 0.788 0.682
v 0.088384 -0.639392 0.025021 0.063 0.047 0.043
v -0.400981 -0.900099 -0.037604 0.031 0.027 0.020
v -0.365826 -0.117865 -0.230118 0.035 0.031 0.024
v -0.007414 -0.125189 -0.215845 0.933 0.737 0.576
v 0.070989 0.577217 0.093061 0.792 0.604 0.518
v -0.614920 -0.890283 -0.012383 0.584 0.427 0.325
v 0.435524 0.692090 -0.236010 0.357 0.251 0.173
v -0.051051 0.188168 -0.254674 0.784 0.627 0.486
v -0.061888 -0.436026 -0.063824 0.059 0.047 0.043
v 0.193999 0.585269 0.042000 0.886 0.706 0.596
v 0.476247 -0.992998 -0.260900 0.863 0.667 0.533
v 0.102181 1.005450 0.056293 0.639 0.498 0.396
v -0.789433 -0.352894 -0.272078 0.863 0.686 0.541
v 0.139933 -0.135255 -0.231216 0.071 0.059 0.039
v 0.038693 -0.059062 -0.274527 0.945 0.753 0.580
v -0.607413 -0.801418 -0.203473 0.043 0.043 0.027
v 0.210660 -0.613068 -0.008632 0.055 0.043 0.035
v 0.320140 -0.251425 -0.233297 0.039 0.035 0.024
v -0.135028 -0.794583 0.028245 0.067 0.055 0.055
v 0.330891 0.475934 -0.141338 0.804 0.635 0.502
v 0.223399 0.311657 -0.072821 0.867 0.678 0.573
v 0.322266 -0.073341 -0.369198 0.051 0.039 0.027
v -0.058987 0.662946 0.015750 0.741 0.537 0.420
v 0.404512 -0.054224 -0.482933 0.133 0.125 0.122
v 0.366724 -0.874640 -0.177945 0.122 0.090 0.082
v 0.236430 0.399589 -0.014917 0.898 0.725 0.624
v 0.254064 0.240750 -0.318668 0.851 0.678 0.518
v 0.105706 -0.480751 -0.055669 0.051 0.047 0.039
v 0.180679 -0.560469 -0.027541 0.051 0.039 0.031
v -0.094587 -0.629680 0.020464 0.055 0.039 0.039
v 0.132861 0.412491 0.055320 0.910 0.686 0.604
v 0.352225 -0.792932 -0.085664 0.059 0.043 0.035
v -0.653382 -0.872278 -0.093536 0.639 0.482 0.384
v -0.585748 -0.383083 -0.197213 0.075 0.043 0.039
v -0.928547 -0.643251 -0.371556 0.651 0.498 0.376
v -0.098921 -0.433322 -0.061427 0.047 0.039 0.031
v -0.085148 -0.722302 0.032389 0.059 0.047 0.051
v -0.131889 0.661112 -0.104015 0.808 0.600 0.494
v -0.311914 -0.678961 0.064838 0.055 0.051 0.043
v -0.719578 -0.436244 -0.241813 0.859 0.694 0.549
v 0.254892 0.184266 -0.360358 0.816 0.635 0.467
v 0.660983 -0.666258 -0.359502 0.843 0.659 0.502
v -0.409943 -0.261085 -0.140021 0.047 0.035 0.027
v 0.648901 -0.865866 -0.380894 0.843 0.627 0.475
v 0.321626 -0.790657 -0.053715 0.059 0.047 0.043
v -0.655598 -0.104932 -0.256821 0.922 0.769 0.600
v 0.470025 0.843846 -0.262509 0.231 0.176 0.118
v -0.656644 -0.046247 -0.278398 0.957 0.796 0.639
v 0.142869 0.395672 0.037486 0.753 0.388 0.376
v -0.428250 -0.883391 -0.047596 0.082 0.063 0.063
v 0.648261 -0.360605 -0.325872 0.918 0.757 0.592
v 0.228294 0.112649 -0.339079 0.804 0.639 0.478
v 0.521363 -0.118714 -0.428755 0.875 0.678 0.529
v -0.757708 -0.220522 -0.275172 0.878 0.706 0.545
v 0.606457 -0.811558 -0.347375 0.863 0.671 0.514
v -0.093919 1.027701 -0.180448 0.310 0.224 0.169
v -0.286965 -0.310331 -0.107510 0.047 0.043 0.035
v -0.588040 -0.811503 -0.171845 0.047 0.035 0.035
v 0.129620 -0.503455 -0.045492 0.059 0.051 0.043
v 0.053314 -0.291249 -0.149301 0.051 0.043 0.039
v 0.065080 0.540348 0.116804 0.784 0.592 0.514
v 0.158425 -0.647671 0.022997 0.055 0.039 0.035
v 0.270416 -0.507666 -0.084939 0.051 0.039 0.031
v 0.374840 0.953774 -0.011951 0.620 0.482 0.357
v -0.694230 -0.325744 -0.234901 0.886 0.722 0.561
v 0.348040 0.557917 -0.079481 0.812 0.616 0.475
v -0.262477 -0.604767 0.043762 0.043 0.035 0.031
v 0.297635 -0.910583 -0.097221 0.106 0.102 0.090
v 0.135606 -0.177386 -0.215123 0.059 0.043 0.031
v 0.368272 -0.925203 -0.258543 0.129 0.098 0.090
v 0.277749 -0.287379 -0.195921 0.039 0.035 0.024
v -0.007020 -0.755058 0.034530 0.078 0.075 0.075
v 0.357407 1.041026 -0.082635 0.204 0.157 0.098
v -0.054752 0.306434 -0.232798 0.686 0.533 0.408
v 0.346342 0.952234 0.023084 0.573 0.447 0.349
v -0.037256 -0.352189 -0.110018 0.055 0.047 0.043
v 0.448136 0.552418 -0.327393 0.945 0.706 0.616
v 0.423176 -0.448775 -0.191563 0.067 0.055 0.047
v -0.017077 0.207685 -0.232756 0.718 0.573 0.439
v -0.072567 0.096408 -0.270102 0.867 0.698 0.549
v -0.603985 -0.648232 -0.171259 0.027 0.024 0.016
v -0.040510 0.563452 0.023669 0.941 0.733 0.608
v -0.893730 -0.419516 -0.377934 0.604 0.451 0.318
v -0.111459 0.557988 -0.046722 0.745 0.565 0.478
v -0.106748 0.993046 -0.171705 0.314 0.239 0.180
v 0.162391 -0.686854 0.034376 0.063 0.051 0.047
v 0.399412 -0.135231 -0.354290 0.035 0.031 0.016
v 0.329342 -0.897142 -0.122524 0.110 0.078 0.071
v 0.474731 -0.415348 -0.242256 0.914 0.733 0.553
v -0.930605 -0.612422 -0.391025 0.612 0.455 0.341
v 0.443961 0.694283 -0.267519 0.314 0.224 0.153
v 0.345425 -0.724670 -0.074972 0.059 0.043 0.035
v -0.338931 -0.731119 0.056352 0.067 0.051 0.051
v -0.268128 0.127713 -0.461949 0.792 0.604 0.459
v 0.189953 0.526981 0.047636 0.941 0.745 0.647
v 0.271668 -0.321100 -0.174346 0.051 0.047 0.035
v -0.152525 0.574247 -0.266099 0.824 0.592 0.510
v -0.173820 0.052367 -0.326394 0.831 0.655 0.502
v -0.889191 -0.651512 -0.323683 0.733 0.533 0.404
v -0.089415 0.204435 -0.273783 0.761 0.608 0.467
v -0.219575 0.095879 -0.379424 0.871 0.686 0.514
v 0.190540 1.023224 0.044928 0.322 0.239 0.157
v 0.378215 -0.836924 -0.171972 0.086 0.086 0.086
v 0.350427 -0.830849 -0.103086 0.082 0.071 0.059
v -0.191283 -0.542934 0.006895 0.059 0.043 0.039
v 0.337534 1.010582 -0.024421 0.341 0.298 0.220
v 0.257954 -0.841565 -0.019246 0.071 0.055 0.047
v -0.463344 -0.478698 -0.045250 0.051 0.035 0.031
v -0.454566 -0.565248 0.003806 0.055 0.039 0.035
v -0.046936 -0.548841 -0.010152 0.055 0.039 0.039
v 0.528656 -0.500034 -0.274389 0.914 0.737 0.557
v -0.052589 -0.170843 -0.185599 0.051 0.035 0.027
v 0.238988 0.887610 0.095963 0.953 0.773 0.663
v 0.146240 0.295802 -0.005451 0.910 0.718 0.616
v 0.126272 -0.967922 -0.048945 0.051 0.047 0.043
v -0.204059 -0.929825 0.000150 0.039 0.035 0.031
v 0.033441 0.844999 0.098854 0.925 0.761 0.663
v 0.367619 -0.014785 -0.504396 0.129 0.110 0.110
v -0.159074 -0.453912 -0.045318 0.055 0.039 0.035
v 0.355852 -0.904339 -0.181766 0.129 0.098 0.090
v -0.343641 -0.545100 0.026396 0.051 0.039 0.035
v 0.344327 -0.874643 -0.124777 0.125 0.106 0.094
v -0.014193 -0.799904 0.029457 0.082 0.067 0.067
v 0.401795 0.789039 -0.060708 0.741 0.600 0.498
v -0.849062 -0.355759 -0.313719 0.776 0.608 0.475
v 0.712272 -0.361619 -0.368853 0.855 0.678 0.514
v 0.342876 -0.943374 -0.195196 0.157 0.137 0.122
v -0.824624 -0.372515 -0.291042 0.816 0.655 0.514
v 0.527607 -0.902083 -0.301130 0.867 0.655 0.502
v -0.534218 -0.569048 -0.072243 0.067 0.063 0.055
v 0.217725 -0.141566 -0.259043 0.043 0.031 0.020
v 0.022155 -0.440927 -0.072356 0.059 0.047 0.043
v 0.273970 -1.051056 -0.161021 0.059 0.047 0.039
v 0.198859 -0.177089 -0.234416 0.047 0.035 0.024
v 0.151474 0.675023 0.102524 0.804 0.612 0.506
v -0.798291 -0.110193 -0.350103 0.725 0.533 0.412
v 0.253563 -0.772253 0.006584 0.075 0.059 0.059
v 0.670743 -0.626186 -0.358102 0.855 0.678 0.514
v -0.220485 -0.006671 -0.295645 0.890 0.686 0.529
v -0.149411 0.223886 -0.365954 0.694 0.514 0.373
v -0.806263 -0.579289 -0.280767 0.835 0.659 0.525
v 0.526908 -0.716341 -0.289030 0.871 0.682 0.533
v -0.293287 -0.781898 0.042403 0.071 0.055 0.059
v 0.259241 1.049181 -0.008087 0.255 0.180 0.110
v 0.628996 -0.227175 -0.347752 0.925 0.753 0.588
v 0.352626 0.526840 -0.179140 0.776 0.608 0.490
v -0.121477 -0.243830 -0.153101 0.039 0.035 0.027
v 0.505160 -1.112530 -0.296675 0.871 0.663 0.537
v -0.940221 -0.626152 -0.412482 0.608 0.463 0.333
v -0.370641 -0.722896 0.051020 0.051 0.047 0.043
v -0.111027 1.009574 -0.208280 0.290 0.227 0.169
v 0.059068 0.074718 -0.260434 0.898 0.737 0.588
v 0.524060 -0.285127 -0.308500 0.941 0.788 0.627
v 0.284780 0.998775 0.028148 0.353 0.271 0.176
v -0.582429 0.053524 -0.399151 0.922 0.710 0.565
v -0.776624 -0.298386 -0.271065 0.878 0.706 0.549
v 0.279034 0.894555 0.079075 0.937 0.745 0.635
v 0.629158 -0.437515 -0.320765 0.922 0.753 0.584
v 0.527630 -0.662992 -0.284488 0.878 0.702 0.541
v 0.206304 -1.092678 -0.114147 0.031 0.027 0.020
v 0.613368 -0.159808 -0.413491 0.898 0.714 0.549
v 0.585340 -0.743864 -0.328038 0.875 0.686 0.529
v 0.376086 0.707651 -0.063670 0.831 0.659 0.541
v 0.570929 -0.242304 -0.328952 0.945 0.780 0.620
v -0.111186 0.882301 -0.070282 0.557 0.420 0.337
v -0.725864 -0.536501 -0.251024 0.851 0.686 0.549
v -0.063388 -0.911734 -0.003550 0.039 0.035 0.031
v -0.068396 -0.096804 -0.223628 0.941 0.737 0.576
v 0.013897 -0.974053 -0.028923 0.043 0.039 0.035
v 0.452478 -0.111437 -0.395489 0.067 0.067 0.051
v -0.072157 0.332835 -0.124156 0.647 0.475 0.376
v -0.612016 -0.523298 -0.216907 0.051 0.035 0.031
v -0.379959 -0.608648 0.043717 0.055 0.047 0.043
v 0.263195 0.997469 0.040370 0.400 0.325 0.239
v 0.372662 -0.151402 -0.328717 0.035 0.031 0.020
v 0.591037 -0.656659 -0.319336 0.882 0.710 0.545
v 0.694637 -0.338975 -0.349306 0.886 0.714 0.553
v -0.145981 -0.764137 0.031898 0.106 0.086 0.090
v -0.690234 -0.762230 -0.286595 0.502 0.392 0.314
v -0.439358 -0.727547 0.023220 0.051 0.035 0.035
v 0.230770 -0.920176 -0.051759 0.078 0.055 0.051
v 0.024770 1.045247 -0.014489 0.388 0.290 0.200
v 0.250682 0.075368 -0.383396 0.890 0.718 0.553
v 0.272141 0.865245 0.088227 0.941 0.753 0.647
v -0.071210 0.580068 0.010530 0.894 0.686 0.569
v -0.318962 -0.750352 0.052270 0.059 0.051 0.051
v 0.071089 0.482687 0.101415 0.322 0.090 0.090
v 0.170279 -0.717001 0.037921 0.071 0.063 0.059
v 0.441821 1.002075 -0.206065 0.345 0.294 0.239
v 0.156533 -1.000817 -0.071205 0.039 0.035 0.027
v 0.215944 1.036111 0.026289 0.325 0.267 0.188
v -0.328194 -0.234371 -0.149631 0.035 0.027 0.020
v 0.654151 -0.637470 -0.350274 0.863 0.690 0.529
v 0.620293 -0.635253 -0.332651 0.882 0.714 0.541
v -0.170894 -0.645257 0.034914 0.055 0.047 0.051
v 0.431449 -0.102402 -0.394916 0.051 0.047 0.031
v 0.122848 -0.623220 0.017096 0.063 0.051 0.043
v -0.655771 0.044771 -0.398413 0.863 0.659 0.525
v 0.024426 -0.726501 0.041143 0.059 0.047 0.043
v -0.420294 0.036667 -0.381365 0.031 0.027 0.020
v 0.602906 -0.865226 -0.350365 0.867 0.655 0.502
v -0.463272 0.054864 -0.402544 0.067 0.039 0.035
v 0.234711 -0.056301 -0.332893 0.890 0.718 0.557
v 0.602469 -0.399743 -0.311748 0.929 0.769 0.588
v -0.390549 -0.160442 -0.201482 0.035 0.031 0.024
v 0.088237 0.576207 0.116045 0.875 0.678 0.592
v 0.121491 0.468177 0.080293 0.886 0.698 0.631
v -0.099912 0.538028 -0.037947 0.761 0.588 0.498
v 0.401366 -0.576432 -0.162829 0.082 0.063 0.055
v 0.252726 0.206243 -0.339128 0.835 0.663 0.494
v 0.536278 -0.467729 -0.280027 0.918 0.745 0.565
v 0.364590 0.670030 -0.061083 0.859 0.694 0.576
v 0.315522 0.648327 0.023602 0.816 0.624 0.510
v 0.149228 -0.113797 -0.246929 0.792 0.639 0.565
v 0.283588 -0.007740 -0.402364 0.886 0.718 0.549
v -0.677137 -0.842138 -0.242658 0.537 0.416 0.341
v 0.652690 -0.171922 -0.428853 0.890 0.710 0.549
v 0.366802 -0.721563 -0.102276 0.059 0.051 0.035
v 0.254502 0.014645 -0.382143 0.886 0.722 0.565
v -0.839503 -0.243830 -0.335427 0.741 0.553 0.412
v -0.734381 -0.636189 -0.260751 0.859 0.686 0.549
v -0.306237 -0.478572 -0.010855 0.051 0.035 0.031
v 0.426968 -0.694744 -0.243752 0.082 0.043 0.039
v 0.395888 -0.931590 -0.270481 0.322 0.243 0.192
v -0.147429 0.260731 -0.386504 0.718 0.529 0.384
v 0.361270 -0.093201 -0.379075 0.039 0.035 0.020
v 0.663719 -0.259311 -0.344991 0.933 0.769 0.604
v -0.943126 -0.683307 -0.384217 0.776 0.576 0.431
v 0.514291 -0.429923 -0.270542 0.906 0.733 0.541
v 0.146566 -0.033442 -0.301203 0.914 0.737 0.576
v -0.159250 -0.892315 0.002742 0.031 0.027 0.027
v 0.334603 -0.105139 -0.348707 0.043 0.039 0.024
v -0.014696 0.343079 -0.019604 0.835 0.655 0.561
v -0.794592 -0.206036 -0.300087 0.839 0.659 0.502
v 0.293872 0.711737 0.078024 0.753 0.588 0.502
v -0.466864 -0.845522 -0.052689 0.063 0.047 0.043
v 0.463423 0.845150 -0.232254 0.216 0.169 0.110
v 0.380128 0.818895 -0.010710 0.824 0.671 0.557
v -0.582324 -0.465128 -0.186024 0.012 0.008 0.000
v -0.187311 -0.735950 0.040835 0.098 0.082 0.082
v 0.421669 -0.907013 -0.260494 0.600 0.467 0.369
v 0.016622 0.344505 0.005657 0.827 0.639 0.541
v 0.236757 1.020836 0.034114 0.337 0.286 0.212
v -0.771524 -0.658198 -0.267705 0.847 0.671 0.533
v -0.293637 -0.862274 0.007373 0.039 0.035 0.035
v -0.452457 -0.414602 -0.073945 0.059 0.043 0.039
v 0.281987 -0.356778 -0.157984 0.039 0.035 0.027
v 0.456584 0.942574 -0.187911 0.384 0.298 0.227
v -0.642871 -0.188323 -0.244063 0.914 0.757 0.584
v 0.286283 -1.046612 -0.175597 0.122 0.098 0.098
v 0.396578 0.642155 -0.173060 0.663 0.522 0.431
v 0.133277 -0.071018 -0.282970 0.937 0.753 0.600
v 0.184403 -0.130405 -0.249973 0.078 0.063 0.051
v -0.208359 -0.285930 -0.125864 0.039 0.035 0.027
v 0.518023 -0.247826 -0.322667 0.945 0.792 0.627
v 0.686741 -0.261774 -0.359975 0.914 0.749 0.584
v -0.111996 0.695656 -0.058001 0.784 0.631 0.533
v 0.364227 0.926940 0.021083 0.749 0.576 0.478
v -0.844788 -0.571436 -0.301583 0.808 0.631 0.490
v 0.201677 -0.245524 -0.198706 0.043 0.039 0.027
v -0.317809 -0.829105 0.018013 0.055 0.043 0.039
v -0.639615 -0.272154 -0.222036 0.898 0.729 0.565
v 0.153175 -0.327457 -0.144247 0.039 0.035 0.027
v -0.180736 0.108631 -0.359631 0.812 0.627 0.471
v -0.098705 0.384436 -0.262720 0.678 0.490 0.357
v 0.278791 -0.822782 -0.026263 0.082 0.067 0.055
v -0.388222 -0.059040 -0.275741 0.035 0.031 0.020
v -0.599484 -0.084167 -0.266878 0.929 0.765 0.600
v 0.337396 -0.020202 -0.434351 0.141 0.110 0.110
v -0.114756 -0.450484 -0.051339 0.051 0.043 0.039
v -0.413974 -0.766770 0.017886 0.078 0.063 0.063
v 0.162386 0.274747 -0.025657 0.894 0.706 0.596
v 0.390462 -0.840274 -0.230335 0.149 0.118 0.110
v -0.190138 0.766332 -0.302866 0.824 0.549 0.447
v -0.829374 -0.183736 -0.356186 0.706 0.522 0.384
v 0.077927 -0.198618 -0.196136 0.051 0.047 0.035
v -0.210064 0.686720 -0.343643 0.875 0.604 0.518
v -0.298841 -0.078446 -0.245300 0.031 0.027 0.020
v -0.238171 -0.059119 -0.228408 0.051 0.039 0.027
v 0.301572 0.551987 0.004913 0.922 0.725 0.588
v -0.303534 -0.347016 -0.087415 0.063 0.047 0.043
v 0.000467 -0.043916 -0.277831 0.929 0.737 0.573
v -0.317917 -0.495003 0.000273 0.047 0.031 0.027
v -0.135471 -0.077621 -0.221972 0.945 0.745 0.592
v 0.187548 0.289458 -0.046153 0.886 0.710 0.596
v 0.259236 -0.805247 -0.005635 0.086 0.078 0.075
v -0.896315 -0.389174 -0.400677 0.584 0.435 0.306
v -0.170789 -0.767489 0.034084 0.106 0.090 0.094
v 0.359454 -0.754843 -0.090639 0.063 0.047 0.035
v -0.788824 -0.156230 -0.310785 0.827 0.647 0.502
v -0.507434 -0.747601 -0.034278 0.078 0.055 0.055
v 0.074611 0.839954 0.113743 0.945 0.757 0.667
v 0.355051 0.887783 0.029173 0.792 0.584 0.475
v -0.553455 -0.181902 -0.223647 0.929 0.776 0.604
v 0.450246 -0.433371 -0.217689 0.894 0.710 0.549
v -0.198659 0.071145 -0.352417 0.863 0.678 0.514
v -0.199877 -0.774515 0.039199 0.110 0.102 0.102
v 0.017587 0.582864 0.044397 0.945 0.753 0.631
v 0.220582 -0.888953 -0.025003 0.086 0.071 0.075
v 0.239886 0.841584 0.104651 0.961 0.784 0.675
v 0.275321 -0.441289 -0.114999 0.047 0.043 0.031
v 0.422474 -0.058436 -0.491592 0.129 0.114 0.118
v -0.691358 -0.548297 -0.245347 0.835 0.671 0.529
v -0.000624 0.580711 0.037038 0.953 0.749 0.627
v -0.504930 -0.101008 -0.253197 0.808 0.647 0.533
v 0.059098 0.455558 0.070319 0.796 0.620 0.537
v 0.247030 0.386238 -0.038735 0.875 0.702 0.596
v -0.608973 -0.708165 -0.196574 0.031 0.027 0.020
v -0.667174 -0.003783 -0.317594 0.933 0.749 0.592
v -0.031000 -0.007192 -0.272343 0.906 0.714 0.549
v -0.156999 0.099755 -0.328976 0.761 0.592 0.443
v 0.103668 -0.045112 -0.281646 0.894 0.706 0.545
v -0.124330 0.726285 -0.110942 0.800 0.631 0.533
v 0.725885 -0.250037 -0.445488 0.824 0.651 0.494
v 0.234443 -0.953464 -0.075969 0.098 0.075 0.071
v 0.166611 0.602334 0.054003 0.882 0.706 0.592
v 0.408326 -0.729988 -0.212958 0.071 0.047 0.035
v 0.371741 -0.621755 -0.123758 0.063 0.047 0.043
v -0.717866 -0.004815 -0.346267 0.847 0.651 0.510
v -0.017139 -0.357582 -0.109781 0.047 0.043 0.035
v -0.424245 -0.358137 -0.091109 0.051 0.043 0.035
v -0.054932 -0.583897 0.004027 0.059 0.051 0.047
v -0.329263 0.005885 -0.318235 0.027 0.024 0.016
v -0.554076 -0.238263 -0.192303 0.894 0.729 0.588
v -0.075896 -0.291758 -0.134500 0.051 0.043 0.039
v 0.322634 0.028384 -0.506002 0.855 0.671 0.525
v 0.403353 -0.727304 -0.191807 0.102 0.090 0.090
v 0.076474 -0.110020 -0.245008 0.933 0.737 0.576
v 0.049557 0.564726 0.069776 0.827 0.639 0.537
v 0.064873 -0.431329 -0.081927 0.055 0.047 0.043
v -0.123314 -0.633854 0.024105 0.051 0.039 0.039
v 0.378483 -0.357921 -0.200406 0.047 0.043 0.027
v -0.589826 -0.721154 -0.160277 0.039 0.031 0.027
v -0.160907 0.821505 -0.285044 0.290 0.216 0.153
v -0.583760 -0.293178 -0.191357 0.824 0.659 0.525
v -0.141278 -0.322646 -0.113929 0.047 0.035 0.027
v 0.335450 0.477338 -0.164857 0.784 0.620 0.490
v -0.525081 0.058880 -0.428240 0.871 0.682 0.541
v -0.417321 -0.565131 0.019023 0.059 0.043 0.039
v 0.107148 0.345066 0.031730 0.812 0.608 0.533
v 0.042562 0.233072 -0.052071 0.573 0.388 0.290
v 0.162320 -0.188813 -0.216586 0.047 0.039 0.027
v 0.610528 -0.286262 -0.316550 0.945 0.792 0.635
v 0.489422 -0.225838 -0.331042 0.945 0.792 0.635
v -0.410428 -0.189462 -0.184017 0.035 0.031 0.024
v -0.239506 -0.519649 0.005012 0.055 0.047 0.039
v -0.253985 -0.327329 -0.101053 0.043 0.039 0.031
v 0.160213 0.432261 0.045365 0.890 0.710 0.596
v -0.434937 -0.010114 -0.315028 0.035 0.031 0.020
v -0.090690 0.713151 -0.003057 0.737 0.569 0.486
v -0.102591 0.283646 -0.283762 0.757 0.592 0.439
v 0.422252 -0.382324 -0.210768 0.075 0.063 0.047
v 0.153715 -0.005230 -0.304779 0.890 0.725 0.565
v -0.092592 0.651728 -0.012500 0.851 0.667 0.533
v -0.272384 -0.023365 -0.263905 0.043 0.039 0.031
v -0.203901 0.166644 -0.428518 0.761 0.569 0.400
v -0.849548 -0.273769 -0.337319 0.718 0.541 0.400
v 0.260496 0.444111 -0.005825 0.894 0.706 0.608
v 0.007249 0.460074 0.034700 0.867 0.671 0.565
v -0.115233 0.470312 -0.114211 0.765 0.588 0.498
v 0.360838 0.568497 -0.123406 0.784 0.612 0.490
v -0.425972 -0.605451 0.028381 0.059 0.051 0.043
v 0.360062 0.753892 0.003442 0.875 0.725 0.604
v -0.334914 -0.591587 0.046358 0.051 0.039 0.035
v -0.424139 -0.325448 -0.107560 0.055 0.043 0.035
v 0.252348 -0.973113 -0.100663 0.110 0.086 0.090
v -0.782209 -0.562962 -0.270782 0.843 0.678 0.545
v -0.137395 -0.701004 0.033174 0.059 0.051 0.047
v 0.266883 0.219149 -0.388784 0.808 0.624 0.459
v -0.692292 -0.630602 -0.256009 0.780 0.612 0.482
v -0.285188 0.103886 -0.434273 0.839 0.643 0.490
v -0.194567 0.708773 -0.322934 0.827 0.584 0.486
v 0.178989 -1.026085 -0.087889 0.039 0.035 0.027
v -0.190819 -0.320801 -0.109979 0.043 0.039 0.035
v 0.104521 -0.867272 0.018723 0.063 0.055 0.059
v -0.666627 -0.283101 -0.230700 0.898 0.729 0.569
v 0.444741 0.780037 -0.190531 0.490 0.380 0.298
v -0.453234 0.015515 -0.336762 0.031 0.024 0.012
v -0.288933 -0.405440 -0.055873 0.047 0.035 0.031
v -0.556987 0.063466 -0.446732 0.875 0.682 0.549
v -0.082307 -0.308025 -0.126402 0.047 0.039 0.031
v 0.577840 -0.205858 -0.353211 0.922 0.745 0.580
v -0.104650 -0.754649 0.030754 0.094 0.086 0.090
v 0.528890 -0.188557 -0.363199 0.925 0.749 0.592
v 0.404919 -0.699457 -0.188007 0.063 0.039 0.043
v 0.432614 -1.103140 -0.271133 0.788 0.604 0.502
v -0.833351 -0.178453 -0.379729 0.671 0.490 0.357
v 0.499532 -0.100850 -0.450184 0.863 0.678 0.557
v 0.646333 -0.565085 -0.335402 0.886 0.718 0.541
v -0.543490 -0.310105 -0.165142 0.051 0.039 0.031
v 0.365103 -0.202422 -0.283243 0.039 0.031 0.020
v 0.143694 0.255811 -0.194653 0.671 0.533 0.420
v -0.852162 -0.461419 -0.310215 0.769 0.608 0.475
v -0.900593 -0.496200 -0.376146 0.596 0.451 0.325
v -0.043624 0.623505 0.024967 0.918 0.729 0.600
v -0.754761 -0.040030 -0.341137 0.808 0.608 0.486
v -0.217645 -0.572207 0.024127 0.055 0.047 0.043
v -0.353859 -0.377787 -0.071813 0.047 0.039 0.031
v -0.685723 -0.859011 -0.139644 0.686 0.529 0.431
v -0.089592 0.160156 -0.276256 0.808 0.647 0.506
v -0.541340 -0.452805 -0.138851 0.027 0.024 0.020
v 0.354930 -0.250336 -0.246556 0.043 0.039 0.024
v 0.225525 0.704084 0.113150 0.553 0.404 0.314
v 0.021815 1.055663 -0.035535 0.322 0.239 0.165
v 0.442482 -0.880947 -0.261014 0.710 0.553 0.439
v -0.135507 0.578421 -0.234041 0.706 0.518 0.412
v 0.175151 -0.167793 -0.230757 0.055 0.043 0.031
v -0.091417 -0.277780 -0.139592 0.043 0.035 0.027
v -0.443388 -0.164067 -0.202086 0.035 0.031 0.024
v 0.416277 -0.077017 -0.440507 0.125 0.118 0.125
v 0.458969 -0.581958 -0.262786 0.239 0.180 0.141
v -0.206569 -0.246092 -0.145292 0.047 0.043 0.035
v -0.305447 -0.012351 -0.290608 0.027 0.024 0.016
v -0.373914 -0.232300 -0.152841 0.043 0.035 0.027
v -0.115133 0.850811 -0.074398 0.569 0.420 0.333
v 0.481208 -0.866247 -0.271630 0.835 0.635 0.490
v -0.207883 -0.411386 -0.060882 0.043 0.035 0.031
v 0.129914 -0.929256 -0.021150 0.059 0.047 0.043
v -0.873276 -0.410163 -0.336603 0.702 0.533 0.404
v -0.237731 -0.866366 0.009113 0.043 0.035 0.035
v -0.560881 -0.667560 -0.091269 0.039 0.027 0.027
v -0.274337 -0.243034 -0.143891 0.039 0.035 0.027
v 0.152464 0.906936 0.108162 0.965 0.776 0.675
v 0.649283 -0.210572 -0.369770 0.910 0.737 0.569
v 0.312912 -0.113612 -0.324793 0.043 0.035 0.024
v 0.236727 0.246674 -0.288322 0.875 0.702 0.549
v -0.758899 -0.696810 -0.267791 0.847 0.671 0.537
v 0.237408 0.320346 -0.084072 0.851 0.655 0.537
v -0.115292 0.414382 -0.294136 0.737 0.533 0.396
v 0.280163 0.358568 -0.126112 0.776 0.596 0.475
v 0.344609 0.494032 -0.205624 0.765 0.592 0.471
v -0.138511 -0.668871 0.032279 0.071 0.051 0.055
v -0.116561 0.536586 -0.073062 0.737 0.557 0.478
v 0.558601 -0.862219 -0.324025 0.867 0.678 0.525
v 0.327445 -0.766543 -0.054990 0.059 0.043 0.035
v 0.454502 0.733131 -0.286038 0.337 0.259 0.204
v -0.676416 -0.426131 -0.232480 0.875 0.714 0.561
v 0.045304 -1.050481 -0.052678 0.031 0.031 0.024
v -0.027319 0.158059 -0.248334 0.824 0.675 0.522
v -0.134752 0.623594 -0.173942 0.702 0.510 0.412
v 0.294292 0.391226 -0.112381 0.831 0.643 0.525
v -0.689674 -0.476460 -0.238800 0.875 0.718 0.573
v -0.558243 -0.357931 -0.167633 0.063 0.043 0.039
v 0.464048 -0.217987 -0.329719 0.898 0.765 0.655
v 0.291557 -0.266759 -0.212281 0.047 0.043 0.027
v -0.187797 0.013336 -0.313491 0.867 0.678 0.525
v -0.572860 -0.773296 -0.142644 0.059 0.047 0.043
v -0.218201 -0.683771 0.050244 0.055 0.055 0.047
v -0.812791 -0.238212 -0.306084 0.816 0.639 0.486
v 0.273038 -1.087414 -0.171549 0.200 0.192 0.196
v 0.324156 -1.028972 -0.246579 0.157 0.125 0.118
v -0.152928 0.725162 -0.212691 0.494 0.345 0.267
v -0.471984 -0.123276 -0.225190 0.043 0.035 0.020
v 0.452288 -1.048455 -0.266934 0.835 0.647 0.522
v -0.163881 -0.022524 -0.271847 0.902 0.706 0.553
v 0.049944 1.035866 0.010681 0.427 0.325 0.231
v -0.323645 -0.462516 -0.020922 0.047 0.039 0.031
v -0.088680 -0.960376 -0.013280 0.031 0.031 0.024
v -0.138714 0.688339 -0.238859 0.757 0.557 0.451
v 0.262658 0.153139 -0.394842 0.867 0.678 0.510
v 0.084879 -0.837789 0.032712 0.071 0.063 0.055
v 0.278315 -0.471957 -0.103581 0.043 0.035 0.027
v 0.096889 1.033434 0.031016 0.345 0.263 0.184
v 0.530062 -0.422194 -0.282529 0.918 0.741 0.557
v -0.377992 -0.785412 0.021675 0.039 0.035 0.027
v 0.688859 -0.431871 -0.351361 0.882 0.710 0.533
v -0.157716 -0.291891 -0.127428 0.043 0.035 0.024
v 0.385128 0.970977 -0.043634 0.533 0.424 0.329
v -0.199946 -0.580138 0.023033 0.051 0.039 0.035
v -0.011041 0.944304 0.041951 0.875 0.686 0.576
v 0.221502 0.861466 0.107818 0.953 0.780 0.678
v -0.801151 -0.654785 -0.275270 0.839 0.659 0.518
v 0.038643 0.503034 0.066587 0.722 0.486 0.412
v 0.174095 0.560309 0.055203 0.925 0.741 0.631
v -0.894756 -0.611775 -0.337736 0.745 0.557 0.416
v -0.128404 0.750126 -0.130252 0.706 0.557 0.467
v -0.401180 0.061299 -0.433365 0.031 0.027 0.020
v 0.342920 -1.034994 -0.278863 0.141 0.122 0.086
v 0.050874 1.067235 -0.033489 0.337 0.259 0.176
v 0.423049 -0.730175 -0.254194 0.039 0.024 0.024
v 0.132133 -0.983555 -0.058135 0.043 0.039 0.035
v 0.034381 -0.742684 0.041341 0.082 0.067 0.071
v 0.121659 -0.293431 -0.157770 0.047 0.039 0.031
v -0.199571 0.128291 -0.386485 0.800 0.612 0.447
v 0.341242 0.663380 -0.004601 0.847 0.686 0.588
v -0.847465 -0.210772 -0.381723 0.663 0.482 0.361
v 0.051836 0.968561 0.066972 0.898 0.710 0.596
v -0.347832 0.079300 -0.421490 0.027 0.016 0.008
v 0.070694 -0.390195 -0.104676 0.047 0.035 0.027
v 0.234706 -0.307372 -0.172163 0.043 0.039 0.031
v -0.748049 -0.452590 -0.252083 0.855 0.690 0.553
v 0.338512 -0.187362 -0.283247 0.039 0.027 0.020
v 0.053933 0.728770 0.119460 0.659 0.498 0.388
v 0.682257 -0.183243 -0.467354 0.847 0.659 0.506
v 0.236393 0.419357 0.000925 0.906 0.733 0.635
v 0.096730 -0.574135 -0.003181 0.047 0.035 0.027
v -0.303066 -0.536777 0.023411 0.043 0.035 0.031
v 0.379884 -0.068448 -0.428812 0.129 0.106 0.098
v -0.077689 0.771527 0.029629 0.773 0.616 0.533
v -0.517089 -0.298093 -0.152994 0.055 0.039 0.031
v -0.393102 -0.019966 -0.308686 0.035 0.031 0.020
v 0.292179 -0.326110 -0.177843 0.035 0.031 0.020
v -0.446944 -0.469540 -0.042558 0.055 0.043 0.035
v 0.315554 0.409018 -0.180227 0.749 0.596 0.471
v -0.016837 0.080066 -0.259891 0.906 0.741 0.576
v -0.642349 -0.775863 -0.278096 0.204 0.153 0.122
v 0.401182 0.630043 -0.208596 0.592 0.443 0.345
v -0.780526 -0.072890 -0.352872 0.769 0.557 0.443
v 0.220052 -0.519351 -0.060679 0.055 0.043 0.035
v -0.453983 -0.807952 -0.025332 0.063 0.047 0.043
v 0.233706 -0.229349 -0.216343 0.047 0.039 0.031
v 0.402610 0.909852 -0.042426 0.706 0.541 0.431
v -0.274174 0.127698 -0.490285 0.859 0.655 0.514
v 0.273609 0.674354 0.076322 0.831 0.647 0.518
v -0.814490 -0.150666 -0.350243 0.725 0.537 0.396
v -0.067825 -0.341462 -0.111815 0.043 0.035 0.031
v 0.346761 0.629105 -0.037932 0.882 0.710 0.584
v 0.124824 0.725187 0.125303 0.937 0.769 0.667
v 0.326346 -0.806353 -0.063544 0.078 0.071 0.063
v 0.228852 0.296280 -0.114837 0.690 0.537 0.427
v -0.124775 0.473487 -0.326319 0.745 0.561 0.439
v -0.240722 -0.018107 -0.263689 0.251 0.188 0.157
v -0.372235 -0.446706 -0.034994 0.051 0.039 0.035
v -0.933924 -0.589836 -0.420296 0.576 0.424 0.306
v -0.246925 -0.153550 -0.191750 0.043 0.035 0.027
v 0.545481 -0.266098 -0.317152 0.949 0.796 0.635
v -0.139380 -0.223301 -0.160973 0.047 0.043 0.031
v -0.094956 0.967212 -0.097036 0.420 0.310 0.220
v 0.118919 0.480453 0.094757 0.231 0.063 0.043
v -0.019706 0.779047 0.086356 0.882 0.710 0.627
v 0.188041 0.761631 0.123217 0.957 0.776 0.686
v 0.059951 -0.215843 -0.185652 0.047 0.039 0.027
v 0.082821 0.942797 0.087693 0.945 0.765 0.655
v -0.089848 0.092822 -0.279461 0.839 0.667 0.518
v 0.393579 -0.536041 -0.154668 0.055 0.047 0.039
v 0.569750 -0.155419 -0.402815 0.918 0.737 0.576
v -0.133384 0.435298 -0.347448 0.729 0.537 0.396
v 0.363934 0.559180 -0.173380 0.761 0.576 0.459
v -0.190137 -0.354609 -0.092909 0.047 0.039 0.031
v 0.427485 -0.630181 -0.228811 0.090 0.059 0.051
v -0.584890 -0.637766 -0.136888 0.027 0.024 0.020
v -0.102097 1.021916 -0.196934 0.314 0.235 0.157
v 0.227985 0.442982 0.017403 0.929 0.757 0.659
v 0.190166 0.274977 -0.060991 0.827 0.651 0.529
v 0.423871 0.715175 -0.180546 0.545 0.424 0.345
v -0.740786 -0.751351 -0.260262 0.820 0.643 0.518
v 0.594090 -0.429136 -0.307845 0.925 0.765 0.588
v 0.175052 0.505768 0.049935 0.910 0.706 0.612
v -0.492766 -0.869853 -0.090264 0.090 0.067 0.067
v 0.089941 0.719639 0.121544 0.898 0.725 0.627
v -0.134545 0.717483 -0.146174 0.773 0.608 0.522
v 0.377222 -0.324732 -0.216191 0.051 0.039 0.031
v -0.872550 -0.279329 -0.385513 0.639 0.463 0.333
v 0.618264 -0.452300 -0.316137 0.925 0.761 0.584
v -0.006448 -0.324210 -0.126986 0.047 0.043 0.035
v -0.871303 -0.305226 -0.362189 0.651 0.490 0.357
v -0.062822 -0.469278 -0.045852 0.063 0.051 0.047
v 0.317408 1.002660 0.001518 0.361 0.290 0.216
v 0.040185 0.597046 0.051151 0.886 0.706 0.596
v 0.002299 0.811104 0.091263 0.898 0.725 0.635
v -0.127428 0.657660 -0.082661 0.812 0.616 0.510
v -0.082856 0.403863 -0.085834 0.761 0.592 0.510
v -0.344988 -0.909443 -0.017823 0.067 0.051 0.047
v -0.122665 0.930822 -0.141117 0.349 0.259 0.188
v -0.321836 0.104797 -0.475979 0.529 0.416 0.349
v 0.005236 -0.106204 -0.249105 0.941 0.749 0.576
v -0.091801 0.752792 -0.000713 0.722 0.573 0.494
v 0.089291 -0.009060 -0.276106 0.902 0.718 0.553
v 0.080428 -0.451150 -0.071427 0.055 0.047 0.035
v -0.623506 -0.781372 -0.239663 0.059 0.051 0.039
v -0.573431 -0.326519 -0.182865 0.067 0.047 0.039
v -0.439611 -0.782724 -0.002166 0.047 0.035 0.035
v 0.063887 0.652911 0.060227 0.604 0.443 0.357
v 0.269002 1.081148 -0.064164 0.255 0.192 0.118
v -0.346025 0.104915 -0.481808 0.039 0.035 0.027
v 0.598544 -0.549964 -0.309838 0.898 0.729 0.569
v 0.713239 -0.402724 -0.371816 0.855 0.682 0.510
v 0.001631 0.975206 0.035984 0.820 0.639 0.537
v -0.043763 0.433835 -0.009382 0.753 0.569 0.475
v -0.796114 -0.427247 -0.274088 0.843 0.682 0.541
v 0.516401 -0.343736 -0.290905 0.949 0.792 0.620
v 0.188180 -0.207062 -0.214494 0.051 0.039 0.027
v 0.396289 -1.081790 -0.268056 0.596 0.455 0.373
v 0.126493 -1.059228 -0.076704 0.031 0.024 0.016
v -0.247118 0.075760 -0.378384 0.890 0.710 0.541
v 0.451752 -0.855647 -0.267778 0.725 0.549 0.427
v 0.361349 0.794660 0.015406 0.906 0.765 0.651
v -0.496567 -0.067188 -0.272512 0.612 0.490 0.404
v 0.350404 1.027130 -0.058152 0.306 0.247 0.169
v -0.477583 -0.243814 -0.164680 0.043 0.035 0.024
v 0.325871 -0.840951 -0.079563 0.110 0.094 0.094
v 0.285087 -0.657332 -0.030818 0.047 0.035 0.031
v 0.055150 0.760643 0.120875 0.961 0.788 0.698
v -0.090533 -1.024599 -0.023791 0.039 0.035 0.027
v 0.157076 -0.439589 -0.084779 0.051 0.039 0.031
v 0.226947 1.065734 -0.013520 0.329 0.259 0.173
v -0.123149 0.300782 -0.310082 0.725 0.545 0.400
v -0.542856 -0.730417 -0.078993 0.039 0.035 0.027
v 0.155700 0.576873 0.074445 0.906 0.725 0.624
v -0.401638 0.088984 -0.521760 0.071 0.055 0.051
v 0.613220 -0.563392 -0.318514 0.898 0.729 0.561
v 0.232951 0.687299 0.096568 0.584 0.431 0.345
v 0.410786 -0.656766 -0.195551 0.082 0.067 0.059
v 0.178084 0.799524 0.122300 0.957 0.780 0.686
v -0.536380 -0.224522 -0.189112 0.196 0.122 0.090
v -0.255710 -0.025534 -0.254253 0.055 0.035 0.031
v 0.217973 -0.298517 -0.173238 0.047 0.039 0.031
v 0.341795 -0.928670 -0.176033 0.122 0.102 0.086
v 0.249989 -0.209345 -0.235287 0.043 0.035 0.024
v 0.439236 -0.064850 -0.480617 0.110 0.094 0.098
v 0.309200 1.086857 -0.110640 0.380 0.294 0.212
v 0.279387 0.539048 0.018934 0.929 0.706 0.576
v -0.617931 -0.688958 -0.210645 0.031 0.016 0.012
v -0.325447 -0.270139 -0.128577 0.035 0.027 0.020
v -0.135870 0.683387 -0.143434 0.780 0.588 0.482
v 0.237313 -0.000131 -0.363804 0.871 0.698 0.553
v 0.277893 1.019296 0.013937 0.365 0.298 0.224
v 0.599305 -0.610163 -0.317804 0.886 0.718 0.549
v -0.279655 -0.565555 0.034248 0.039 0.035 0.031
v 0.164166 -1.043218 -0.085971 0.031 0.027 0.020
v -0.099060 0.357475 -0.274706 0.761 0.576 0.435
v -0.704965 -0.854545 -0.156930 0.804 0.608 0.467
v -0.140969 0.626102 -0.291101 0.745 0.475 0.400
v -0.199245 -0.902668 0.003540 0.039 0.031 0.035
v 0.465168 -0.105104 -0.422973 0.086 0.090 0.075
v 0.083445 -0.270514 -0.162857 0.047 0.039 0.031
v -0.165803 -0.489651 -0.025492 0.043 0.035 0.027
v 0.013778 0.326957 -0.000139 0.831 0.643 0.545
v -0.024053 -1.022843 -0.032945 0.035 0.031 0.024
v -0.308672 -0.258613 -0.135090 0.039 0.035 0.027
v -0.470583 -0.517326 -0.029126 0.051 0.043 0.035
v -0.355989 -0.511421 0.007328 0.055 0.035 0.035
v -0.291700 -0.805897 0.034429 0.059 0.055 0.047
v 0.000968 -0.865929 0.013441 0.055 0.047 0.047
v 0.544518 -0.317213 -0.304744 0.941 0.788 0.624
v 0.255123 0.952720 0.067070 0.839 0.635 0.545
v 0.378198 0.477258 -0.263823 0.949 0.745 0.624
v 0.207842 0.026878 -0.335206 0.878 0.718 0.569
v -0.141723 0.865189 -0.176326 0.310 0.227 0.157
v 0.150212 0.730203 0.127201 0.941 0.769 0.671
v 0.402895 -0.785016 -0.222642 0.125 0.102 0.102
v 0.023707 -0.355231 -0.116568 0.051 0.043 0.035
v -0.823499 -0.579517 -0.288539 0.831 0.655 0.518
v 0.111501 0.678300 0.100999 0.824 0.667 0.553
v 0.465794 0.918783 -0.217328 0.325 0.263 0.204
v 0.530026 -0.737675 -0.293535 0.871 0.682 0.529
v 0.310627 -0.395623 -0.150211 0.043 0.035 0.031
v -0.131769 0.268565 -0.328594 0.698 0.518 0.376
v 0.357924 -0.944340 -0.241819 0.153 0.125 0.118
v 0.034183 -0.330545 -0.129347 0.051 0.043 0.035
v -0.621692 0.056773 -0.426401 0.855 0.655 0.525
v -0.126473 0.013582 -0.288539 0.910 0.729 0.569
v -0.118401 0.885261 -0.092780 0.490 0.365 0.282
v -0.023595 0.991890 -0.003198 0.655 0.502 0.408
v 0.249728 0.354679 -0.069347 0.871 0.694 0.580
v -0.601411 -0.624036 -0.169238 0.031 0.024 0.027
v 0.017980 0.884371 0.083199 0.898 0.725 0.620
v 0.263465 -0.025096 -0.375659 0.878 0.702 0.541
v -0.296420 -0.737836 0.056111 0.086 0.078 0.075
v 0.272398 -0.588545 -0.051092 0.043 0.031 0.031
v 0.217722 -0.756268 0.026392 0.075 0.067 0.063
v 0.427237 -0.780212 -0.293116 0.141 0.110 0.094
v 0.031894 0.645432 0.050594 0.725 0.565 0.490
v -0.095141 -0.611139 0.015242 0.055 0.043 0.039
v 0.366926 0.607975 -0.107714 0.847 0.635 0.498
v 0.107583 0.509229 0.151098 0.976 0.776 0.702
v -0.070193 0.069241 -0.271898 0.867 0.686 0.537
v 0.577110 -0.461699 -0.299785 0.925 0.757 0.580
v 0.286816 -0.455866 -0.113333 0.043 0.035 0.027
v 0.455953 0.589677 -0.330862 0.918 0.682 0.573
v 0.559423 -0.713771 -0.307127 0.875 0.690 0.537
v 0.294703 0.922600 0.065043 0.824 0.627 0.529
v 0.394469 0.703083 -0.114738 0.808 0.655 0.537
v 0.305105 -0.712426 -0.032401 0.051 0.031 0.031
v 0.240061 0.647355 0.055772 0.475 0.278 0.231
v 0.250887 1.092495 -0.069904 0.373 0.298 0.216
v 0.360614 0.475882 -0.252821 0.953 0.769 0.639
v 0.348641 -0.598323 -0.104671 0.051 0.043 0.031
v 0.468922 0.801394 -0.274305 0.231 0.180 0.125
v -0.469902 -0.654369 0.015791 0.059 0.055 0.051
v -0.579165 -0.157386 -0.240385 0.937 0.776 0.608
v -0.748206 -0.837974 -0.187783 0.808 0.631 0.510
v -0.263605 -0.845014 0.014909 0.059 0.047 0.047
v 0.724173 -0.304759 -0.390768 0.847 0.667 0.506
v 0.503545 -0.836017 -0.286746 0.855 0.651 0.502
v -0.514983 -0.543466 -0.056379 0.059 0.055 0.043
v -0.304911 -0.113755 -0.224554 0.035 0.031 0.024
v -0.137388 -0.110367 -0.194626 0.075 0.051 0.039
v 0.231645 -0.034795 -0.347721 0.882 0.706 0.545
v 0.369745 -1.057939 -0.279474 0.204 0.157 0.110
v 0.499128 -1.005278 -0.274175 0.863 0.667 0.533
v 0.634023 -0.532342 -0.325765 0.906 0.737 0.565
v 0.498163 -0.687744 -0.278364 0.839 0.651 0.502
v -0.240725 0.104935 -0.400894 0.855 0.663 0.494
v -0.198600 -0.443932 -0.043917 0.051 0.043 0.039
v -0.576829 -0.219567 -0.212877 0.925 0.765 0.592
v -0.142355 0.840374 -0.179912 0.341 0.243 0.173
v -0.900225 -0.588278 -0.348690 0.667 0.494 0.380
v 0.273953 0.566305 0.026419 0.941 0.729 0.604
v -0.208159 0.151458 -0.416121 0.780 0.588 0.424
v 0.475581 0.650778 -0.320665 0.820 0.541 0.416
v 0.306892 -0.587194 -0.074893 0.059 0.047 0.039
v 0.136611 0.234423 -0.050259 0.620 0.451 0.357
v 0.527743 -0.792156 -0.298877 0.867 0.675 0.522
v 0.220607 0.363703 -0.028716 0.863 0.675 0.576
v 0.553463 -0.222779 -0.340157 0.937 0.769 0.612
v 0.336580 0.572830 -0.038901 0.882 0.686 0.541
v 0.035688 -0.564303 -0.005716 0.051 0.043 0.035
v -0.859854 -0.567254 -0.312177 0.784 0.604 0.463
v 0.210508 0.519458 0.041692 0.949 0.753 0.659
v -0.528520 -0.766665 -0.070877 0.063 0.063 0.063
v 0.321544 -0.913516 -0.126726 0.098 0.075 0.075
v -0.813526 -0.338027 -0.286041 0.827 0.655 0.506
v 0.231433 -0.273681 -0.190574 0.043 0.039 0.027
v 0.294350 -0.385165 -0.148586 0.039 0.035 0.027
v 0.363309 -0.391304 -0.179461 0.043 0.035 0.027
v 0.073674 0.325722 0.020854 0.824 0.627 0.529
v -0.923441 -0.703240 -0.349377 0.769 0.573 0.427
v -0.610130 0.054338 -0.405444 0.898 0.690 0.549
v -0.571737 -0.049893 -0.285634 0.949 0.780 0.616
v 0.155253 0.710597 0.123234 0.929 0.761 0.659
v 0.223643 0.585455 0.040320 0.878 0.671 0.553
v 0.091848 -0.293327 -0.153384 0.047 0.043 0.035
v -0.674644 -0.379142 -0.227347 0.871 0.706 0.553
v 0.547535 -0.921935 -0.317369 0.863 0.655 0.506
v -0.801420 -0.704684 -0.269833 0.847 0.655 0.518
v -0.302281 -0.181136 -0.181265 0.039 0.031 0.027
v 0.430809 0.606070 -0.292413 0.949 0.780 0.671
v 0.422747 -0.085097 -0.423878 0.102 0.086 0.086
v 0.321640 -1.001657 -0.219278 0.114 0.090 0.090
v -0.627816 -0.090707 -0.262825 0.929 0.769 0.604
v -0.037798 -0.219601 -0.170067 0.051 0.043 0.031
v 0.080488 0.548494 0.128745 0.875 0.682 0.596
v -0.140389 0.897422 -0.186787 0.302 0.220 0.157
v 0.202967 -0.954351 -0.060670 0.110 0.078 0.078
v 0.311598 0.669283 0.050777 0.914 0.749 0.651
v -0.138418 0.061903 -0.304910 0.871 0.698 0.541
v 0.160019 0.976337 0.078373 0.847 0.651 0.561
v -0.064188 -0.740348 0.032746 0.071 0.063 0.059
v 0.372682 -0.451462 -0.162018 0.047 0.043 0.035
v 0.198962 -0.556718 -0.035189 0.055 0.043 0.035
v -0.440758 -0.754063 0.012711 0.059 0.051 0.051
v -0.407783 -0.674898 0.045485 0.051 0.047 0.039
v -0.385694 -0.544748 0.018657 0.055 0.039 0.035
v -0.035946 0.140160 -0.255482 0.863 0.702 0.561
v 0.194776 0.323001 -0.030563 0.894 0.725 0.616
v -0.498880 0.053905 -0.400125 0.788 0.600 0.486
v -0.486616 -0.343514 -0.121428 0.043 0.035 0.027
v -0.110221 0.614747 -0.033535 0.776 0.573 0.463
v 0.427523 -0.053826 -0.521005 0.118 0.106 0.110
v 0.269751 -0.141618 -0.281248 0.051 0.039 0.031
v -0.739993 -0.856423 -0.167760 0.784 0.608 0.494
v 0.090279 0.748316 0.126021 0.953 0.776 0.682
v 0.127308 0.832203 0.122473 0.957 0.776 0.667
v 0.404768 -0.811164 -0.247553 0.141 0.118 0.110
v -0.695953 -0.809103 -0.247705 0.631 0.482 0.400
v -0.635361 -0.793696 -0.262532 0.220 0.165 0.133
v -0.185307 0.159117 -0.392691 0.780 0.592 0.424
v -0.009495 1.095597 -0.153005 0.357 0.290 0.235
v -0.095537 -0.846391 0.009025 0.063 0.051 0.051
v 0.105151 0.385008 0.049805 0.514 0.153 0.153
v -0.549521 -0.586021 -0.089732 0.035 0.024 0.024
v -0.881575 -0.626185 -0.322240 0.741 0.553 0.412
v 0.126853 -0.584905 -0.001381 0.059 0.043 0.035
v -0.197159 0.759052 -0.321624 0.690 0.412 0.333
v 0.358530 -0.168494 -0.307186 0.035 0.031 0.020
v -0.101684 0.733914 -0.033837 0.776 0.631 0.533
v 0.486543 -0.132303 -0.402934 0.867 0.686 0.580
v 0.248188 -0.822244 -0.003758 0.067 0.067 0.055
v -0.873334 -0.543958 -0.326530 0.737 0.573 0.451
v 0.409108 -0.066335 -0.457591 0.137 0.122 0.122
v 0.100678 -0.422412 -0.089462 0.043 0.035 0.031
v -0.516395 -0.447592 -0.108356 0.035 0.031 0.027
v -0.493529 -0.210523 -0.182823 0.043 0.031 0.024
v 0.266303 0.239408 -0.354005 0.800 0.616 0.459
v 0.112472 0.228274 -0.045201 0.592 0.416 0.329
v -0.240786 -0.748159 0.048932 0.094 0.082 0.082
v 0.504352 -0.970503 -0.273209 0.863 0.663 0.525
v 0.189907 0.246133 -0.245263 0.898 0.737 0.584
v -0.653457 -0.458896 -0.234075 0.843 0.682 0.522
v 0.668668 -0.231369 -0.363740 0.914 0.741 0.576
v -0.082255 -0.406987 -0.076523 0.051 0.043 0.035
v 0.359337 0.706036 -0.024259 0.847 0.686 0.573
v -0.119874 0.717274 -0.090928 0.796 0.635 0.537
v -0.067717 -0.154194 -0.188187 0.055 0.043 0.027
v 0.236727 0.662037 0.068008 0.588 0.412 0.318
v -0.039161 -0.710925 0.035585 0.059 0.047 0.051
v 0.111977 -0.535059 -0.025673 0.059 0.043 0.039
v 0.330573 -0.376122 -0.169030 0.043 0.035 0.024
v -0.083834 0.326360 -0.258515 0.765 0.588 0.447
v 0.416320 -0.718079 -0.227215 0.082 0.059 0.063
v 0.509212 -0.359544 -0.283339 0.949 0.784 0.612
v 0.123080 1.020161 0.048835 0.435 0.333 0.243
v -0.169141 0.780862 -0.282085 0.584 0.341 0.247
v 0.183001 -0.230044 -0.201992 0.043 0.039 0.024
v -0.732671 -0.674210 -0.264211 0.843 0.667 0.533
v -0.617493 -0.802918 -0.224836 0.067 0.051 0.055
v 0.084635 0.676528 0.092040 0.573 0.400 0.294
v 0.467902 -0.074453 -0.479826 0.149 0.141 0.145
v 0.510863 -0.148935 -0.393831 0.925 0.753 0.592
v 0.448828 -0.759446 -0.284357 0.631 0.486 0.376
v 0.224178 0.128984 -0.322696 0.843 0.678 0.518
v 0.220807 -0.458876 -0.088700 0.047 0.035 0.027
v -0.169849 0.754047 -0.287611 0.596 0.325 0.263
v -0.549417 -0.673442 -0.071232 0.035 0.031 0.024
v -0.510422 -0.661421 -0.017840 0.059 0.055 0.051
v 0.235768 0.567614 0.036580 0.929 0.718 0.592
v 0.240181 -0.553826 -0.052152 0.055 0.043 0.035
v -0.331497 -0.635048 0.058528 0.055 0.051 0.051
v -0.004830 0.360958 -0.005734 0.843 0.659 0.557
v 0.506922 -0.378387 -0.278268 0.925 0.757 0.588
v 0.662558 -0.374695 -0.332056 0.902 0.741 0.573
v -0.306631 0.057329 -0.375135 0.102 0.075 0.051
v -0.689198 -0.026624 -0.298671 0.929 0.753 0.596
v -0.812231 -0.549056 -0.284416 0.835 0.663 0.529
v 0.392210 0.555011 -0.240881 0.902 0.698 0.553
v 0.213785 0.246422 -0.264970 0.898 0.745 0.584
v 0.459666 -0.649314 -0.276980 0.667 0.533 0.369
v -0.085626 0.981031 -0.084181 0.467 0.349 0.259
v -0.225502 -0.437705 -0.043258 0.047 0.039 0.031
v 0.373741 -0.833052 -0.151129 0.086 0.082 0.075
v -0.495584 -0.453627 -0.082074 0.051 0.035 0.031
v -0.740573 -0.401017 -0.247773 0.863 0.702 0.557
v -0.204881 -0.751072 0.043133 0.094 0.078 0.082
v 0.339755 -0.441732 -0.146444 0.047 0.039 0.031
v 0.446601 0.934819 -0.154880 0.369 0.267 0.188
v -0.032971 -0.420276 -0.076340 0.051 0.047 0.039
v -0.029976 -1.048482 -0.035433 0.035 0.031 0.024
v 0.538577 -0.614970 -0.284966 0.886 0.710 0.549
v -0.305386 0.017360 -0.319561 0.035 0.024 0.016
v 0.337134 0.723555 0.032060 0.890 0.733 0.627
v -0.536165 -0.848081 -0.110801 0.075 0.047 0.043
v 0.198862 -0.043168 -0.328255 0.871 0.694 0.533
v -0.225832 -0.803161 0.031300 0.043 0.035 0.031
v 0.188910 -0.264749 -0.185849 0.047 0.043 0.031
v -0.656212 -0.878394 -0.073937 0.824 0.600 0.482
v -0.063023 0.948017 -0.014162 0.741 0.569 0.471
v -0.900534 -0.527072 -0.362438 0.616 0.475 0.349
v -0.724799 0.008176 -0.386687 0.792 0.592 0.467
v -0.061208 -0.993385 -0.022132 0.043 0.039 0.031
v 0.393962 -0.101856 -0.385990 0.039 0.035 0.020
v 0.387529 -0.571957 -0.146038 0.075 0.059 0.055
v 0.512326 -0.490720 -0.267601 0.894 0.706 0.525
v 0.463074 -0.373104 -0.250011 0.910 0.741 0.565
v -0.013795 -0.279757 -0.145994 0.047 0.039 0.035
v 0.180277 0.825293 0.119685 0.957 0.784 0.678
v 0.550258 -0.635599 -0.293407 0.894 0.722 0.553
v 0.239505 0.487065 0.026828 0.929 0.718 0.624
v 0.352287 -0.631935 -0.100304 0.055 0.039 0.035
v -0.608724 -0.585994 -0.190005 0.020 0.012 0.004
v -0.041665 -0.745528 0.033111 0.082 0.075 0.071
v -0.110965 0.419355 -0.139030 0.729 0.561 0.471
v 0.608421 -0.248356 -0.327861 0.945 0.780 0.624
v -0.578447 -0.129770 -0.250215 0.941 0.784 0.612
v 0.415304 -0.521719 -0.181267 0.082 0.067 0.071
v 0.292335 0.069846 -0.464519 0.863 0.678 0.510
v 0.335465 0.535098 -0.057164 0.808 0.612 0.486
v 0.103729 0.591471 0.110536 0.961 0.769 0.667
v 0.187886 -0.642790 0.012832 0.055 0.043 0.035
v 0.253512 -1.010966 -0.121479 0.075 0.059 0.055
v -0.092133 0.568437 -0.011044 0.827 0.624 0.522
v -0.632019 -0.518781 -0.229415 0.643 0.498 0.376
v -0.574074 -0.860305 -0.157376 0.086 0.071 0.063
v 0.283109 -0.095985 -0.321715 0.047 0.043 0.027
v 0.123337 -0.394026 -0.106653 0.047 0.039 0.035
v -0.828964 -0.630618 -0.287144 0.839 0.655 0.510
v -0.546630 -0.703321 -0.075919 0.039 0.035 0.027
v 0.609422 -0.135557 -0.459520 0.875 0.694 0.553
v 0.343174 -0.853839 -0.108366 0.102 0.078 0.078
v 0.160960 -0.276732 -0.173391 0.039 0.035 0.024
v 0.305308 0.035271 -0.461115 0.890 0.706 0.533
v -0.144054 0.729414 -0.181826 0.549 0.412 0.329
v -0.553536 -0.104903 -0.259211 0.937 0.780 0.612
v 0.135225 -0.530436 -0.032730 0.055 0.043 0.035
v 0.216684 1.083075 -0.037292 0.388 0.310 0.224
v -0.513622 -0.804455 -0.070137 0.067 0.047 0.047
v 0.156138 0.167037 -0.259082 0.918 0.769 0.608
v 0.062918 -0.273726 -0.158838 0.055 0.043 0.035
v -0.426222 0.069851 -0.465127 0.059 0.055 0.047
v 0.415977 -0.486436 -0.184008 0.047 0.039 0.024
v -0.555431 -0.492126 -0.145119 0.024 0.012 0.004
v 0.422859 -0.660885 -0.225460 0.102 0.086 0.082
v 0.365087 -0.997140 -0.281679 0.196 0.176 0.141
v 0.287200 0.950156 0.059356 0.769 0.573 0.486
v 0.151278 0.374114 0.014529 0.812 0.435 0.400
v -0.306165 -0.653479 0.062436 0.071 0.059 0.055
v 0.719079 -0.345363 -0.376747 0.843 0.663 0.506
v 0.453456 -0.303208 -0.277364 0.922 0.765 0.604
v -0.622390 -0.350183 -0.211184 0.812 0.643 0.471
v -0.217810 -0.159376 -0.186790 0.039 0.035 0.027
v 0.306743 0.870006 0.067343 0.925 0.745 0.627
v 0.119429 -0.009992 -0.289421 0.890 0.729 0.561
v -0.812889 -0.312419 -0.289045 0.835 0.663 0.506
v -0.120085 0.671271 -0.068889 0.792 0.631 0.522
v 0.049499 -0.418124 -0.087797 0.051 0.047 0.039
v -0.251446 -0.489697 -0.009893 0.051 0.035 0.031
v -0.483421 -0.083657 -0.253095 0.090 0.071 0.051
v 0.495503 -0.903078 -0.274825 0.867 0.663 0.518
v -0.307255 0.107593 -0.465415 0.788 0.604 0.490
v -0.607314 -0.321177 -0.200443 0.820 0.647 0.478
v 0.013315 1.062132 -0.059146 0.361 0.278 0.200
v -0.712632 -0.019005 -0.320136 0.871 0.682 0.545
v 0.092817 -1.058539 -0.067078 0.031 0.031 0.024
v 0.501032 -0.567408 -0.267625 0.824 0.651 0.471
v 0.171288 0.135926 -0.277009 0.914 0.761 0.592
v 0.448877 -0.127723 -0.384288 0.063 0.059 0.047
v 0.446670 0.725137 -0.247973 0.384 0.302 0.239
v 0.382164 0.887927 -0.009335 0.827 0.667 0.565
v 0.217264 0.288138 -0.100868 0.725 0.557 0.451
v -0.362181 -0.209420 -0.167112 0.039 0.031 0.024
v 0.008095 -1.059113 -0.044500 0.035 0.031 0.024
v -0.048549 1.054816 -0.118875 0.435 0.337 0.251
v 0.028460 0.738907 0.112515 0.584 0.420 0.325
v 0.166214 0.255546 -0.058670 0.761 0.588 0.478
v -0.481345 -0.708961 0.002531 0.071 0.059 0.055
v -0.417459 -0.831983 -0.016177 0.071 0.055 0.055
v -0.367949 0.103624 -0.510840 0.082 0.071 0.063
v -0.693260 -0.827598 -0.208186 0.718 0.553 0.455
v 0.002684 1.075860 -0.102399 0.365 0.294 0.224
v 0.022088 -0.315064 -0.134715 0.059 0.047 0.043
v 0.565909 -0.530830 -0.292334 0.914 0.741 0.576
v -0.735048 -0.321030 -0.250731 0.875 0.706 0.557
v -0.504290 -0.268298 -0.159049 0.043 0.031 0.024
v 0.367435 0.526263 -0.235738 0.890 0.718 0.584
v -0.144500 0.911834 -0.230174 0.212 0.133 0.082
v -0.206947 -0.646966 0.043589 0.059 0.051 0.051
v -0.076312 -0.107993 -0.209812 0.922 0.714 0.580
v -0.106530 0.075357 -0.288301 0.878 0.702 0.553
v -0.138079 0.143319 -0.321623 0.757 0.584 0.447
v 0.020070 1.021453 0.014380 0.482 0.373 0.282
v -0.240437 0.131308 -0.431370 0.784 0.596 0.439
v -0.720282 -0.759877 -0.265190 0.745 0.576 0.475
v -0.776038 -0.398282 -0.263961 0.859 0.706 0.565
v 0.017043 -0.614621 0.015506 0.051 0.039 0.035
v -0.039978 0.269086 -0.234268 0.706 0.561 0.427
v 0.246329 -1.043995 -0.128634 0.043 0.035 0.027
v 0.363864 0.984270 -0.024186 0.373 0.302 0.216
v 0.113869 0.692034 0.112487 0.878 0.702 0.596
v 0.194674 0.001916 -0.328283 0.871 0.718 0.565
v -0.100282 0.110707 -0.285090 0.827 0.651 0.510
v 0.398173 -0.615032 -0.159872 0.082 0.059 0.063
v -0.137992 0.325693 -0.357701 0.702 0.518 0.376
v -0.474363 -0.188918 -0.189891 0.043 0.035 0.024
v 0.450337 0.907130 -0.160632 0.357 0.275 0.196
v -0.132392 0.574208 -0.165153 0.745 0.561 0.467
v 0.092425 -0.343181 -0.129708 0.043 0.035 0.027
v -0.473998 0.039263 -0.366162 0.082 0.071 0.063
v 0.239998 0.310780 -0.103623 0.761 0.580 0.478
v 0.413419 -0.824789 -0.280860 0.129 0.094 0.063
v -0.496491 -0.604780 -0.011075 0.051 0.047 0.039
v 0.389464 0.474842 -0.280005 0.827 0.604 0.482
v 0.308224 0.700514 0.068242 0.553 0.400 0.310
v 0.435664 -0.356643 -0.234214 0.486 0.388 0.333
v 0.197027 0.679521 0.095602 0.631 0.455 0.357
v -0.126559 0.860830 -0.110104 0.482 0.357 0.271
v -0.362553 -0.346973 -0.087329 0.043 0.031 0.027
v 0.014141 0.905995 0.074771 0.898 0.722 0.616
v -0.179398 0.567241 -0.285578 0.812 0.557 0.494
v -0.245551 -0.227165 -0.153174 0.039 0.035 0.027
v -0.085948 0.365300 -0.115398 0.714 0.557 0.463
v -0.042482 0.885610 0.037733 0.859 0.690 0.588
v -0.290232 -0.897546 -0.001168 0.035 0.031 0.024
v -0.148281 0.173323 -0.344908 0.690 0.510 0.369
v -0.416327 -0.728405 0.032240 0.043 0.039 0.031
v 0.307202 -0.644728 -0.054067 0.051 0.035 0.031
v 0.620242 -0.412273 -0.317710 0.914 0.753 0.576
v -0.344401 0.069417 -0.406598 0.024 0.016 0.012
v 0.202734 -0.152544 -0.248632 0.055 0.039 0.031
v 0.002179 -0.582136 0.002771 0.055 0.039 0.035
v 0.327576 0.783560 0.052272 0.918 0.741 0.627
v 0.273823 0.032781 -0.406436 0.882 0.706 0.541
v 0.378957 -0.486153 -0.153699 0.051 0.047 0.035
v -0.095969 -0.009081 -0.275733 0.922 0.737 0.580
v -0.229289 -0.089500 -0.215984 0.055 0.047 0.035
v 0.080084 -0.905792 -0.002589 0.055 0.043 0.043
v -0.706193 -0.070064 -0.279297 0.922 0.761 0.600
v 0.102752 -0.391277 -0.106620 0.043 0.039 0.031
v 0.379921 0.696726 -0.080960 0.816 0.651 0.529
v -0.019042 0.616009 0.034510 0.902 0.714 0.592
v 0.198435 -0.476827 -0.074126 0.051 0.043 0.031
v 0.513630 -0.928896 -0.285247 0.871 0.671 0.522
v -0.074125 0.538454 -0.004305 0.839 0.643 0.541
v -0.356294 -0.662668 0.060258 0.067 0.051 0.055
v 0.334266 -0.292085 -0.215747 0.043 0.039 0.024
v -0.922010 -0.666233 -0.355679 0.741 0.549 0.400
v -0.144358 0.693512 -0.281089 0.686 0.459 0.353
v -0.367868 -0.884110 -0.020408 0.035 0.031 0.024
v -0.687584 -0.669985 -0.264153 0.694 0.545 0.435
v -0.184247 -0.030354 -0.262164 0.914 0.706 0.557
v -0.116289 -0.113656 -0.192546 0.086 0.067 0.055
v 0.086132 -0.546529 -0.016515 0.059 0.043 0.039
v 0.327175 -0.973479 -0.200093 0.129 0.098 0.090
v -0.125463 0.564126 -0.093645 0.710 0.533 0.443
v 0.674644 -0.389556 -0.340112 0.890 0.725 0.557
v 0.408109 -0.586765 -0.177178 0.082 0.071 0.071
v 0.647956 -0.460468 -0.328966 0.910 0.745 0.569
v 0.647775 -0.658115 -0.350065 0.867 0.686 0.522
v 0.087876 -0.603724 0.010526 0.051 0.035 0.031
v -0.565158 -0.612149 -0.107201 0.027 0.027 0.027
v 0.261713 -0.888768 -0.049719 0.082 0.078 0.067
v -0.079009 0.513500 -0.018701 0.784 0.620 0.541
v -0.038642 0.348955 -0.043054 0.749 0.600 0.518
v 0.035018 -0.760586 0.040052 0.082 0.067 0.063
v 0.346440 0.843343 0.034896 0.898 0.745 0.624
v 0.628891 -0.784649 -0.358752 0.855 0.663 0.506
v -0.070718 0.639764 0.009428 0.902 0.714 0.580
v 0.404175 0.816522 -0.058115 0.741 0.592 0.490
v 0.001217 0.104602 -0.252764 0.890 0.725 0.561
v -0.031004 0.828207 0.064730 0.886 0.718 0.620
v 0.026012 -0.159604 -0.197703 0.047 0.035 0.024
v -0.507461 -0.137665 -0.228080 0.533 0.420 0.361
v 0.548129 -0.824120 -0.314812 0.871 0.682 0.525
v -0.663253 -0.126076 -0.255300 0.914 0.761 0.592
v 0.613591 -0.758640 -0.345976 0.863 0.675 0.522
v -0.609156 -0.235094 -0.219332 0.910 0.749 0.576
v -0.603815 -0.436068 -0.216373 0.467 0.337 0.212
v 0.377455 0.756869 -0.028829 0.847 0.698 0.584
v 0.361744 0.582868 -0.110601 0.820 0.616 0.486
v 0.656626 -0.808035 -0.380323 0.839 0.639 0.475
v -0.623538 -0.759835 -0.240873 0.051 0.031 0.024
v -0.617704 0.041335 -0.377333 0.922 0.714 0.576
v -0.880355 -0.705591 -0.306064 0.792 0.588 0.443
v -0.418792 0.017727 -0.348543 0.031 0.024 0.016
v 0.612869 -0.231918 -0.338591 0.937 0.765 0.604
v -0.619152 -0.380498 -0.215477 0.769 0.588 0.420
v -0.129406 0.688082 -0.110014 0.812 0.635 0.529
v -0.157961 0.806640 -0.246641 0.286 0.212 0.153
v -0.811010 -0.437354 -0.282247 0.839 0.678 0.537
v -0.158265 -0.546249 0.000422 0.043 0.031 0.027
v 0.585374 -0.592870 -0.307672 0.890 0.725 0.557
v -0.098304 -0.318437 -0.120121 0.047 0.043 0.035
v -0.339850 -0.184635 -0.182042 0.035 0.031 0.027
v 0.663462 -0.424406 -0.336141 0.898 0.733 0.561
v 0.345019 0.902896 0.040364 0.737 0.565 0.459
v -0.378783 0.091179 -0.484664 0.039 0.031 0.027
v -0.181273 -0.479645 -0.027634 0.043 0.035 0.031
v -0.093934 0.385764 -0.116835 0.737 0.573 0.486
v -0.584237 0.029994 -0.357123 0.949 0.761 0.608
v 0.735788 -0.296069 -0.424836 0.827 0.651 0.490
v -0.054636 -0.077515 -0.245820 0.945 0.753 0.588
v -0.263900 0.074289 -0.385290 0.875 0.690 0.529
v -0.028585 -0.040019 -0.271528 0.890 0.694 0.522
v 0.409954 -0.125054 -0.366593 0.039 0.035 0.020
v -0.903813 -0.458771 -0.399514 0.573 0.427 0.294
v 0.053104 -0.470246 -0.057827 0.051 0.039 0.031
v -0.575669 -0.079822 -0.269593 0.937 0.776 0.608
v -0.577881 -0.237579 -0.205160 0.918 0.753 0.584
v -0.468197 -0.374856 -0.099134 0.051 0.039 0.031
v 0.464027 0.618892 -0.324390 0.918 0.686 0.576
v -0.395917 0.002212 -0.331264 0.035 0.031 0.020
v -0.884726 -0.298035 -0.418245 0.604 0.447 0.310
v -0.144115 0.711889 -0.282767 0.314 0.078 0.024
v -0.092068 0.465431 -0.070225 0.773 0.600 0.518
v 0.093940 -0.151675 -0.212190 0.059 0.043 0.031
v 0.420074 0.962616 -0.112283 0.463 0.357 0.271
v -0.544830 -0.617593 -0.067697 0.031 0.031 0.027
v 0.505993 -0.121143 -0.419863 0.886 0.698 0.545
v 0.379454 1.037696 -0.112165 0.310 0.255 0.204
v -0.128088 -0.594632 0.012952 0.047 0.035 0.031
v 0.370469 0.828800 0.005024 0.886 0.741 0.635
v 0.031393 -0.001931 -0.276197 0.918 0.745 0.580
v -0.090697 -0.534253 -0.014372 0.055 0.043 0.039
v -0.089819 0.358378 -0.145060 0.631 0.463 0.361
v -0.720220 -0.111151 -0.272417 0.894 0.733 0.573
v -0.183312 -0.124327 -0.196515 0.043 0.035 0.024
v -0.588038 -0.789590 -0.170860 0.024 0.020 0.012
v 0.320702 1.052597 -0.065908 0.290 0.247 0.173
v -0.641725 -0.705076 -0.263022 0.259 0.212 0.165
v -0.335030 -0.083372 -0.250622 0.035 0.031 0.024
v 0.330313 1.060060 -0.083462 0.227 0.180 0.090
v -0.035347 0.282879 -0.221030 0.667 0.525 0.396
v 0.263981 -1.037452 -0.143437 0.059 0.043 0.039
v 0.144017 0.010371 -0.297993 0.906 0.745 0.588
v -0.093971 -0.910721 -0.002685 0.031 0.024 0.024
v 0.241710 0.612134 0.040660 0.753 0.576 0.502
v -0.603991 -0.534561 -0.198263 0.027 0.012 0.008
v -0.652999 0.038889 -0.381521 0.886 0.686 0.549
v 0.088128 0.905062 0.102835 0.957 0.796 0.686
v -0.587250 -0.527760 -0.174071 0.020 0.016 0.012
v -0.599511 -0.810236 -0.190246 0.043 0.039 0.031
v -0.843651 -0.393888 -0.305962 0.780 0.608 0.482
v -0.887907 -0.348838 -0.387952 0.608 0.455 0.325
v 0.365979 -0.557872 -0.127972 0.047 0.043 0.031
v 0.017628 0.526437 0.042438 0.863 0.659 0.557
v -0.079165 0.342472 -0.167098 0.525 0.365 0.255
v -0.257584 -0.917971 -0.000649 0.043 0.035 0.031
v -0.337882 0.015485 -0.334304 0.024 0.016 0.008
v -0.532306 -0.433798 -0.132900 0.055 0.039 0.031
v 0.293982 -0.685361 -0.028389 0.055 0.043 0.039
v -0.605243 -0.827268 -0.200886 0.196 0.282 0.153
v -0.683079 -0.846830 -0.180385 0.706 0.545 0.447
v -0.361495 -0.921046 -0.025976 0.078 0.063 0.059
v -0.592006 -0.499189 -0.187644 0.016 0.012 0.004
v 0.029313 0.181630 -0.222186 0.765 0.616 0.478
v 0.227179 0.295805 -0.241498 0.804 0.647 0.518
v -0.066004 0.503680 -0.008270 0.812 0.631 0.557
v -0.120171 -0.900347 -0.000499 0.035 0.035 0.027
v 0.321481 0.439106 -0.141692 0.816 0.639 0.522
v 0.288140 -0.993918 -0.150836 0.067 0.051 0.055
v -0.319989 -0.356299 -0.082074 0.047 0.035 0.027
v -0.600754 -0.109077 -0.259089 0.929 0.769 0.600
v -0.109752 0.838519 -0.058860 0.655 0.518 0.431
v -0.128386 0.241982 -0.316448 0.714 0.537 0.396
v 0.388057 -0.800605 -0.169091 0.122 0.118 0.110
v -0.028492 0.336790 -0.034751 0.745 0.592 0.502
v -0.262460 -0.665465 0.059005 0.047 0.039 0.039
v -0.307402 -0.316252 -0.103383 0.043 0.039 0.027
v -0.101949 -1.056669 -0.025705 0.016 0.012 0.004
v -0.498932 -0.896730 -0.100759 0.102 0.082 0.075
v -0.275663 -0.059765 -0.245055 0.047 0.035 0.027
v 0.215551 0.942091 0.083279 0.941 0.757 0.643
v 0.041403 -0.182108 -0.195536 0.051 0.043 0.031
v -0.128399 -0.836314 0.011241 0.047 0.039 0.051
v 0.512897 -1.032769 -0.292959 0.867 0.667 0.533
v -0.000049 -0.067795 -0.273004 0.949 0.769 0.604
v 0.215898 -0.718694 0.024625 0.067 0.055 0.051
v 0.004368 -0.828739 0.027335 0.082 0.078 0.071
v 0.636315 -0.146358 -0.476039 0.843 0.659 0.518
v 0.337919 -0.222853 -0.258607 0.039 0.035 0.020
v 0.265709 -0.000371 -0.388159 0.890 0.718 0.561
v -0.131179 0.355294 -0.337946 0.725 0.533 0.396
v -0.553158 -0.569224 -0.107594 0.031 0.027 0.020
v 0.275414 -0.891636 -0.061454 0.122 0.098 0.098
v -0.912644 -0.515848 -0.401267 0.580 0.427 0.306
v -0.153800 0.779727 -0.207457 0.235 0.145 0.086
v 0.392476 -0.718833 -0.151109 0.067 0.047 0.043
v 0.336114 0.680791 0.027532 0.698 0.522 0.427
v 0.252681 -0.510114 -0.076184 0.055 0.047 0.039
v 0.449761 -0.339090 -0.256415 0.910 0.733 0.573
v -0.107480 0.264401 -0.289944 0.757 0.592 0.443
v -0.101663 -0.234980 -0.157692 0.051 0.039 0.031
v 0.188916 -0.621305 0.003434 0.067 0.047 0.043
v -0.093915 -0.806374 0.024993 0.067 0.059 0.059
v -0.009598 0.548990 0.036134 0.957 0.745 0.631
v -0.129411 -0.539634 -0.008004 0.043 0.039 0.031
v 0.718582 -0.243623 -0.427908 0.847 0.667 0.514
v 0.002309 0.150139 -0.239102 0.831 0.675 0.533
v 0.257516 -0.259292 -0.205759 0.043 0.035 0.027
v 0.158533 -0.786785 0.041101 0.078 0.063 0.063
v 0.042326 1.022946 0.023931 0.518 0.392 0.298
v 0.385375 -0.824484 -0.187021 0.114 0.110 0.102
v 0.426776 -0.747118 -0.278942 0.031 0.024 0.020
v 0.095584 0.091901 -0.262888 0.894 0.737 0.580
v 0.349750 1.016632 -0.041888 0.392 0.322 0.247
v 0.453984 -0.456071 -0.213169 0.871 0.686 0.525
v 0.137517 0.238065 -0.209863 0.788 0.647 0.525
v 0.064292 -0.647199 0.027659 0.055 0.047 0.039
v 0.408309 -0.764209 -0.225694 0.055 0.031 0.039
v 0.342127 -1.008097 -0.269212 0.110 0.094 0.082
v 0.182244 0.899603 0.107184 0.961 0.773 0.667
v -0.512285 -0.772333 -0.051323 0.039 0.031 0.035
v -0.026431 1.053479 -0.091327 0.537 0.431 0.349
v -0.010749 0.706460 0.069877 0.518 0.322 0.235
v 0.397831 -0.467555 -0.172587 0.043 0.039 0.027
v 0.507954 -0.716327 -0.281098 0.855 0.671 0.525
v -0.498000 -0.667732 -0.006967 0.075 0.059 0.055
v -0.417644 -0.423577 -0.057191 0.047 0.035 0.027
v -0.494655 -0.540302 -0.035092 0.051 0.035 0.031
v 0.176552 1.035131 0.036393 0.294 0.220 0.145
v 0.321765 -0.956171 -0.169106 0.094 0.063 0.055
v 0.363606 -0.868098 -0.161098 0.133 0.106 0.098
v -0.032848 0.519692 0.024824 0.902 0.698 0.592
v 0.192202 0.354884 -0.012031 0.922 0.765 0.639
v -0.014143 -0.182118 -0.187943 0.063 0.043 0.039
v 0.260962 -0.657771 -0.013535 0.051 0.043 0.039
v -0.513995 -0.386244 -0.128391 0.043 0.031 0.027
v 0.301803 0.372220 -0.330997 0.824 0.647 0.494
v 0.406683 0.854380 -0.053511 0.761 0.596 0.502
v 0.134136 -0.710338 0.042909 0.075 0.059 0.055
v -0.627622 -0.582402 -0.220431 0.396 0.302 0.224
v -0.115607 -0.372773 -0.092143 0.051 0.043 0.035
v 0.232361 0.224230 -0.294190 0.878 0.706 0.545
v -0.175625 0.674644 -0.323834 0.686 0.455 0.380
v 0.300258 0.848795 0.073092 0.929 0.745 0.627
v -0.032480 -0.141344 -0.195413 0.071 0.051 0.039
v 0.352348 0.827645 0.028753 0.918 0.776 0.671
v -0.930327 -0.591905 -0.403326 0.580 0.427 0.314
v -0.199225 0.681264 -0.327656 0.820 0.584 0.498
v 0.530636 -1.016587 -0.303163 0.878 0.675 0.533
v -0.280313 -0.546397 0.025231 0.047 0.039 0.031
v 0.304435 -0.354350 -0.167849 0.047 0.039 0.031
v -0.111351 0.775534 -0.072142 0.776 0.620 0.522
v 0.145398 0.763442 0.126667 0.961 0.784 0.690
v 0.390466 -0.061396 -0.452520 0.133 0.122 0.122
v -0.132977 0.624462 -0.109164 0.718 0.518 0.420
v 0.428470 -1.062438 -0.262738 0.769 0.592 0.490
v -0.013895 0.025571 -0.269883 0.906 0.729 0.565
v -0.746381 -0.189423 -0.274484 0.871 0.698 0.541
v -0.118495 0.983141 -0.197607 0.314 0.231 0.161
v -0.627249 -0.875875 -0.068926 0.627 0.471 0.384
v 0.456858 -0.949001 -0.254426 0.820 0.635 0.510
v -0.791278 -0.686995 -0.272232 0.843 0.663 0.522
v 0.007341 0.009794 -0.274666 0.898 0.725 0.561
v 0.287486 0.362831 -0.153615 0.706 0.553 0.443
v 0.123140 0.924295 0.101309 0.969 0.792 0.682
v 0.391047 1.013028 -0.103047 0.337 0.282 0.231
v 0.581767 -0.564529 -0.302908 0.898 0.725 0.561
v 0.417343 0.750727 -0.134855 0.714 0.569 0.475
v 0.444494 -0.720411 -0.288360 0.565 0.427 0.325
v -0.031497 0.391431 -0.016135 0.808 0.635 0.533
v 0.302339 0.597353 0.008055 0.906 0.706 0.561
v 0.332873 0.847287 0.048189 0.922 0.749 0.635
v 0.443655 -0.183282 -0.342437 0.059 0.055 0.039
v -0.079212 0.873312 -0.001176 0.757 0.592 0.490
v 0.462658 0.877626 -0.203864 0.294 0.220 0.157
v 0.336606 -0.572426 -0.101461 0.055 0.043 0.035
v -0.370878 -0.672616 0.057273 0.071 0.063 0.059
v -0.151899 0.592574 -0.265497 0.769 0.569 0.490
v 0.213001 0.219262 -0.276098 0.902 0.745 0.573
v -0.240565 -0.716702 0.053466 0.067 0.059 0.063
v -0.412939 -0.303564 -0.116532 0.051 0.039 0.031
v -0.741618 -0.032584 -0.332169 0.824 0.631 0.506
v -0.081395 0.613096 0.003292 0.898 0.694 0.573
v 0.397358 -0.768079 -0.186998 0.051 0.027 0.027
v 0.025892 0.252199 -0.195831 0.459 0.325 0.224
v 0.260388 -0.368437 -0.145201 0.047 0.043 0.035
v -0.843725 -0.529774 -0.303537 0.800 0.631 0.494
v -0.094148 -0.475913 -0.039844 0.059 0.043 0.043
v 0.110426 0.852250 0.118537 0.957 0.769 0.667
v 0.089254 0.190629 -0.219132 0.851 0.698 0.565
v -0.621865 -0.401109 -0.220974 0.780 0.612 0.439
v -0.424344 -0.468380 -0.034529 0.055 0.047 0.039
v 0.328233 0.689956 0.042556 0.643 0.482 0.376
v -0.744378 -0.261765 -0.262522 0.882 0.718 0.553
v 0.147027 0.180156 -0.248301 0.918 0.765 0.608
v -0.204857 -0.379064 -0.078820 0.055 0.047 0.039
v 0.266812 -0.183548 -0.256728 0.043 0.035 0.024
v -0.710288 -0.652431 -0.260565 0.804 0.635 0.510
v -0.381066 -0.828486 0.004277 0.059 0.051 0.055
v -0.495992 -0.511614 -0.052691 0.051 0.035 0.031
v 0.171670 -0.755036 0.040269 0.086 0.075 0.067
v -0.639651 0.055186 -0.430519 0.843 0.627 0.502
v 0.026651 -0.688625 0.038659 0.078 0.063 0.063
v -0.386297 -0.730926 0.043157 0.047 0.043 0.039
v 0.553887 -0.132516 -0.423880 0.910 0.722 0.561
v 0.273084 0.363451 -0.098042 0.827 0.639 0.510
v 0.058949 -0.137574 -0.214530 0.678 0.553 0.510
v -0.046362 0.789637 0.063785 0.882 0.710 0.624
v 0.058637 -0.003583 -0.275166 0.914 0.737 0.576
v -0.252400 -0.342867 -0.093097 0.043 0.035 0.027
v 0.404624 0.514940 -0.292904 0.749 0.486 0.388
v 0.243170 -0.689416 0.007400 0.059 0.055 0.043
v 0.322291 -1.060994 -0.257403 0.118 0.110 0.110
v -0.071546 -0.688126 0.032263 0.059 0.043 0.047
v -0.531202 0.012140 -0.339593 0.949 0.765 0.612
v -0.745946 -0.170042 -0.277744 0.871 0.702 0.541
v -0.428860 -0.092481 -0.248519 0.039 0.031 0.024
v 0.291743 -1.079170 -0.193877 0.212 0.204 0.208
v -0.040654 0.690470 0.041488 0.427 0.263 0.180
v -0.128463 0.474914 -0.189728 0.694 0.522 0.424
v -0.039602 0.371063 -0.036999 0.749 0.588 0.506
v 0.262876 0.982592 0.051291 0.494 0.376 0.286
v 0.188303 0.137472 -0.286470 0.902 0.745 0.573
v 0.271004 0.336769 -0.288946 0.847 0.671 0.510
v -0.521263 -0.099147 -0.261847 0.929 0.776 0.608
v 0.334226 0.514256 -0.079431 0.753 0.569 0.459
v -0.069921 1.041084 -0.127200 0.431 0.333 0.247
v -0.478931 -0.315313 -0.129132 0.051 0.039 0.031
v -0.530709 -0.415898 -0.136220 0.043 0.027 0.024
v -0.346088 -0.479877 -0.010550 0.051 0.035 0.031
v 0.018591 -0.933286 -0.016150 0.051 0.039 0.039
v -0.030901 -0.971383 -0.020462 0.039 0.035 0.031
v 0.423648 0.683885 -0.200069 0.553 0.412 0.329
v 0.503263 -0.409986 -0.267881 0.910 0.733 0.553
v 0.402478 -0.093020 -0.398544 0.043 0.039 0.024
v -0.137520 0.923752 -0.201051 0.278 0.188 0.125
v 0.446319 -0.578262 -0.248268 0.086 0.071 0.051
v -0.365138 -0.315697 -0.103927 0.047 0.035 0.031
v -0.396020 -0.661107 0.049942 0.055 0.051 0.043
v 0.409015 -0.639231 -0.185422 0.086 0.059 0.055
v -0.164042 0.225326 -0.418749 0.765 0.561 0.404
v -0.215349 0.009908 -0.317460 0.890 0.718 0.557
v 0.141027 -0.911914 -0.011933 0.078 0.067 0.067
v 0.252318 -0.745988 0.009787 0.063 0.047 0.039
v -0.235041 -0.822740 0.020799 0.039 0.031 0.035
v -0.080957 -0.030956 -0.268072 0.937 0.737 0.580
v 0.701914 -0.323887 -0.358001 0.886 0.714 0.553
v 0.016732 0.999743 0.030717 0.588 0.420 0.329
v -0.159233 0.770090 -0.233354 0.322 0.208 0.141
v 0.261174 -0.400888 -0.129463 0.047 0.039 0.031
v 0.123753 -0.320018 -0.144108 0.043 0.035 0.027
v 0.688050 -0.246019 -0.369944 0.906 0.737 0.573
v 0.004895 0.253400 -0.039767 0.580 0.400 0.322
v 0.016603 0.215436 -0.213618 0.627 0.494 0.384
v 0.390592 -0.818303 -0.205160 0.090 0.090 0.090
v -0.607661 -0.671804 -0.181266 0.024 0.020 0.012
v 0.211510 0.189953 -0.286170 0.886 0.729 0.561
v 0.429647 -0.298401 -0.257456 0.090 0.078 0.067
v 0.249527 -0.529045 -0.066842 0.047 0.039 0.027
v 0.124133 1.042698 0.025287 0.329 0.255 0.188
v 0.111560 0.302969 0.010748 0.929 0.729 0.635
v 0.470147 -0.692154 -0.276004 0.753 0.604 0.451
v 0.052124 -0.628200 0.020367 0.055 0.043 0.039
v -0.409102 -0.631163 0.040466 0.055 0.043 0.043
v 0.319523 -0.727806 -0.045271 0.059 0.051 0.051
v -0.028301 1.008261 -0.024498 0.682 0.537 0.431
v -0.435911 -0.042100 -0.285652 0.035 0.031 0.024
v -0.008248 -0.994171 -0.029856 0.039 0.035 0.031
v 0.392847 0.783265 -0.045822 0.780 0.635 0.529
v -0.592975 -0.650439 -0.150144 0.027 0.024 0.016
v -0.724364 -0.819189 -0.198524 0.820 0.643 0.525
v -0.115191 0.522653 -0.083828 0.733 0.553 0.467
v 0.254821 0.724661 0.103398 0.929 0.753 0.659
v 0.179315 -0.789155 0.035735 0.082 0.078 0.071
v -0.255642 0.024917 -0.336661 0.898 0.722 0.565
v -0.455692 0.071997 -0.487002 0.098 0.078 0.067
v -0.375497 -0.198662 -0.175061 0.039 0.035 0.027
v 0.578446 -0.833710 -0.333690 0.867 0.671 0.518
v 0.086971 -0.467501 -0.062093 0.055 0.039 0.035
v -0.453500 -0.272009 -0.144324 0.047 0.039 0.027
v 0.318543 0.926990 0.052299 0.745 0.565 0.459
v 0.538540 -0.760058 -0.301200 0.867 0.678 0.522
v 0.225244 0.771771 0.113626 0.961 0.776 0.686
v -0.607801 -0.861304 -0.211229 0.220 0.337 0.188
v -0.088774 0.437079 -0.079218 0.765 0.600 0.518
v 0.323728 -0.479912 -0.122220 0.047 0.043 0.035
v 0.000866 0.875764 0.075374 0.886 0.714 0.612
v 0.285433 1.085667 -0.084724 0.278 0.208 0.122
v 0.281722 0.511341 0.009924 0.918 0.718 0.600
v 0.106084 0.285969 0.008129 0.929 0.725 0.627
v 0.124467 -0.053469 -0.289680 0.933 0.749 0.588
v 0.614343 -0.794485 -0.350186 0.859 0.667 0.518
v 0.295607 -1.020901 -0.177922 0.118 0.094 0.102
v 0.713208 -0.280017 -0.381413 0.871 0.698 0.537
v 0.127619 0.150683 -0.251388 0.914 0.765 0.620
v -0.038915 0.908238 0.032525 0.851 0.698 0.584
v 0.099074 -0.663041 0.033707 0.051 0.039 0.031
v 0.053530 0.509495 0.111609 0.796 0.604 0.533
v 0.121191 -0.462656 -0.067787 0.055 0.043 0.035
v 0.283003 0.313162 -0.331206 0.827 0.643 0.490
v 0.404892 0.986997 -0.100438 0.482 0.388 0.306
v -0.014952 -0.835620 0.022964 0.059 0.051 0.059
v -0.052179 0.409747 -0.029751 0.757 0.584 0.506
v 0.005492 -0.378268 -0.102921 0.047 0.039 0.035
v 0.155954 1.062046 0.001713 0.200 0.129 0.055
v 0.311168 0.412241 -0.135777 0.792 0.616 0.498
v 0.287517 0.645968 0.038967 0.635 0.447 0.353
v -0.382212 -0.356286 -0.084888 0.051 0.039 0.031
v 0.367384 -0.655541 -0.113614 0.051 0.039 0.031
v -0.091215 -0.878671 0.002939 0.055 0.051 0.043
v -0.207322 0.719108 -0.350739 0.784 0.498 0.396
v 0.319217 -0.938389 -0.147308 0.098 0.075 0.075
v 0.141196 -0.490825 -0.054262 0.051 0.039 0.031
v 0.056602 -0.595796 0.007079 0.055 0.043 0.035
v 0.153930 0.087867 -0.282565 0.902 0.749 0.592
v 0.441970 -0.643745 -0.270951 0.118 0.063 0.055
v -0.397630 -0.295723 -0.118208 0.043 0.039 0.031
v -0.176850 -0.296656 -0.123407 0.047 0.039 0.031
v 0.300217 -0.985498 -0.162216 0.075 0.059 0.063
v -0.483373 -0.849129 -0.071180 0.051 0.035 0.031
v 0.350800 0.675739 -0.024021 0.851 0.690 0.580
v 0.425735 -1.025126 -0.257329 0.741 0.569 0.463
v -0.110765 -0.506463 -0.024370 0.055 0.043 0.035
v -0.373746 -0.255188 -0.138120 0.039 0.031 0.024
v 0.198612 0.778519 0.120167 0.961 0.788 0.702
v 0.207704 -0.379733 -0.126093 0.051 0.043 0.035
v 0.070612 -0.244304 -0.173845 0.051 0.039 0.031
v 0.077117 0.519174 0.144291 0.894 0.710 0.631
v -0.940173 -0.657423 -0.389730 0.647 0.486 0.373
v -0.145449 0.647619 -0.241191 0.882 0.710 0.604
v -0.665732 -0.735075 -0.289705 0.365 0.271 0.208
v 0.118724 0.871614 0.116206 0.965 0.792 0.686
v 0.404667 0.719582 -0.126891 0.737 0.573 0.471
v -0.054296 0.329960 -0.078170 0.706 0.537 0.463
v -0.318666 -0.930636 -0.013622 0.039 0.035 0.027
v -0.403925 -0.714631 0.041183 0.055 0.055 0.047
v 0.045909 0.241401 -0.019503 0.616 0.427 0.345
v -0.157860 -0.003441 -0.289378 0.890 0.706 0.553
v -0.474926 -0.624185 0.008757 0.051 0.043 0.043
v -0.098602 0.584625 -0.016212 0.812 0.612 0.514
v 0.243160 -0.112771 -0.284652 0.043 0.031 0.020
v -0.317551 -0.709375 0.062126 0.055 0.043 0.043
v -0.149340 0.862477 -0.214165 0.275 0.212 0.149
v -0.573884 -0.825651 -0.149881 0.094 0.071 0.055
v -0.236485 -0.460319 -0.028967 0.043 0.035 0.027
v 0.294370 1.046865 -0.031858 0.302 0.247 0.176
v -0.101821 0.992669 -0.153873 0.314 0.239 0.176
v 0.291331 0.470996 -0.023913 0.871 0.675 0.565
v 0.073168 -0.860542 0.022612 0.067 0.063 0.055
v -0.437379 -0.195891 -0.183132 0.035 0.031 0.024
v 0.374555 -0.913579 -0.269588 0.145 0.118 0.110
v 0.362612 -0.315599 -0.215335 0.051 0.047 0.035
v 0.429581 -0.652212 -0.238744 0.075 0.043 0.039
v -0.045699 0.292590 -0.102079 0.631 0.459 0.361
v 0.741377 -0.321532 -0.435818 0.804 0.635 0.467
v -0.073253 0.794616 0.031972 0.804 0.643 0.549
v -0.041108 0.294073 -0.084755 0.667 0.502 0.404
v 0.224404 -0.561170 -0.041686 0.055 0.039 0.035
v 0.381914 -0.519081 -0.147415 0.055 0.043 0.035
v 0.053396 -0.911529 -0.007802 0.059 0.043 0.043
v 0.562720 -0.485340 -0.291588 0.929 0.761 0.584
v -0.907089 -0.677966 -0.335949 0.753 0.553 0.412
v -0.097279 0.133882 -0.282781 0.808 0.639 0.494
v -0.170731 -0.371428 -0.086765 0.047 0.039 0.031
v -0.337917 -0.369961 -0.075265 0.047 0.031 0.027
v 0.068434 1.040406 0.013315 0.345 0.251 0.173
v 0.080510 0.696923 0.107382 0.675 0.502 0.400
v 0.640120 -0.317752 -0.321836 0.925 0.769 0.616
v -0.774740 -0.684142 -0.269235 0.843 0.667 0.525
v -0.332851 -0.134758 -0.214972 0.035 0.031 0.024
v 0.021192 -0.854762 0.021160 0.059 0.055 0.047
v -0.230561 -0.315015 -0.109513 0.043 0.035 0.027
v -0.099670 -0.688340 0.031042 0.059 0.059 0.051
v -0.135628 0.903012 -0.170260 0.361 0.271 0.200
v -0.117162 0.490707 -0.110192 0.761 0.584 0.498
v -0.431974 -0.250707 -0.150407 0.043 0.035 0.027
v -0.347714 -0.623846 0.054516 0.047 0.039 0.035
v 0.280517 -0.936339 -0.100919 0.122 0.098 0.098
v 0.680143 -0.493806 -0.348289 0.890 0.718 0.541
v -0.593763 -0.682640 -0.153866 0.027 0.020 0.016
v 0.087591 0.657533 0.077626 0.604 0.455 0.369
v 0.172748 -0.674457 0.028500 0.059 0.043 0.039
v 0.655810 -0.193397 -0.395004 0.898 0.722 0.553
v -0.154816 0.223550 -0.382344 0.737 0.553 0.400
v -0.174552 -0.099796 -0.200732 0.067 0.055 0.043
v -0.341531 -0.263818 -0.132520 0.039 0.031 0.024
v -0.626030 -0.675982 -0.225887 0.031 0.020 0.012
v 0.118871 -1.009365 -0.064412 0.039 0.035 0.027
v -0.008812 0.640543 0.042445 0.702 0.506 0.412
v -0.711065 -0.374050 -0.237300 0.878 0.710 0.569
v 0.026003 -0.019239 -0.279310 0.922 0.745 0.580
v 0.091170 -0.974688 -0.044142 0.043 0.035 0.031
v -0.200060 -0.528980 0.002193 0.047 0.043 0.035
v -0.022897 -0.604487 0.012409 0.051 0.039 0.035
v 0.008926 0.178808 -0.228588 0.769 0.620 0.471
v -0.166875 0.700387 -0.309540 0.710 0.467 0.369
v 0.361519 -0.909272 -0.201771 0.125 0.094 0.086
v 0.225108 -0.483832 -0.078645 0.043 0.035 0.027
v 0.034163 0.622977 0.046480 0.859 0.667 0.565
v -0.143611 -0.392233 -0.079386 0.047 0.039 0.031
v 0.479060 -0.154072 -0.381016 0.886 0.733 0.624
v 0.354866 0.493643 -0.246761 0.910 0.729 0.608
v -0.453917 -0.886973 -0.065188 0.098 0.082 0.078
v 0.169279 0.109625 -0.283439 0.910 0.753 0.588
v 0.149290 0.493889 0.086520 0.886 0.678 0.588
v -0.215809 -0.715209 0.048894 0.075 0.067 0.075
v 0.401301 -0.640574 -0.168164 0.075 0.055 0.051
v 0.457716 0.644915 -0.302358 0.698 0.431 0.329
v -0.531105 -0.162029 -0.228158 0.933 0.776 0.612
v -0.053087 -0.130283 -0.199432 0.102 0.078 0.067
v 0.240447 0.779438 0.106367 0.941 0.757 0.663
v -0.310623 -0.167686 -0.190712 0.035 0.031 0.024
v 0.089203 -0.122678 -0.232353 0.941 0.749 0.592
v 0.191406 0.723380 0.122568 0.941 0.757 0.667
v -0.432098 0.056777 -0.426904 0.031 0.020 0.020
v 0.057514 -0.092054 -0.257777 0.949 0.753 0.584
v -0.735807 -0.082007 -0.291139 0.875 0.714 0.557
v 0.376195 -0.890794 -0.241340 0.153 0.133 0.125
v 0.386166 0.922421 -0.012130 0.745 0.588 0.490
v 0.541796 -0.103565 -0.482569 0.851 0.667 0.545
v -0.230606 0.146719 -0.449638 0.729 0.553 0.404
v 0.345204 0.579862 -0.053451 0.863 0.663 0.518
v -0.780980 -0.101526 -0.323623 0.788 0.627 0.498
v 0.302127 -0.778738 -0.031523 0.059 0.043 0.039
v 0.019683 0.268174 -0.011277 0.776 0.576 0.490
v -0.859202 -0.689494 -0.295373 0.812 0.608 0.463
v 0.125612 0.793425 0.125900 0.965 0.788 0.690
v 0.115410 0.260008 -0.173310 0.600 0.467 0.369
v 0.047078 1.049265 -0.008531 0.349 0.267 0.184
v -0.205876 -0.808619 0.024014 0.047 0.043 0.039
v 0.258100 0.273471 -0.304314 0.863 0.686 0.533
v 0.551391 -0.373722 -0.298638 0.937 0.776 0.604
v -0.124361 0.771140 -0.115642 0.741 0.588 0.498
v 0.681157 -0.186035 -0.450813 0.855 0.667 0.514
v 0.271092 0.091396 -0.411456 0.878 0.686 0.525
v 0.186396 0.927875 0.096345 0.957 0.773 0.663
v 0.369171 -0.117210 -0.358936 0.043 0.035 0.024
v 0.231388 -0.350110 -0.147067 0.043 0.039 0.031
v 0.343929 -0.087021 -0.373645 0.047 0.039 0.027
v -0.492383 0.064743 -0.453408 0.149 0.110 0.086
v 0.262750 0.323878 -0.281149 0.843 0.667 0.510
v 0.379230 -0.796878 -0.135662 0.137 0.125 0.110
v -0.706687 -0.828604 -0.190535 0.761 0.584 0.478
v 0.334759 -0.408197 -0.157053 0.047 0.039 0.031
v 0.602908 -0.446949 -0.310175 0.929 0.761 0.588
v 0.300565 -1.048328 -0.202035 0.173 0.149 0.149
v 0.036184 -1.030725 -0.047031 0.035 0.031 0.024
v 0.309408 -1.061210 -0.229618 0.235 0.227 0.231
v -0.133372 0.510317 -0.206116 0.718 0.525 0.424
v 0.333160 -0.728874 -0.060478 0.055 0.047 0.039
v -0.741366 -0.777745 -0.238293 0.824 0.643 0.510
v 0.327221 0.007660 -0.472149 0.584 0.471 0.431
v 0.619396 -0.728643 -0.345059 0.871 0.682 0.529
v -0.129917 0.922687 -0.164238 0.325 0.251 0.184
v 0.268815 0.390956 -0.063829 0.878 0.710 0.600
v -0.098874 -0.993354 -0.018222 0.035 0.027 0.024
v 0.122086 -0.276679 -0.166124 0.047 0.043 0.027
v 0.472167 -0.725325 -0.277973 0.757 0.580 0.443
v 0.178569 0.022206 -0.314967 0.898 0.749 0.588
v 0.231874 -0.189686 -0.240554 0.043 0.039 0.027
v -0.061671 0.679864 0.015478 0.490 0.376 0.314
v 0.726636 -0.262037 -0.430549 0.847 0.667 0.502
v 0.311474 0.507753 -0.023398 0.878 0.686 0.569
v -0.665204 -0.523261 -0.239349 0.827 0.651 0.510
v 0.270608 0.487749 0.008938 0.918 0.714 0.608
v 0.400032 0.614077 -0.241855 0.843 0.675 0.565
v 0.129124 0.362317 0.028614 0.808 0.478 0.435
v -0.456813 -0.784138 -0.011345 0.071 0.051 0.047
v 0.548986 -0.115194 -0.450393 0.894 0.718 0.580
v 0.533642 -0.977070 -0.303266 0.859 0.651 0.510
v -0.062243 -0.706193 0.033457 0.055 0.051 0.051
v 0.432690 0.891201 -0.110997 0.537 0.408 0.314
v -0.074677 -0.210238 -0.170050 0.047 0.035 0.027
v -0.731351 -0.011164 -0.354787 0.816 0.608 0.486
v 0.149629 0.256422 -0.026853 0.863 0.659 0.557
v 0.368572 0.637809 -0.089683 0.847 0.655 0.518
v -0.796913 -0.540551 -0.276890 0.843 0.675 0.533
v -0.118669 0.957984 -0.160010 0.353 0.271 0.200
v -0.310467 -0.234102 -0.149433 0.039 0.031 0.024
v 0.061618 0.800407 0.115639 0.961 0.784 0.694
v -0.281626 -0.755090 0.049158 0.082 0.075 0.078
v -0.020062 0.264394 -0.090979 0.549 0.392 0.290
v 0.034065 -0.473130 -0.054294 0.047 0.035 0.027
v 0.679261 -0.214265 -0.390382 0.894 0.722 0.561
v 0.408365 0.789787 -0.076969 0.686 0.533 0.431
v -0.216421 0.128007 -0.403854 0.820 0.635 0.467
v -0.743223 -0.552724 -0.257372 0.851 0.682 0.545
v -0.907090 -0.473988 -0.407191 0.576 0.427 0.302
v -0.606581 -0.270580 -0.207664 0.875 0.698 0.533
v -0.107586 0.497245 -0.081237 0.769 0.588 0.506
v -0.527568 -0.015896 -0.314289 0.949 0.776 0.620
v 0.500056 -1.077475 -0.293491 0.863 0.667 0.537
v -0.242788 -0.848306 0.013514 0.039 0.031 0.031
v -0.817289 -0.668103 -0.279042 0.843 0.663 0.522
v -0.480881 -0.041809 -0.281692 0.090 0.067 0.047
v -0.028068 -0.291672 -0.139132 0.047 0.039 0.031
v 0.092531 0.230592 -0.027049 0.643 0.455 0.380
v -0.047635 0.710609 0.054771 0.627 0.463 0.384
v -0.732181 -0.044460 -0.310725 0.855 0.675 0.541
v 0.581990 -0.802866 -0.332717 0.867 0.678 0.525
v -0.124032 0.220711 -0.309501 0.737 0.565 0.420
v 0.556428 -0.352299 -0.303076 0.945 0.780 0.612
v -0.146967 -0.036329 -0.258769 0.914 0.710 0.553
v 0.193703 -1.040896 -0.096534 0.043 0.031 0.024
v 0.185813 -0.080031 -0.291942 0.910 0.722 0.561
v -0.111359 0.573981 -0.040831 0.776 0.588 0.494
v -0.096589 -0.789878 0.027805 0.106 0.094 0.090
v -0.834742 -0.259779 -0.321008 0.729 0.557 0.416
v 0.491839 -0.292272 -0.297088 0.937 0.784 0.620
v 0.078912 -0.490610 -0.047171 0.051 0.043 0.035
v -0.039602 -0.195578 -0.179530 0.067 0.043 0.035
v -0.588615 -0.338721 -0.194131 0.106 0.063 0.047
v -0.043628 0.655781 0.028646 0.667 0.463 0.361
v -0.257438 -0.717976 0.056644 0.078 0.071 0.067
v -0.084042 0.467359 -0.055365 0.769 0.596 0.514
v 0.340906 0.613469 -0.035121 0.886 0.714 0.588
v 0.042341 0.309174 0.011731 0.910 0.702 0.604
v 0.384356 -0.780308 -0.141667 0.086 0.078 0.082
v -0.062254 0.123649 -0.265539 0.878 0.710 0.565
v 0.542404 -0.958060 -0.311625 0.863 0.667 0.529
v -0.284242 -0.504840 0.003189 0.043 0.031 0.027
v 0.171409 0.663766 0.080637 0.690 0.490 0.369
v -0.649656 -0.580229 -0.236689 0.612 0.486 0.376
v 0.278519 -0.532776 -0.078033 0.047 0.039 0.027
v -0.234300 -0.688363 0.054059 0.063 0.055 0.055
v -0.065412 1.006691 -0.068981 0.604 0.471 0.373
v 0.196905 -0.430748 -0.096139 0.039 0.035 0.027
v -0.120510 0.601795 -0.052298 0.761 0.565 0.467
v -0.510807 -0.311969 -0.145598 0.055 0.039 0.031
v -0.080525 0.347063 -0.120293 0.675 0.506 0.412
v -0.332118 -0.510499 0.008697 0.047 0.035 0.035
v 0.588701 -0.894985 -0.343730 0.878 0.663 0.514
v -0.391952 -0.341946 -0.093070 0.043 0.031 0.027
v -0.450917 -0.148211 -0.211338 0.031 0.027 0.016
v 0.113619 -1.073295 -0.074613 0.039 0.031 0.027
v 0.152235 -0.504214 -0.049244 0.055 0.043 0.035
v 0.117610 -0.169015 -0.212971 0.055 0.043 0.027
v 0.252965 0.123530 -0.380507 0.875 0.690 0.522
v -0.061042 0.288032 -0.245915 0.733 0.576 0.439
v -0.474604 0.071618 -0.458678 0.110 0.086 0.090
v -0.176014 -0.835420 0.012592 0.043 0.043 0.043
v -0.596157 -0.402422 -0.207896 0.220 0.137 0.094
v 0.676543 -0.356450 -0.339587 0.902 0.737 0.569
v 0.448086 0.713315 -0.274756 0.345 0.267 0.208
v -0.130425 0.165711 -0.314350 0.765 0.592 0.451
v -0.607239 -0.299715 -0.202407 0.843 0.667 0.502
v -0.012158 0.440653 0.023335 0.812 0.620 0.518
v 0.396607 0.837481 -0.037712 0.769 0.620 0.518
v -0.114973 0.754131 -0.084436 0.784 0.616 0.518
v 0.259534 0.705604 0.099491 0.600 0.439 0.353
v -0.082837 0.243037 -0.267639 0.741 0.592 0.455
v -0.079954 -0.779809 0.028157 0.078 0.071 0.075
v 0.253714 0.478433 0.017305 0.918 0.710 0.616
v 0.271280 0.281584 -0.328824 0.831 0.655 0.494
v -0.558949 -0.805424 -0.126233 0.047 0.039 0.043
v -0.792041 -0.621117 -0.273192 0.839 0.659 0.522
v 0.305844 -0.191504 -0.267355 0.039 0.035 0.024
v -0.128086 0.565676 -0.118279 0.718 0.537 0.451
v -0.897857 -0.694546 -0.324025 0.765 0.561 0.412
v 0.414606 -0.750859 -0.236616 0.051 0.035 0.031
v 0.639251 -0.740367 -0.359087 0.851 0.659 0.502
v 0.409910 0.705664 -0.153404 0.678 0.533 0.431
v 0.712241 -0.316100 -0.370061 0.859 0.682 0.522
v 0.309714 0.396110 -0.189334 0.718 0.569 0.447
v -0.560129 -0.464493 -0.157550 0.020 0.016 0.012
v -0.124775 0.915400 -0.133441 0.459 0.361 0.275
v 0.336808 0.640071 -0.014178 0.843 0.690 0.573
v 0.372028 0.554067 -0.213928 0.867 0.694 0.573
v 0.414060 0.626834 -0.245178 0.882 0.706 0.588
v -0.276729 0.031140 -0.337971 0.859 0.671 0.557
v -0.532367 -0.591860 -0.057058 0.027 0.027 0.027
v 0.504346 -0.329719 -0.288935 0.941 0.784 0.620
v -0.001050 -0.552977 -0.009680 0.047 0.039 0.035
v -0.156998 0.142555 -0.345323 0.694 0.522 0.376
v -0.274965 -0.628195 0.052902 0.047 0.043 0.035
v -0.103429 -0.098977 -0.209661 0.933 0.733 0.588
v -0.192605 -0.281195 -0.129555 0.035 0.031 0.024
v -0.371182 -0.382202 -0.070505 0.043 0.027 0.024
v -0.711922 -0.396142 -0.237762 0.875 0.702 0.561
v -0.144390 0.265429 -0.369119 0.706 0.522 0.380
v 0.350267 0.496949 -0.226348 0.729 0.549 0.443
v 0.655021 -0.684393 -0.358867 0.851 0.667 0.506
v 0.007943 -0.676073 0.034358 0.071 0.063 0.059
v 0.589798 -0.258622 -0.322264 0.949 0.792 0.631
v 0.153515 0.347861 0.002831 0.898 0.718 0.620
v 0.183175 0.085979 -0.300368 0.890 0.733 0.573
v -0.794763 -0.265602 -0.285852 0.851 0.675 0.514
v 0.311757 -0.334222 -0.182144 0.078 0.075 0.063
v 0.271859 0.737573 0.093235 0.925 0.741 0.647
v 0.283181 -0.411640 -0.131334 0.047 0.039 0.035
v -0.869664 -0.511386 -0.324582 0.725 0.573 0.443
v -0.648197 -0.553460 -0.236599 0.667 0.514 0.388
v 0.006495 -0.903735 -0.003605 0.051 0.043 0.039
v 0.357282 -0.966883 -0.266321 0.110 0.090 0.075
v 0.213877 0.495799 0.039307 0.929 0.718 0.624
v -0.085414 -0.241953 -0.155804 0.047 0.039 0.031
v -0.022687 0.796961 0.079767 0.886 0.714 0.627
v -0.082539 -0.558386 -0.004549 0.051 0.039 0.035
v 0.292497 0.047256 -0.438641 0.894 0.714 0.537
v 0.275405 -0.698398 -0.010448 0.047 0.035 0.035
v 0.032554 -0.505304 -0.035379 0.051 0.039 0.035
v 0.395833 -0.790109 -0.197854 0.059 0.027 0.024
v -0.864514 -0.480470 -0.321383 0.745 0.580 0.451
v -0.748273 -0.472810 -0.253476 0.851 0.690 0.553
v 0.036045 -0.991091 -0.037811 0.039 0.035 0.035
v 0.314772 0.568459 -0.005990 0.910 0.718 0.580
v -0.567173 -0.762358 -0.130481 0.043 0.039 0.031
v 0.146519 -0.236953 -0.190817 0.055 0.043 0.035
v -0.296226 -0.436756 -0.037414 0.047 0.035 0.027
v 0.338230 0.009077 -0.501672 0.149 0.122 0.118
v 0.256764 0.760306 0.100375 0.941 0.757 0.667
v -0.694052 0.030332 -0.400374 0.812 0.600 0.482
v -0.074798 1.045848 -0.148002 0.310 0.239 0.180
v -0.559747 0.044779 -0.381303 0.937 0.745 0.592
v -0.877826 -0.319232 -0.370396 0.635 0.471 0.341
v -0.578217 -0.665735 -0.123898 0.039 0.031 0.031
v -0.035869 -0.814043 0.027302 0.106 0.098 0.102
v -0.236259 -0.006349 -0.289738 0.882 0.671 0.510
v -0.261326 0.010087 -0.306877 0.824 0.635 0.502
v 0.183650 -0.014789 -0.321408 0.867 0.694 0.533
v 0.002826 -0.810728 0.029261 0.082 0.071 0.075
v -0.572915 -0.010263 -0.313954 0.941 0.765 0.604
v 0.249292 -0.335715 -0.159593 0.043 0.035 0.027
v -0.104260 0.521917 -0.056600 0.753 0.584 0.494
v 0.223517 -0.095167 -0.286271 0.075 0.059 0.039
v 0.180917 1.008416 0.059422 0.502 0.400 0.302
v -0.646190 -0.253622 -0.229203 0.902 0.729 0.569
v -0.115239 1.007725 -0.225894 0.216 0.141 0.090
v 0.515694 -0.890845 -0.290748 0.863 0.659 0.510
v 0.078459 0.478051 0.123755 0.263 0.051 0.043
v -0.314445 -0.070180 -0.254826 0.031 0.027 0.020
v 0.469849 -0.519946 -0.240847 0.765 0.580 0.427
v 0.072200 -0.067141 -0.273052 0.933 0.737 0.565
v -0.164442 0.563956 -0.272666 0.812 0.565 0.498
v 0.117635 -0.841107 0.031444 0.078 0.063 0.067
v 0.722563 -0.288181 -0.392461 0.851 0.675 0.514
v -0.529520 -0.064424 -0.280117 0.953 0.788 0.627
v 0.197022 -0.697842 0.027844 0.067 0.055 0.047
v 0.042544 0.439105 0.061302 0.898 0.718 0.616
v -0.058082 -0.029248 -0.263088 0.890 0.690 0.525
v 0.192384 0.217257 -0.262292 0.910 0.757 0.592
v -0.501082 -0.120052 -0.235911 0.341 0.259 0.220
v 0.075726 -0.780694 0.044122 0.102 0.086 0.094
v 0.017154 0.475967 0.040347 0.878 0.686 0.576
v 0.548092 -0.196126 -0.359603 0.922 0.749 0.584
v 0.374370 0.606881 -0.140569 0.812 0.627 0.498
v -0.695902 -0.728016 -0.280376 0.620 0.486 0.384
v 0.105583 1.019989 0.046338 0.427 0.322 0.231
v 0.324223 -1.081748 -0.268350 0.129 0.110 0.086
v 0.513755 -0.681959 -0.280017 0.863 0.675 0.522
v -0.011151 -0.478392 -0.046516 0.059 0.047 0.043
v 0.309479 -0.791401 -0.042236 0.067 0.063 0.055
v 0.459069 -0.612160 -0.270467 0.549 0.420 0.286
v 0.408564 0.653892 -0.194475 0.569 0.443 0.353
v 0.196876 -0.346873 -0.141506 0.043 0.035 0.031
v 0.105078 0.249783 -0.184982 0.592 0.471 0.376
v 0.030291 0.565128 0.049824 0.910 0.729 0.627
v 0.215576 0.269114 -0.252662 0.875 0.714 0.569
v 0.406636 -0.608099 -0.174559 0.067 0.059 0.047
v -0.130838 0.564146 -0.138283 0.741 0.561 0.475
v 0.188986 -0.378268 -0.122619 0.043 0.035 0.027
v -0.724274 -0.783644 -0.239291 0.788 0.612 0.498
v 0.635059 -0.857680 -0.370045 0.851 0.639 0.486
v -0.158618 0.742856 -0.216331 0.439 0.318 0.235
v 0.350287 -0.581838 -0.110098 0.055 0.039 0.031
v 0.376420 -0.600993 -0.131953 0.059 0.047 0.035
v -0.322887 -0.798936 0.035264 0.082 0.078 0.071
v 0.377838 1.017982 -0.083920 0.318 0.263 0.204
v 0.005357 -0.493412 -0.039737 0.051 0.043 0.039
v 0.270673 0.302967 -0.309630 0.867 0.682 0.522
v -0.023774 -0.666186 0.032294 0.059 0.047 0.043
v -0.486168 -0.285821 -0.145965 0.051 0.039 0.031
v 0.255439 -0.152301 -0.268988 0.047 0.035 0.024
v -0.288419 -0.045178 -0.259812 0.035 0.031 0.024
v -0.346191 -0.857340 -0.003057 0.075 0.063 0.059
v 0.459890 -0.196620 -0.340667 0.184 0.157 0.145
v 0.402239 0.615121 -0.273903 0.463 0.220 0.153
v 0.304712 0.679546 0.062746 0.890 0.718 0.612
v 0.444740 0.732657 -0.230502 0.259 0.173 0.094
v -0.533676 -0.258063 -0.174324 0.071 0.055 0.043
v 0.440150 0.688967 -0.251675 0.373 0.282 0.216
v -0.269058 -0.367918 -0.078017 0.043 0.035 0.027
v 0.415804 -0.331388 -0.229280 0.078 0.067 0.055
v -0.822542 -0.167068 -0.355125 0.718 0.522 0.384
v 0.226348 0.467686 0.027673 0.922 0.722 0.620
v 0.404988 -0.842132 -0.275018 0.082 0.043 0.031
v -0.654981 -0.492495 -0.237101 0.831 0.663 0.518
v 0.440334 -0.387930 -0.222445 0.761 0.635 0.506
v -0.761169 -0.340288 -0.259411 0.867 0.694 0.549
v -0.113451 0.812787 -0.074002 0.725 0.573 0.478
v -0.061614 0.220681 -0.256410 0.718 0.565 0.431
v -0.725574 -0.412717 -0.242430 0.867 0.698 0.557
v 0.179033 0.169670 -0.271719 0.914 0.765 0.596
v -0.651922 -0.024999 -0.291739 0.937 0.769 0.608
v -0.741761 -0.600972 -0.259442 0.851 0.682 0.545
v -0.156898 0.624346 -0.286329 0.682 0.404 0.322
v -0.384276 -0.418210 -0.052680 0.051 0.039 0.035
v -0.219826 0.029229 -0.334411 0.878 0.702 0.537
v 0.569133 -0.620866 -0.302284 0.902 0.733 0.569
v -0.430084 -0.815109 -0.014939 0.125 0.098 0.094
v 0.307952 -0.990925 -0.179874 0.094 0.078 0.082
v 0.324893 0.979316 0.020391 0.463 0.365 0.263
v -0.363232 -0.085567 -0.253076 0.031 0.027 0.020
v 0.345283 -0.425671 -0.155766 0.055 0.047 0.043
v 0.247209 -0.723245 0.011936 0.075 0.055 0.051
v -0.562000 -0.275192 -0.182446 0.082 0.047 0.031
v -0.474599 -0.108934 -0.236202 0.067 0.059 0.043
v -0.134365 0.605798 -0.211654 0.718 0.529 0.431
v 0.172496 -0.138497 -0.241537 0.059 0.043 0.035
v -0.398365 -0.536620 0.011741 0.063 0.047 0.043
v 0.625068 -0.339506 -0.317333 0.929 0.773 0.612
v -0.837672 -0.341593 -0.304281 0.796 0.631 0.486
v -0.523813 -0.820213 -0.083496 0.125 0.102 0.102
v -0.034157 -0.925205 -0.007349 0.039 0.039 0.031
v -0.008432 -0.633087 0.022653 0.051 0.043 0.039
v -0.377846 0.040688 -0.388167 0.024 0.020 0.012
v 0.595972 -0.222881 -0.343399 0.925 0.757 0.592
v -0.447277 -0.822835 -0.028463 0.110 0.094 0.090
v 0.217061 -0.406509 -0.113438 0.047 0.035 0.027
v 0.224784 0.005321 -0.354124 0.871 0.698 0.553
v -0.366490 -0.571040 0.034016 0.055 0.043 0.035
v -0.800714 -0.406451 -0.276627 0.851 0.686 0.545
v 0.407065 0.763551 -0.093691 0.675 0.518 0.416
v 0.278170 -0.745694 -0.006557 0.059 0.051 0.047
v 0.479481 -0.105563 -0.431351 0.200 0.149 0.141
v -0.615582 -0.883712 -0.039384 0.596 0.443 0.345
v -0.708826 -0.543027 -0.247748 0.851 0.682 0.545
v 0.063954 0.345709 0.034097 0.710 0.537 0.471
v 0.125396 -0.897169 0.000168 0.071 0.063 0.059
v 0.219118 -0.875694 -0.015139 0.071 0.055 0.051
v -0.744263 -0.114214 -0.286048 0.863 0.698 0.537
v 0.493677 -0.659995 -0.275827 0.816 0.635 0.478
v 0.098506 0.359476 0.043143 0.784 0.439 0.380
v -0.599830 -0.767408 -0.191673 0.027 0.024 0.016
v -0.113514 -0.061306 -0.237821 0.945 0.733 0.573
v 0.430499 -0.469193 -0.192658 0.082 0.063 0.047
v 0.166273 0.542350 0.065427 0.922 0.741 0.635
v -0.131078 0.493475 -0.198974 0.694 0.514 0.408
v 0.639920 -0.802060 -0.367886 0.847 0.647 0.490
v 0.085767 0.424275 0.071659 0.918 0.690 0.616
v -0.429833 -0.281079 -0.133060 0.043 0.035 0.027
v 0.391738 -0.250709 -0.262424 0.039 0.035 0.024
v -0.080780 -0.350221 -0.106325 0.043 0.035 0.031
v 0.132779 0.596250 0.091131 0.890 0.690 0.584
v -0.241218 -0.120429 -0.207151 0.043 0.035 0.027
v -0.399580 0.053554 -0.418592 0.024 0.020 0.012
v 0.139505 0.081567 -0.276999 0.894 0.737 0.580
v -0.595382 -0.736993 -0.176908 0.039 0.035 0.027
v 0.421399 -0.628521 -0.212942 0.094 0.078 0.075
v 0.444953 -0.562359 -0.235080 0.082 0.067 0.063
v 0.394988 -0.745863 -0.162107 0.098 0.063 0.075
v -0.201259 0.720537 -0.333684 0.722 0.427 0.349
v 0.313008 -0.672478 -0.049814 0.051 0.039 0.031
v 0.036623 -0.407194 -0.092628 0.055 0.043 0.039
v 0.298911 -0.012936 -0.411589 0.882 0.710 0.565
v -0.127552 0.592292 -0.084140 0.698 0.510 0.408
v 0.523399 -0.102285 -0.460824 0.875 0.694 0.565
v -0.100192 -0.083574 -0.223579 0.969 0.769 0.616
v -0.132349 0.793851 -0.140615 0.627 0.490 0.412
v -0.060606 0.799018 0.046229 0.843 0.678 0.596
v 0.539107 -0.888575 -0.310513 0.867 0.655 0.506
v 0.139708 0.448020 0.059279 0.922 0.733 0.627
v 0.217876 -0.207186 -0.224454 0.043 0.039 0.027
v -0.217001 -0.877519 0.007209 0.039 0.031 0.035
v 0.262818 -1.078111 -0.156890 0.059 0.043 0.039
v 0.333469 -0.317641 -0.201309 0.047 0.039 0.027
v -0.753774 -0.662210 -0.265880 0.847 0.675 0.537
v 0.088674 -0.238061 -0.179295 0.059 0.047 0.035
v -0.253596 0.135490 -0.463001 0.816 0.627 0.471
v 0.454329 0.743430 -0.266422 0.380 0.306 0.251
v 0.211193 -0.672787 0.016116 0.059 0.043 0.035
v 0.354515 -0.021042 -0.466954 0.122 0.098 0.090
v -0.221965 -0.610655 0.037314 0.047 0.035 0.031
v 0.422880 0.818154 -0.100604 0.596 0.459 0.373
v 0.219516 0.323853 -0.057757 0.875 0.690 0.576
v -0.714199 -0.174315 -0.262054 0.898 0.733 0.573
v 0.381079 -0.811574 -0.154272 0.114 0.106 0.102
v -0.041966 -0.949300 -0.013658 0.043 0.035 0.027
v 0.378297 -0.775962 -0.123437 0.075 0.063 0.067
v -0.033216 -0.584173 0.004279 0.059 0.047 0.043
v -0.141317 0.824635 -0.174477 0.369 0.263 0.184
v 0.475939 -0.475316 -0.233096 0.863 0.678 0.498
v 0.116687 0.427910 0.064968 0.914 0.714 0.612
v 0.336553 -1.050103 -0.276932 0.122 0.098 0.078
v 0.266515 0.340325 -0.124950 0.737 0.557 0.455
v -0.295035 -0.571042 0.037991 0.059 0.047 0.043
v -0.719568 -0.571476 -0.252384 0.855 0.686 0.557
v -0.101558 -0.337871 -0.110524 0.043 0.031 0.027
v 0.119580 -0.140300 -0.222088 0.063 0.047 0.027
v 0.179816 -0.109370 -0.256402 0.090 0.055 0.039
v -0.625372 -0.719658 -0.238877 0.031 0.016 0.012
v 0.082773 0.957953 0.080875 0.949 0.769 0.667
v -0.521247 -0.352836 -0.140153 0.051 0.035 0.027
v 0.408213 -1.030747 -0.257944 0.647 0.502 0.404
v -0.117399 0.424952 -0.184338 0.639 0.475 0.380
v -0.116500 -0.026826 -0.268584 0.941 0.749 0.592
v 0.399408 0.923473 -0.033594 0.737 0.576 0.475
v 0.332553 1.041000 -0.055398 0.247 0.196 0.133
v 0.332478 -0.155757 -0.304116 0.035 0.031 0.016
v 0.102981 0.226892 -0.204892 0.718 0.596 0.475
v -0.070840 0.008737 -0.271220 0.871 0.663 0.510
v 0.272410 -0.272481 -0.202892 0.047 0.035 0.027
v 0.243687 0.165048 -0.344312 0.824 0.647 0.482
v 0.340372 1.084335 -0.129737 0.627 0.541 0.439
v -0.819737 -0.189425 -0.334617 0.753 0.565 0.424
v -0.185772 -0.431196 -0.053562 0.051 0.043 0.039
v 0.619912 -0.593944 -0.325698 0.886 0.718 0.549
v 0.305617 -0.034514 -0.388456 0.082 0.063 0.051
v -0.665570 -0.091694 -0.260581 0.925 0.773 0.604
v 0.118079 -0.220465 -0.192580 0.055 0.047 0.035
v 0.021219 0.244387 -0.032825 0.518 0.318 0.243
v 0.259191 -0.495698 -0.085177 0.039 0.035 0.027
v 0.398157 -0.680465 -0.163970 0.078 0.059 0.059
v -0.801097 -0.135520 -0.335566 0.745 0.580 0.439
v -0.651009 0.049506 -0.413974 0.859 0.639 0.510
v -0.758950 -0.158603 -0.286480 0.851 0.678 0.522
v -0.345829 -0.427799 -0.043394 0.047 0.035 0.027
v 0.079708 -0.304196 -0.146498 0.043 0.031 0.027
v -0.262165 -0.816609 0.026465 0.055 0.051 0.043
v 0.001744 0.382499 0.003310 0.843 0.647 0.557
v 0.262674 0.252345 -0.328456 0.847 0.663 0.502
v 0.420742 0.936213 -0.090626 0.576 0.455 0.345
v 0.442243 0.608617 -0.303961 0.902 0.694 0.588
v -0.376184 -0.866439 -0.018978 0.047 0.035 0.027
v -0.517070 -0.160165 -0.220039 0.635 0.475 0.365
v -0.798599 -0.080392 -0.401266 0.675 0.494 0.365
v 0.484926 -0.259690 -0.311552 0.937 0.780 0.620
v 0.385194 0.508963 -0.264667 0.898 0.671 0.561
v 0.558043 -0.597184 -0.293355 0.902 0.733 0.569
v -0.808491 -0.216152 -0.309701 0.816 0.631 0.478
v 0.072995 1.021694 0.036188 0.494 0.380 0.290
v 0.397169 0.891317 -0.033098 0.765 0.612 0.510
v -0.528304 -0.638197 -0.037740 0.031 0.031 0.031
v 0.481707 -0.768934 -0.280642 0.788 0.604 0.463
v -0.042082 0.965943 0.001309 0.761 0.580 0.478
v 0.467090 -0.077381 -0.463712 0.153 0.137 0.149
v 0.273310 0.130091 -0.423970 0.855 0.651 0.482
v -0.116105 0.145113 -0.297451 0.792 0.627 0.486
v 0.439564 0.794255 -0.163962 0.463 0.357 0.275
v 0.057683 0.091121 -0.254621 0.878 0.706 0.569
v -0.059381 0.922354 0.004137 0.831 0.659 0.553
v -0.428867 -0.848432 -0.032571 0.051 0.035 0.031
v 0.207750 -0.808759 0.023471 0.078 0.063 0.059
v -0.121837 0.438740 -0.308250 0.753 0.557 0.427
v -0.085829 1.042175 -0.180564 0.275 0.212 0.157
v -0.877407 -0.718430 -0.294283 0.784 0.584 0.439
v 0.219589 -0.178574 -0.241991 0.051 0.039 0.027
v 0.153074 -0.624608 0.013855 0.055 0.039 0.035
v 0.251691 0.140534 -0.373295 0.851 0.667 0.498
v -0.784779 -0.120668 -0.318866 0.804 0.647 0.514
v 0.289387 0.599653 0.019962 0.882 0.667 0.533
v 0.599260 -0.669563 -0.325126 0.882 0.710 0.545
v -0.495380 -0.837866 -0.070868 0.090 0.071 0.067
v 0.031106 0.940698 0.070804 0.902 0.710 0.596
v -0.027872 -0.451010 -0.060051 0.059 0.043 0.039
v -0.126119 0.381329 -0.317918 0.741 0.549 0.404
v -0.028849 -0.065527 -0.265099 0.894 0.690 0.518
v 0.286154 -0.970217 -0.131269 0.133 0.118 0.106
v -0.120144 0.821618 -0.094028 0.686 0.549 0.455
v -0.831080 -0.726367 -0.262765 0.843 0.639 0.498
v 0.015601 0.446320 0.040045 0.831 0.651 0.553
v 0.043597 -0.718290 0.042869 0.071 0.055 0.047
v 0.086421 1.051439 0.005515 0.224 0.157 0.086
v 0.063245 -0.885587 0.008818 0.055 0.047 0.043
v 0.274237 1.042398 -0.009577 0.275 0.212 0.137
v 0.055031 0.216647 -0.205790 0.541 0.412 0.306
v 0.296118 0.054731 -0.457997 0.875 0.690 0.514
v -0.136777 0.633978 -0.219659 0.753 0.573 0.475
v 0.246960 -0.853510 -0.017592 0.078 0.055 0.047
v 0.136950 0.693840 0.117232 0.894 0.722 0.620
v -0.027434 0.717183 0.069669 0.682 0.475 0.388
v -0.857409 -0.271293 -0.351156 0.686 0.518 0.380
v -0.125801 0.983473 -0.229576 0.267 0.192 0.133
v -0.558925 -0.721752 -0.104200 0.031 0.020 0.024
v -0.074103 0.597488 0.010261 0.906 0.698 0.573
v -0.474193 -0.753854 -0.006004 0.067 0.055 0.051
v -0.096938 -0.490570 -0.032552 0.059 0.047 0.047
v -0.397148 -0.044599 -0.287895 0.035 0.031 0.020
v -0.621599 -0.646560 -0.206934 0.039 0.027 0.024
v -0.065054 1.028213 -0.096279 0.537 0.420 0.325
v -0.253155 0.120963 -0.429672 0.800 0.612 0.455
v -0.838013 -0.643919 -0.290245 0.847 0.659 0.510
v -0.023329 0.242338 -0.227254 0.710 0.565 0.431
v -0.046646 0.526264 0.016648 0.886 0.675 0.573
v -0.176028 0.586789 -0.293108 0.525 0.361 0.318
v -0.099366 0.502781 -0.060511 0.757 0.588 0.506
v 0.102536 -0.742072 0.047808 0.094 0.086 0.086
v 0.158258 0.594321 0.065570 0.886 0.706 0.584
v 0.290763 -0.859393 -0.055007 0.086 0.075 0.075
v -0.153343 -0.230635 -0.156748 0.047 0.039 0.031
v -0.182951 0.131384 -0.372837 0.792 0.608 0.455
v -0.159887 -0.059495 -0.235081 0.933 0.729 0.576
v 0.277206 -0.963325 -0.114918 0.125 0.102 0.098
v -0.149863 0.719589 -0.253716 0.824 0.639 0.545
v -0.136710 0.875333 -0.156051 0.310 0.216 0.141
v 0.733899 -0.362264 -0.403209 0.831 0.663 0.490
v -0.145521 -0.780204 0.029430 0.125 0.110 0.114
v -0.343504 -0.151221 -0.205404 0.035 0.031 0.024
v 0.098612 0.061163 -0.269992 0.918 0.761 0.600
v 0.116813 -0.424615 -0.089384 0.051 0.039 0.031
v 0.637002 -0.702742 -0.351338 0.863 0.671 0.514
v 0.416220 -0.583246 -0.190856 0.086 0.059 0.051
v 0.419411 1.004232 -0.151584 0.333 0.255 0.192
v -0.174306 -0.802976 0.024378 0.047 0.039 0.035
v 0.092189 0.855836 0.115097 0.953 0.765 0.667
v 0.494492 -0.744667 -0.279821 0.827 0.635 0.478
v 0.247691 -0.019862 -0.366595 0.859 0.682 0.518
v 0.327192 -0.127148 -0.323347 0.039 0.035 0.020
v -0.080539 -0.380812 -0.090919 0.047 0.043 0.035
v -0.840679 -0.295542 -0.315808 0.769 0.596 0.463
v -0.049921 1.038019 -0.089209 0.494 0.369 0.278
v 0.149248 -0.299574 -0.159026 0.047 0.039 0.027
v -0.808272 -0.188505 -0.318909 0.808 0.624 0.478
v -0.010447 -0.537759 -0.016274 0.051 0.043 0.039
v -0.237623 -0.774490 0.043238 0.122 0.106 0.110
v 0.389879 -0.755721 -0.147114 0.122 0.110 0.106
v 0.076118 0.239537 -0.194451 0.400 0.271 0.180
v 0.233840 -0.386684 -0.128752 0.043 0.039 0.031
v -0.210678 -0.053652 -0.224242 0.075 0.047 0.035
v -0.535826 -0.372760 -0.147150 0.055 0.039 0.031
v 0.297191 0.377806 -0.204802 0.682 0.537 0.431
v 0.629265 -0.677480 -0.342830 0.871 0.690 0.533
v -0.056266 0.824591 0.043616 0.863 0.690 0.600
v -0.096180 0.370430 -0.154090 0.627 0.455 0.357
v -0.262999 -0.443105 -0.036328 0.047 0.039 0.031
v 0.433625 0.856022 -0.111357 0.475 0.341 0.251
v -0.629544 -0.656535 -0.227529 0.031 0.016 0.012
v 0.369318 0.540556 -0.224375 0.867 0.698 0.580
v 0.009367 0.924697 0.065687 0.898 0.718 0.608
v -0.741187 -0.821895 -0.199395 0.816 0.635 0.510
v 0.508989 -0.991673 -0.278997 0.875 0.675 0.537
v 0.127391 0.242386 -0.020932 0.839 0.627 0.529
v -0.022190 0.949151 0.031015 0.839 0.643 0.541
v -0.059967 -0.804391 0.026570 0.106 0.098 0.102
v -0.149661 -0.649611 0.030874 0.055 0.043 0.043
v 0.114580 0.549577 0.125529 0.918 0.714 0.631
v 0.138214 -0.264982 -0.175256 0.047 0.039 0.027
v -0.661398 -0.142108 -0.253523 0.914 0.761 0.592
v 0.320007 0.705239 0.052533 0.875 0.710 0.616
v 0.090014 0.020855 -0.273310 0.929 0.765 0.600
v 0.085124 -0.033912 -0.278484 0.922 0.733 0.565
v -0.694634 -0.784223 -0.278912 0.553 0.420 0.345
v 0.443578 0.694182 -0.288168 0.345 0.251 0.196
v 0.426940 -0.541860 -0.201797 0.071 0.059 0.059
v -0.115249 0.107744 -0.296552 0.839 0.667 0.529
v -0.675245 -0.269503 -0.236835 0.898 0.729 0.565
v 0.380050 -0.235575 -0.267148 0.035 0.031 0.020
v 0.460889 -0.980667 -0.255755 0.843 0.655 0.525
v 0.200617 0.406408 0.013140 0.894 0.725 0.616
v 0.379372 -0.041441 -0.475898 0.125 0.114 0.106
v -0.503348 0.040014 -0.374546 0.929 0.725 0.592
v -0.163552 -0.152640 -0.186626 0.055 0.043 0.031
v 0.262384 0.200750 -0.378385 0.816 0.631 0.463
v -0.002528 -0.707785 0.037610 0.059 0.051 0.055
v 0.057222 1.059811 -0.019388 0.302 0.231 0.145
v -0.305048 -0.208714 -0.164563 0.047 0.043 0.031
v -0.063550 0.160419 -0.263215 0.839 0.678 0.529
v 0.040226 -0.038241 -0.276603 0.922 0.729 0.565
v 0.741602 -0.376489 -0.425050 0.808 0.639 0.475
v -0.477226 -0.168215 -0.200018 0.035 0.031 0.016
v -0.726597 -0.513873 -0.249360 0.855 0.686 0.549
v -0.657406 -0.303579 -0.223671 0.886 0.722 0.557
v 0.435451 -0.127846 -0.369728 0.047 0.043 0.027
v -0.338142 -0.113513 -0.230612 0.031 0.027 0.020
v -0.436816 0.037872 -0.377202 0.043 0.031 0.027
v -0.558697 -0.844092 -0.129326 0.063 0.035 0.027
v 0.294003 0.340590 -0.341912 0.792 0.616 0.471
v 0.581008 -0.691162 -0.317112 0.890 0.710 0.553
v 0.141844 0.953930 0.089323 0.945 0.769 0.655
v 0.443343 0.590609 -0.309446 0.906 0.671 0.561
v 0.484675 -0.808903 -0.279906 0.804 0.616 0.475
v 0.183186 -0.875745 0.000078 0.082 0.075 0.067
v -0.134415 -0.467567 -0.041199 0.051 0.035 0.031
v -0.190126 -0.627843 0.034966 0.055 0.043 0.043
v 0.607992 -0.140354 -0.443654 0.894 0.718 0.573
v 0.315554 -0.286000 -0.211159 0.047 0.039 0.027
v 0.445671 -0.919716 -0.255930 0.753 0.580 0.463
v 0.159953 -0.981764 -0.065243 0.051 0.047 0.039
v -0.254746 0.044817 -0.354002 0.898 0.722 0.557
v -0.206869 -0.306423 -0.115921 0.039 0.031 0.027
v 0.292852 -0.370601 -0.155386 0.047 0.039 0.027
v -0.493223 -0.758322 -0.023190 0.082 0.063 0.063
v 0.077239 0.593821 0.089034 0.796 0.600 0.498
v 0.051917 0.391941 0.045335 0.380 0.035 0.020
v -0.596209 -0.843436 -0.186895 0.224 0.337 0.192
v 0.237317 0.352114 -0.056124 0.875 0.690 0.576
v 0.551864 -0.681194 -0.298807 0.890 0.718 0.553
v -0.204314 -0.498733 -0.012650 0.047 0.043 0.035
v 0.293353 0.449671 -0.050028 0.871 0.694 0.584
v 0.251481 0.225686 -0.323969 0.843 0.671 0.506
v -0.239850 -0.138899 -0.198502 0.035 0.031 0.024
v 0.156365 0.779841 0.125492 0.965 0.792 0.694
v -0.077290 0.380758 -0.088919 0.745 0.580 0.502
v -0.617157 -0.609387 -0.200211 0.027 0.024 0.016
v -0.931312 -0.691310 -0.361167 0.773 0.569 0.427
v 0.653425 -0.596120 -0.343337 0.882 0.714 0.537
v -0.834312 -0.170063 -0.399540 0.671 0.490 0.357
v 0.142187 -0.654085 0.027114 0.063 0.051 0.047
v 0.167860 0.420137 0.037534 0.859 0.675 0.565
v 0.198581 0.873915 0.110064 0.969 0.792 0.686
v -0.195864 0.647497 -0.323351 0.780 0.506 0.435
v -0.127795 -0.716498 0.032180 0.055 0.051 0.047
v -0.327737 0.048456 -0.365248 0.035 0.024 0.020
v 0.381729 -0.673393 -0.129405 0.067 0.051 0.039
v -0.633690 -0.552626 -0.227267 0.573 0.439 0.337
v 0.454073 -0.394527 -0.232795 0.902 0.725 0.553
v -0.287400 -0.086380 -0.237155 0.039 0.031 0.024
v 0.381187 -0.553975 -0.140968 0.055 0.039 0.039
v 0.617920 -0.197472 -0.368033 0.910 0.733 0.565
v -0.299682 -0.600734 0.048907 0.047 0.035 0.035
v 0.468265 -0.631965 -0.274265 0.678 0.545 0.380
v -0.024426 0.550786 0.030120 0.957 0.753 0.635
v 0.394701 -0.841553 -0.247626 0.114 0.102 0.078
v -0.431703 0.051191 -0.411264 0.039 0.024 0.020
v 0.520234 -1.113408 -0.302107 0.871 0.659 0.533
v 0.574844 -0.651016 -0.309716 0.890 0.722 0.557
v 0.704263 -0.212652 -0.451454 0.839 0.651 0.498
v -0.185874 0.729250 -0.316544 0.855 0.643 0.541
v 0.352390 -0.065246 -0.407755 0.051 0.043 0.031
v 0.243882 0.504604 0.029216 0.953 0.741 0.631
v -0.212626 -0.036257 -0.246402 0.847 0.686 0.580
v -0.035749 0.472625 0.012707 0.847 0.647 0.553
v 0.479998 -0.094531 -0.453880 0.290 0.235 0.208
v -0.570839 -0.412909 -0.179637 0.027 0.020 0.012
v 0.580257 -0.393396 -0.305916 0.929 0.765 0.592
v 0.511171 -0.173394 -0.372890 0.925 0.753 0.596
v -0.649795 -0.754036 -0.285627 0.220 0.153 0.110
v -0.009383 0.761993 0.095365 0.878 0.718 0.639
v -0.147093 -0.507302 -0.019503 0.059 0.043 0.039
v 0.067192 0.160913 -0.225194 0.863 0.714 0.569
v 0.402177 -0.754927 -0.202670 0.051 0.027 0.027
v 0.724776 -0.382648 -0.384481 0.843 0.667 0.494
v 0.187290 -0.443354 -0.087412 0.043 0.035 0.027
v 0.079782 0.119738 -0.245438 0.878 0.722 0.584
v 0.036996 -0.780463 0.037578 0.082 0.071 0.078
v 0.344846 -0.019507 -0.449595 0.149 0.133 0.122
v -0.860408 -0.629204 -0.304874 0.812 0.624 0.475
v 0.311857 1.074557 -0.090060 0.243 0.212 0.133
v 0.418911 0.791613 -0.103704 0.643 0.494 0.404
v -0.398601 0.074823 -0.463193 0.051 0.043 0.035
v -0.572969 -0.517461 -0.158359 0.027 0.012 0.008
v -0.204254 0.099376 -0.371792 0.855 0.671 0.494
v 0.425343 0.533392 -0.308353 0.827 0.561 0.463
v 0.085275 -0.137045 -0.218251 0.176 0.125 0.098
v -0.084269 0.502736 -0.034776 0.780 0.608 0.525
v 0.467941 0.807411 -0.257831 0.278 0.224 0.169
v -0.087672 0.871457 -0.015579 0.733 0.576 0.475
v -0.735954 -0.376314 -0.246429 0.867 0.694 0.549
v -0.034036 -0.100118 -0.239180 0.929 0.733 0.561
v -0.145403 0.701352 -0.258956 0.757 0.565 0.467
v -0.122900 0.446604 -0.161149 0.702 0.525 0.435
v -0.138023 0.194907 -0.327112 0.714 0.533 0.392
v 0.438421 -0.228693 -0.311084 0.110 0.110 0.094
v 0.354107 0.572283 -0.089329 0.820 0.620 0.482
v 0.297488 1.076089 -0.079811 0.263 0.208 0.133
v -0.343379 -0.804399 0.028560 0.063 0.063 0.055
v 0.384516 0.598527 -0.214185 0.753 0.573 0.451
v 0.413991 0.688584 -0.176516 0.604 0.471 0.388
v 0.511747 -0.767401 -0.287980 0.863 0.671 0.522
v 0.027688 -0.631175 0.021460 0.063 0.051 0.047
v 0.379168 0.530921 -0.263029 0.765 0.451 0.365
v -0.863524 -0.399376 -0.325389 0.733 0.565 0.435
v 0.095702 -0.364019 -0.119844 0.047 0.039 0.031
v 0.117566 0.962361 0.083883 0.949 0.776 0.663
v 0.455150 -0.067494 -0.485588 0.118 0.110 0.114
v -0.043424 -0.036062 -0.265411 0.945 0.753 0.588
v -0.013838 -0.566133 -0.003675 0.051 0.039 0.035
v 0.415749 -0.860537 -0.274499 0.490 0.365 0.278
v -0.302804 -0.415894 -0.049304 0.043 0.031 0.024
v -0.267473 -0.113024 -0.216717 0.043 0.039 0.031
v 0.334895 0.924786 0.043921 0.796 0.616 0.522
v -0.712826 -0.783528 -0.250342 0.714 0.549 0.451
v -0.683258 0.029010 -0.380958 0.863 0.655 0.522
v -0.320651 0.089657 -0.432488 0.200 0.125 0.102
v 0.064373 0.878150 0.104367 0.957 0.788 0.678
v -0.620844 -0.559662 -0.218565 0.341 0.267 0.184
v 0.404167 1.011010 -0.126921 0.400 0.329 0.271
v 0.071602 0.026149 -0.270514 0.918 0.757 0.596
v -0.393320 -0.502055 -0.006500 0.051 0.039 0.035
v 0.138947 -1.040359 -0.077262 0.035 0.027 0.024
v -0.468084 -0.052509 -0.273592 0.075 0.055 0.039
v -0.468762 -0.732384 0.005807 0.082 0.067 0.067
v -0.602424 0.039753 -0.373013 0.937 0.733 0.588
v -0.176299 -0.384899 -0.079369 0.047 0.039 0.035
v -0.146433 0.890797 -0.214021 0.247 0.176 0.122
v 0.273727 0.414874 -0.050032 0.878 0.702 0.600
v -0.791378 -0.135018 -0.320990 0.796 0.616 0.475
v -0.514634 -0.564889 -0.046458 0.047 0.039 0.031
v 0.739269 -0.392066 -0.414176 0.816 0.639 0.475
v -0.001792 -0.512654 -0.028995 0.051 0.035 0.031
v 0.349168 -0.613968 -0.101614 0.055 0.043 0.035
v -0.183476 0.079522 -0.346700 0.839 0.655 0.498
v 0.186561 -0.311322 -0.159443 0.039 0.035 0.027
v 0.139666 0.527733 0.106107 0.851 0.639 0.553
v 0.283987 -0.156346 -0.279539 0.047 0.043 0.027
v -0.406262 -0.227732 -0.159918 0.039 0.035 0.027
v -0.623661 -0.320834 -0.207606 0.859 0.682 0.522
v 0.428151 -0.713527 -0.259884 0.043 0.027 0.024
v 0.078570 -0.334955 -0.132196 0.047 0.043 0.035
v -0.470873 -0.222020 -0.174416 0.039 0.035 0.027
v -0.754090 -0.786099 -0.223782 0.835 0.643 0.522
v -0.118322 0.946106 -0.138793 0.373 0.282 0.212
v -0.043962 -0.669680 0.032037 0.063 0.047 0.047
v -0.400057 -0.273016 -0.131457 0.047 0.035 0.031
v -0.693379 -0.147502 -0.259543 0.906 0.757 0.592
v 0.342331 -0.544235 -0.112965 0.047 0.039 0.027
v -0.066577 0.959128 -0.026644 0.675 0.518 0.420
v 0.236690 0.370311 -0.039813 0.882 0.702 0.592
v 0.095816 0.608248 0.100216 0.886 0.682 0.584
v 0.268889 0.266603 -0.333877 0.824 0.639 0.486
v 0.120425 -0.821673 0.038341 0.075 0.067 0.067
v -0.582715 -0.753561 -0.155790 0.039 0.035 0.027
v 0.245248 0.195162 -0.328166 0.839 0.663 0.494
v -0.814047 -0.564794 -0.284945 0.835 0.659 0.522
v 0.167970 0.313304 -0.016595 0.918 0.741 0.631
v 0.083272 -1.026851 -0.058772 0.043 0.035 0.031
v 0.235630 0.062003 -0.366043 0.859 0.686 0.529
v 0.455164 0.778470 -0.220313 0.325 0.247 0.184
v -0.061268 0.271133 -0.249917 0.729 0.576 0.435
v 0.634023 -0.614582 -0.336083 0.882 0.714 0.545
v 0.053144 0.493015 0.072863 0.475 0.341 0.282
v -0.824069 -0.695000 -0.276328 0.851 0.659 0.518
v -0.534616 -0.700123 -0.054931 0.024 0.020 0.016
v 0.257125 0.382847 -0.054678 0.878 0.718 0.596
v 0.252276 -0.088287 -0.308994 0.067 0.055 0.039
v 0.427231 0.571565 -0.299507 0.925 0.678 0.569
v 0.454916 -0.898062 -0.258768 0.773 0.592 0.471
v -0.404293 -0.571862 0.025042 0.055 0.043 0.039
v 0.392948 0.623613 -0.187232 0.647 0.478 0.388
v -0.133628 -0.369211 -0.091990 0.047 0.039 0.031
v -0.506923 -0.436117 -0.102586 0.055 0.039 0.035
v 0.272513 -0.081779 -0.326811 0.055 0.043 0.031
v 0.418016 0.594861 -0.296110 0.741 0.459 0.341
v 0.389602 -0.162794 -0.326469 0.035 0.031 0.016
v -0.570342 -0.105068 -0.259840 0.937 0.780 0.612
v -0.405846 -0.374934 -0.078971 0.047 0.035 0.027
v 0.406568 0.742022 -0.112276 0.773 0.627 0.522
v 0.259627 -0.672253 -0.007474 0.059 0.043 0.039
v -0.153078 0.819356 -0.211961 0.329 0.239 0.169
v 0.464054 -0.787107 -0.277938 0.729 0.549 0.427
v 0.259292 0.898062 0.085172 0.937 0.753 0.643
v 0.463594 0.879307 -0.219607 0.235 0.180 0.122
v -0.355876 -0.009369 -0.314016 0.031 0.024 0.020
v 0.568726 -0.132149 -0.433711 0.898 0.710 0.545
v 0.118350 0.277202 0.003069 0.914 0.706 0.608
v -0.088949 1.014562 -0.133957 0.337 0.255 0.192
v 0.137704 0.643542 0.081488 0.820 0.639 0.529
v -0.064109 0.432673 -0.039740 0.761 0.584 0.510
v -0.174245 -0.744135 0.037072 0.090 0.078 0.078
v 0.364681 0.651268 -0.070437 0.859 0.686 0.561
v 0.382344 0.583134 -0.222362 0.875 0.702 0.580
v -0.538528 0.040581 -0.375975 0.945 0.757 0.608
v -0.382622 -0.843822 -0.008809 0.059 0.043 0.039
v -0.826043 -0.210903 -0.332371 0.757 0.569 0.427
v 0.451738 -0.700936 -0.284188 0.663 0.494 0.361
v -0.272942 0.050584 -0.363637 0.890 0.706 0.545
v 0.414569 -0.163555 -0.335001 0.047 0.043 0.027
v 0.388009 0.807998 -0.028717 0.800 0.647 0.537
v -0.413118 -0.752609 0.024803 0.063 0.039 0.039
v 0.261646 -0.635782 -0.023381 0.051 0.047 0.035
v 0.036464 -0.868575 0.017871 0.067 0.063 0.055
v 0.134475 0.665805 0.097091 0.871 0.698 0.596
v -0.571594 -0.574031 -0.137474 0.031 0.027 0.020
v -0.114718 0.442978 -0.126417 0.765 0.588 0.506
v 0.286210 -0.125957 -0.299831 0.043 0.035 0.024
v 0.604630 -0.626742 -0.323119 0.882 0.714 0.545
v 0.096774 -0.943984 -0.029831 0.063 0.051 0.055
v 0.659283 -0.507685 -0.337014 0.894 0.722 0.545
v 0.379093 -0.975275 -0.275393 0.122 0.118 0.078
v 0.152515 0.536181 0.083082 0.882 0.698 0.600
v 0.005026 -0.262828 -0.156835 0.051 0.039 0.031
v -0.105584 0.914402 -0.078938 0.596 0.459 0.373
v 0.492860 -0.089082 -0.483942 0.816 0.635 0.514
v 0.397245 -0.299114 -0.237567 0.047 0.039 0.027
v -0.499897 -0.336028 -0.131155 0.051 0.039 0.027
v 0.065503 0.983709 0.063592 0.863 0.678 0.580
v -0.156774 0.239432 -0.408867 0.741 0.545 0.388
v 0.346779 -0.520170 -0.122113 0.051 0.043 0.039
v 0.311634 -0.267021 -0.220091 0.043 0.039 0.024
v -0.593082 -0.776814 -0.178597 0.027 0.024 0.016
v -0.032566 0.768688 0.079744 0.843 0.682 0.600
v 0.447110 -1.016137 -0.260377 0.812 0.627 0.514
v 0.302958 0.458504 -0.059041 0.847 0.675 0.557
v -0.251604 -0.455804 -0.029685 0.043 0.031 0.027
v -0.135204 0.849422 -0.146013 0.447 0.333 0.259
v -0.441623 -0.881696 -0.055582 0.090 0.075 0.078
v -0.746129 -0.415649 -0.250548 0.855 0.702 0.561
v -0.375328 0.086097 -0.464182 0.035 0.031 0.024
v 0.627511 -0.909157 -0.369568 0.859 0.639 0.494
v -0.149110 -0.122605 -0.193447 0.043 0.031 0.024
v -0.949887 -0.686520 -0.399391 0.788 0.584 0.439
v 0.234847 -0.583959 -0.034465 0.055 0.043 0.035
v -0.345951 -0.773549 0.037896 0.055 0.051 0.043
v -0.115781 0.912519 -0.103854 0.463 0.345 0.259
v -0.033234 -0.987949 -0.024377 0.039 0.039 0.031
v -0.117234 -0.338775 -0.108761 0.043 0.035 0.031
v 0.458744 -0.089213 -0.432096 0.157 0.149 0.153
v -0.363515 -0.500252 -0.000842 0.055 0.039 0.035
v 0.286273 0.908987 0.072259 0.918 0.729 0.624
v -0.136492 0.291955 -0.344038 0.710 0.525 0.384
v 0.474802 -0.585849 -0.265854 0.714 0.561 0.400
v 0.346296 -0.815066 -0.089235 0.075 0.063 0.059
v 0.040370 -0.366548 -0.113407 0.059 0.043 0.039
v -0.746615 -0.734833 -0.265716 0.831 0.651 0.518
v 0.099043 -0.804322 0.042080 0.082 0.071 0.071
v -0.295783 0.007607 -0.304515 0.035 0.027 0.016
v 0.436922 -0.797638 -0.287547 0.557 0.427 0.337
v 0.146748 -1.072716 -0.085261 0.043 0.039 0.031
v -0.163630 -0.854836 0.008680 0.043 0.035 0.039
v -0.036649 0.023083 -0.269486 0.925 0.749 0.576
v -0.687725 -0.360566 -0.230134 0.878 0.710 0.561
v 0.425364 -0.410255 -0.200990 0.082 0.055 0.043
v -0.412573 -0.784090 0.008989 0.075 0.067 0.063
v -0.494675 0.022315 -0.345761 0.804 0.631 0.541
v -0.469599 -0.859251 -0.066779 0.055 0.039 0.035
v -0.062400 0.627812 0.015744 0.910 0.725 0.600
v -0.392726 -0.645884 0.048486 0.047 0.039 0.031
v 0.169751 0.334267 -0.012375 0.914 0.745 0.643
v 0.199976 0.165208 -0.286647 0.898 0.741 0.573
v -0.541085 -0.273969 -0.171322 0.059 0.047 0.035
v -0.593237 -0.560469 -0.173437 0.016 0.004 0.004
v 0.169781 0.737402 0.126391 0.949 0.780 0.682
v -0.280071 -0.461949 -0.023193 0.051 0.039 0.031
v -0.566747 -0.538335 -0.143826 0.024 0.020 0.012
v -0.561802 -0.171305 -0.231891 0.937 0.784 0.616
v 0.251226 -0.414945 -0.118695 0.047 0.039 0.031
v 0.174472 0.289988 -0.029231 0.894 0.718 0.604
v 0.436310 -0.168877 -0.346209 0.063 0.063 0.043
v 0.650640 -0.579715 -0.339385 0.886 0.718 0.541
v 0.023057 -0.256648 -0.162136 0.055 0.043 0.031
v 0.015480 0.965323 0.050313 0.827 0.631 0.533
v 0.062083 0.622896 0.059783 0.765 0.584 0.475
v 0.211452 -1.014088 -0.097382 0.043 0.039 0.031
v 0.282899 -0.138487 -0.289416 0.067 0.063 0.047
v 0.168067 0.642927 0.053022 0.796 0.620 0.522
v 0.308828 0.955452 0.046667 0.624 0.467 0.380
v -0.541194 -0.551934 -0.094105 0.035 0.035 0.031
v 0.166245 0.523142 0.056278 0.918 0.725 0.631
v 0.178606 0.398839 0.015260 0.773 0.588 0.490
v 0.393447 -0.500284 -0.162078 0.051 0.043 0.035
v -0.072294 0.758420 0.042565 0.482 0.345 0.267
v 0.197946 0.290292 -0.059056 0.859 0.678 0.565
v -0.892925 -0.489237 -0.360054 0.627 0.471 0.353
v -0.054137 0.772447 0.061275 0.843 0.675 0.604
v 0.032089 0.884689 0.090159 0.922 0.745 0.639
v -0.468241 -0.808473 -0.035049 0.075 0.051 0.051
v -0.462347 -0.099573 -0.241901 0.027 0.016 0.004
v 0.370836 -0.810531 -0.123690 0.071 0.055 0.043
v -0.281642 -0.697580 0.061765 0.067 0.059 0.063
v -0.084041 0.705290 0.008852 0.698 0.525 0.447
v -0.158650 0.188969 -0.372143 0.729 0.549 0.396
v -0.569350 -0.588158 -0.127235 0.027 0.016 0.016
v 0.329387 -0.862617 -0.095776 0.118 0.102 0.094
v 0.318363 -0.057976 -0.382421 0.055 0.039 0.031
v -0.130302 0.080317 -0.303498 0.855 0.678 0.533
v -0.873383 -0.590706 -0.320883 0.753 0.569 0.416
v -0.182004 0.172912 -0.399653 0.765 0.573 0.416
v 0.389815 -0.375444 -0.196975 0.043 0.039 0.024
v 0.345288 -0.235931 -0.252748 0.039 0.031 0.020
v -0.190987 -0.700101 0.043941 0.059 0.051 0.051
v 0.335515 0.465245 -0.195944 0.749 0.576 0.455
v 0.351703 -0.002643 -0.499206 0.145 0.125 0.122
v 0.032533 -1.065285 -0.050942 0.031 0.027 0.020
v -0.015327 -0.311499 -0.131692 0.043 0.039 0.031
v 0.214946 -0.107720 -0.273075 0.075 0.059 0.047
v 0.260003 0.428945 -0.018514 0.886 0.706 0.604
v 0.122327 -0.347261 -0.130026 0.043 0.039 0.031
v -0.769647 -0.412132 -0.260513 0.859 0.702 0.565
v -0.090083 0.888308 -0.026328 0.678 0.518 0.424
v 0.408904 0.869592 -0.056324 0.749 0.584 0.486
v -0.639994 -0.104359 -0.257463 0.929 0.773 0.600
v 0.059784 0.670043 0.067613 0.486 0.310 0.220
v -0.003803 1.055277 -0.069586 0.396 0.310 0.239
v -0.890156 -0.376579 -0.380033 0.608 0.451 0.314
v 0.526184 -0.592140 -0.278234 0.871 0.690 0.522
v -0.138471 0.625558 -0.232903 0.745 0.561 0.467
v -0.070172 0.853063 0.018805 0.800 0.631 0.522
v 0.054761 0.591658 0.064637 0.851 0.659 0.553
v 0.512180 -0.393579 -0.277893 0.929 0.757 0.576
v 0.501109 -0.477948 -0.259374 0.859 0.675 0.494
v -0.762611 -0.103539 -0.304020 0.835 0.675 0.533
v -0.040458 0.936124 0.020756 0.824 0.635 0.525
v 0.378517 -0.875026 -0.228159 0.169 0.169 0.169
v 0.323552 1.036399 -0.042307 0.290 0.227 0.153
v -0.048323 1.063878 -0.137542 0.369 0.286 0.208
v -0.371420 0.073163 -0.436475 0.035 0.024 0.020
v -0.528661 -0.135443 -0.243710 0.945 0.792 0.624
v -0.400757 0.081618 -0.484950 0.043 0.031 0.031
v -0.193352 0.183722 -0.450027 0.820 0.612 0.431
v -0.480704 0.072439 -0.486494 0.106 0.098 0.110
v 0.441040 -0.956038 -0.252851 0.769 0.592 0.478
v -0.317134 -0.410078 -0.052985 0.047 0.039 0.031
v -0.584351 -0.833026 -0.166960 0.098 0.071 0.063
v 0.191522 -0.543428 -0.039602 0.047 0.039 0.031
v 0.446244 -0.317972 -0.265267 0.906 0.737 0.584
v 0.615031 -0.306441 -0.315290 0.945 0.792 0.635
v -0.052856 0.309954 -0.092308 0.671 0.510 0.412
v -0.057146 -1.032004 -0.028457 0.031 0.027 0.024
v 0.596132 -0.534778 -0.306986 0.914 0.741 0.573
v 0.340694 -0.980757 -0.239582 0.149 0.118 0.110
v 0.257976 1.029048 0.016303 0.204 0.153 0.078
v 0.316007 0.590398 -0.006043 0.914 0.733 0.592
v -0.432962 -0.903525 -0.053663 0.035 0.031 0.024
v 0.253065 0.867677 0.095579 0.941 0.765 0.655
v 0.663900 -0.750508 -0.376426 0.839 0.647 0.486
v 0.161299 -0.527123 -0.039763 0.051 0.031 0.031
v -0.926504 -0.568976 -0.409584 0.576 0.424 0.302
v -0.104279 0.392042 -0.275315 0.718 0.522 0.384
v 0.452037 -0.266076 -0.297822 0.894 0.769 0.667
v -0.318735 -0.858173 0.003595 0.047 0.039 0.035
v -0.558456 -0.307250 -0.174233 0.055 0.039 0.031
v -0.860544 -0.306664 -0.339489 0.690 0.510 0.369
v 0.546814 -0.990967 -0.317028 0.875 0.671 0.529
v 0.334091 -0.674390 -0.070963 0.047 0.035 0.031
v 0.377878 -0.141734 -0.339920 0.035 0.031 0.020
v 0.680747 -0.273313 -0.351365 0.925 0.761 0.596
v 0.662881 -0.290171 -0.334064 0.925 0.765 0.608
v 0.058442 0.568754 0.081955 0.820 0.639 0.541
v 0.639682 -0.256340 -0.333655 0.945 0.784 0.627
v 0.446325 0.894582 -0.149565 0.400 0.294 0.231
v -0.547328 -0.762478 -0.097173 0.047 0.031 0.027
v 0.040262 0.112497 -0.244354 0.859 0.682 0.541
v 0.270411 0.049784 -0.404929 0.875 0.702 0.541
v -0.521393 -0.248567 -0.173066 0.055 0.039 0.031
v 0.019558 0.028130 -0.270018 0.898 0.729 0.569
v -0.072224 0.886811 0.002701 0.776 0.620 0.518
v 0.411289 0.958901 -0.085156 0.576 0.467 0.361
v -0.838697 -0.319833 -0.309118 0.776 0.596 0.455
v 0.691408 -0.292853 -0.353180 0.910 0.741 0.576
v -0.327092 -0.396091 -0.060832 0.043 0.031 0.027
v -0.515196 -0.075445 -0.274482 0.937 0.773 0.616
v 0.263060 0.583443 0.033230 0.890 0.686 0.557
v 0.261151 0.346302 -0.093917 0.843 0.655 0.529
v 0.358349 -0.856150 -0.133975 0.129 0.118 0.106
v 0.097567 -0.182587 -0.205283 0.051 0.039 0.027
v 0.091454 -0.894865 0.006486 0.071 0.055 0.059
v -0.002543 0.826096 0.084680 0.902 0.733 0.643
v -0.542377 -0.001360 -0.324447 0.945 0.769 0.612
v -0.100618 -0.708633 0.032344 0.063 0.055 0.051
v -0.167395 -0.470780 -0.034993 0.051 0.039 0.035
v -0.070461 0.033636 -0.271925 0.863 0.682 0.525
v 0.305065 -1.093447 -0.236896 0.110 0.102 0.106
v 0.325295 -0.615330 -0.079916 0.067 0.047 0.043
v 0.432570 1.000782 -0.179915 0.263 0.184 0.125
v -0.684054 0.015200 -0.352664 0.882 0.690 0.553
v -0.477667 -0.589686 -0.001800 0.047 0.039 0.035
v 0.075695 0.806714 0.117597 0.957 0.780 0.690
v 0.035401 -0.095922 -0.257365 0.957 0.757 0.588
v 0.061242 -0.029954 -0.276760 0.922 0.733 0.565
v -0.254052 -0.652554 0.054385 0.067 0.055 0.055
v -0.356706 -0.140668 -0.214194 0.035 0.031 0.024
v 0.324290 0.507240 -0.053274 0.827 0.647 0.514
v 0.139404 -1.015456 -0.072038 0.039 0.035 0.027
v 0.135715 0.627862 0.081648 0.859 0.671 0.549
v -0.749019 -0.628060 -0.262246 0.851 0.671 0.533
v 0.731757 -0.390789 -0.397295 0.843 0.675 0.506
v 0.097059 -0.314874 -0.143589 0.043 0.039 0.031
v 0.098588 0.479381 0.153964 0.749 0.549 0.482
v -0.132794 0.572253 -0.208553 0.722 0.533 0.431
v 0.366768 1.064534 -0.134711 0.345 0.294 0.251
v 0.159950 -0.813827 0.035593 0.082 0.067 0.071
v 0.300888 0.384630 -0.153107 0.741 0.573 0.443
v 0.267467 0.164480 -0.414496 0.839 0.647 0.475
v -0.665589 -0.219430 -0.243690 0.910 0.749 0.580
v -0.631209 -0.117934 -0.255197 0.922 0.765 0.592
v 0.140897 -0.397888 -0.106053 0.047 0.039 0.031
v -0.509469 -0.032901 -0.302976 0.933 0.761 0.620
v -0.815028 -0.486957 -0.286551 0.835 0.671 0.529
v 0.440487 -0.596169 -0.242958 0.082 0.063 0.051
v 0.455750 0.817405 -0.203116 0.329 0.259 0.196
v -0.043978 0.124100 -0.259088 0.894 0.729 0.576
v 0.298576 -0.104084 -0.324419 0.043 0.035 0.020
v 0.039694 0.338378 0.019344 0.792 0.616 0.529
v 0.373224 0.538087 -0.283069 0.898 0.729 0.592
v 0.475524 -0.195344 -0.348217 0.898 0.729 0.596
v 0.580964 -0.117557 -0.493561 0.808 0.624 0.478
v 0.345705 -1.078475 -0.281280 0.137 0.118 0.086
v 0.464831 -0.547189 -0.252148 0.392 0.294 0.216
v 0.356695 0.940868 0.021127 0.643 0.514 0.412
v -0.839683 -0.476044 -0.301246 0.796 0.627 0.490
v 0.304499 0.479350 -0.035710 0.859 0.671 0.565
v -0.312331 -0.149168 -0.202456 0.035 0.031 0.020
v -0.590629 -0.465661 -0.199023 0.020 0.012 0.004
v 0.022950 0.402423 0.030144 0.388 0.110 0.098
v 0.283923 -0.584784 -0.060767 0.051 0.035 0.027
v 0.365909 -0.528224 -0.133222 0.055 0.043 0.035
v -0.183660 -0.573332 0.016615 0.051 0.043 0.035
v 0.003552 0.692370 0.066124 0.757 0.565 0.443
v -0.616925 -0.769717 -0.226781 0.059 0.035 0.031
v -0.637291 -0.069875 -0.268805 0.945 0.780 0.616
v -0.908394 -0.538539 -0.376728 0.604 0.451 0.337
v 0.484271 -0.544912 -0.259590 0.749 0.565 0.396
v -0.293682 -0.916277 -0.005700 0.059 0.043 0.039
v -0.097930 0.748541 -0.020457 0.749 0.600 0.514
v 0.013715 0.401605 0.015776 0.322 0.059 0.055
v 0.165635 0.236428 -0.232570 0.882 0.725 0.580
v 0.377012 -0.750614 -0.119202 0.059 0.039 0.027
v -0.051791 -0.266421 -0.147698 0.055 0.043 0.035
v 0.399291 -0.357387 -0.209363 0.063 0.047 0.035
v 0.472848 -1.073635 -0.281201 0.859 0.667 0.537
v 0.095096 -0.440789 -0.078487 0.055 0.043 0.035
v -0.861901 -0.418219 -0.320951 0.741 0.573 0.447
v -0.436321 -0.616719 0.027244 0.059 0.055 0.055
v -0.086273 -0.163470 -0.184507 0.063 0.043 0.035
v -0.018468 -0.440977 -0.067115 0.051 0.039 0.035
v -0.687394 -0.311799 -0.234463 0.886 0.722 0.557
v -0.161677 0.794543 -0.271360 0.357 0.251 0.184
v 0.033094 0.128178 -0.238677 0.878 0.706 0.565
v 0.280446 -0.855440 -0.044127 0.063 0.055 0.047
v 0.412434 0.970018 -0.101090 0.486 0.384 0.294
v 0.430975 0.690601 -0.220544 0.471 0.349 0.271
v 0.048731 -0.326611 -0.133104 0.043 0.039 0.031
v 0.386667 1.043182 -0.137355 0.290 0.231 0.188
v -0.079859 -0.832743 0.014006 0.059 0.055 0.055
v 0.738992 -0.341948 -0.419013 0.824 0.655 0.490
v 0.357872 0.532965 -0.195739 0.780 0.600 0.482
v -0.752659 -0.502971 -0.257698 0.847 0.678 0.541
v -0.761505 -0.543922 -0.262697 0.851 0.682 0.545
v 0.469768 0.655662 -0.284319 0.902 0.659 0.525
v -0.107909 -0.831930 0.012218 0.063 0.051 0.051
v 0.362169 -1.075351 -0.283709 0.153 0.122 0.082
v 0.557335 -0.576007 -0.291437 0.898 0.729 0.561
v -0.057683 -0.514934 -0.023731 0.055 0.039 0.035
v -0.280851 -0.104451 -0.225515 0.043 0.035 0.027
v -0.492178 -0.732664 -0.012145 0.078 0.075 0.071
v 0.107068 0.396709 0.060028 0.686 0.329 0.318
v 0.443446 0.652564 -0.270919 0.616 0.294 0.184
v 0.471443 -0.829347 -0.275771 0.773 0.588 0.455
v -0.055000 0.505658 0.004020 0.847 0.647 0.545
v 0.400370 -0.807809 -0.231359 0.090 0.078 0.082
v 0.145445 -0.555543 -0.021177 0.055 0.043 0.035
v -0.618982 -0.186947 -0.238920 0.929 0.769 0.596
v 0.346804 -0.050778 -0.420167 0.118 0.094 0.086
v -0.837813 -0.409317 -0.300000 0.788 0.620 0.494
v -0.406238 -0.432971 -0.049102 0.047 0.035 0.027
v 0.394151 0.653135 -0.155513 0.686 0.549 0.447
v -0.201186 -0.617136 0.034544 0.047 0.039 0.039
v 0.324754 0.836137 0.055014 0.914 0.741 0.627
v 0.385353 0.747240 -0.053075 0.812 0.655 0.529
v -0.551965 -0.398952 -0.159293 0.051 0.027 0.024
v -0.085115 0.769885 0.013921 0.753 0.592 0.510
v 0.320811 0.617756 -0.004680 0.863 0.682 0.557
v 0.207069 -0.166372 -0.243230 0.051 0.043 0.031
v 0.181320 -0.394688 -0.112779 0.051 0.047 0.039
v -0.504590 -0.715746 -0.020931 0.086 0.071 0.067
v 0.316373 -0.409796 -0.146355 0.047 0.039 0.031
v 0.019559 -0.211640 -0.181362 0.059 0.051 0.043
v -0.610248 0.001439 -0.320796 0.945 0.753 0.600
v 0.216936 0.289372 -0.231867 0.780 0.631 0.502
v 0.698906 -0.267425 -0.367695 0.894 0.722 0.561
v 0.044969 0.375917 0.038701 0.773 0.380 0.349
v 0.430983 0.956359 -0.134063 0.333 0.247 0.169
v 0.136343 -0.599583 0.004852 0.059 0.047 0.043
v -0.609654 0.017712 -0.339604 0.929 0.737 0.580
v 0.394282 1.029714 -0.132101 0.404 0.349 0.290
v 0.188340 0.261642 -0.230139 0.824 0.659 0.525
v -0.044130 -0.320508 -0.124730 0.043 0.039 0.031
v -0.224363 -0.519032 0.002522 0.051 0.039 0.035
v -0.231250 -0.382878 -0.073766 0.055 0.047 0.039
v 0.423536 0.877009 -0.088145 0.663 0.518 0.416
v 0.136347 0.474059 0.066589 0.839 0.624 0.545
v -0.486664 -0.376938 -0.108144 0.051 0.039 0.031
v 0.398253 -0.388413 -0.195770 0.043 0.035 0.027
v 0.146040 -0.477440 -0.062290 0.059 0.043 0.039
v 0.053284 -0.846635 0.024478 0.067 0.055 0.051
v 0.416776 -0.612216 -0.198429 0.082 0.075 0.067
v 0.139069 0.116153 -0.268271 0.906 0.753 0.596
v 0.196250 -0.663349 0.018776 0.051 0.043 0.039
v -0.163532 -0.401122 -0.072651 0.043 0.039 0.031
v -0.395974 -0.326134 -0.101466 0.043 0.035 0.027
v -0.380896 -0.321219 -0.102368 0.047 0.039 0.027
v 0.040576 -0.577722 -0.000130 0.055 0.039 0.035
v -0.059942 0.376399 -0.061465 0.722 0.553 0.486
v -0.026366 1.065363 -0.110694 0.408 0.318 0.235
v -0.151779 0.724944 -0.285977 0.647 0.392 0.325
v -0.134221 -0.415001 -0.068251 0.055 0.043 0.035
v -0.490873 -0.494138 -0.056825 0.047 0.039 0.031
v -0.077337 0.805808 0.020994 0.788 0.627 0.533
v 0.142905 0.214917 -0.229006 0.906 0.753 0.600
v -0.698546 0.021890 -0.379175 0.855 0.639 0.506
v 0.432257 -0.672139 -0.258739 0.043 0.027 0.020
v -0.771111 -0.079295 -0.326867 0.792 0.612 0.494
v -0.151842 0.758336 -0.195600 0.365 0.255 0.176
v 0.585321 -0.140386 -0.428861 0.898 0.714 0.549
v -0.065525 -0.594090 0.008299 0.055 0.047 0.043
v 0.123840 0.702863 0.119662 0.910 0.737 0.635
v 0.661034 -0.240657 -0.352169 0.925 0.757 0.596
v -0.131103 0.535568 -0.142795 0.745 0.565 0.475
v 0.353795 0.630284 -0.053506 0.871 0.690 0.561
v -0.079578 -0.848297 0.008752 0.047 0.047 0.043
v 0.463325 0.860490 -0.230321 0.255 0.208 0.157
v -0.154648 0.855667 -0.248597 0.251 0.180 0.122
v 0.199936 0.337264 -0.027049 0.898 0.733 0.624
v -0.024606 1.038813 -0.065745 0.455 0.349 0.251
v -0.070213 0.713161 0.034800 0.710 0.533 0.451
v 0.323230 0.557299 -0.020752 0.890 0.686 0.549
v -0.069389 0.554257 0.006176 0.867 0.663 0.553
v -0.223663 -0.860564 0.010028 0.043 0.039 0.035
v -0.472421 0.054066 -0.390260 0.067 0.051 0.043
v -0.659588 -0.638569 -0.250138 0.549 0.424 0.341
v 0.317213 0.522548 -0.024135 0.886 0.694 0.569
v 0.592116 -0.722544 -0.328580 0.867 0.686 0.529
v -0.490389 -0.019004 -0.307516 0.427 0.310 0.231
v -0.754734 -0.018212 -0.395051 0.749 0.565 0.431
v 0.257191 0.633576 0.041449 0.400 0.380 0.357
v 0.068830 -0.366899 -0.116214 0.047 0.043 0.035
v 0.161619 0.920612 0.103131 0.965 0.769 0.667
v 0.313587 -1.067262 -0.244033 0.118 0.110 0.114
v 0.440434 0.810466 -0.150405 0.431 0.325 0.243
v -0.103108 0.174221 -0.285613 0.780 0.627 0.482
v -0.259530 -0.085030 -0.228351 0.043 0.039 0.031
v 0.165586 0.075418 -0.292386 0.894 0.737 0.576
v 0.155168 -0.377841 -0.118136 0.051 0.043 0.039
v -0.055067 0.353523 -0.065382 0.725 0.576 0.502
v -0.099195 0.224842 -0.281959 0.745 0.588 0.451
v 0.217892 0.296308 -0.080989 0.839 0.655 0.545
v -0.285919 -0.269840 -0.128795 0.043 0.035 0.027
v -0.018336 -0.090031 -0.254671 0.918 0.714 0.537
v 0.590708 -0.702941 -0.324755 0.875 0.690 0.537
v 0.292354 0.380175 -0.122757 0.800 0.620 0.498
v 0.465438 -0.172894 -0.360944 0.122 0.094 0.086
v -0.583572 -0.542061 -0.164928 0.027 0.020 0.020
v -0.519631 -0.232077 -0.178053 0.063 0.043 0.035
v 0.279210 -0.772637 -0.010766 0.071 0.051 0.039
v -0.802120 -0.639640 -0.276168 0.843 0.659 0.518
v -0.524623 -0.559096 -0.061248 0.043 0.039 0.031
v 0.417509 0.637113 -0.282005 0.710 0.475 0.412
v -0.054643 -0.852158 0.009502 0.067 0.055 0.055
v 0.241219 -0.759494 0.015566 0.086 0.067 0.063
v 0.438944 -1.031955 -0.260755 0.788 0.608 0.498
v -0.374694 -0.273094 -0.127658 0.043 0.035 0.024
v 0.563556 -0.771177 -0.318328 0.875 0.686 0.529
v 0.419296 -0.265647 -0.269860 0.067 0.055 0.043
v -0.480768 0.005215 -0.320486 0.102 0.063 0.043
v 0.355854 -0.735446 -0.086719 0.059 0.035 0.035
v -0.515955 -0.886533 -0.111027 0.075 0.051 0.051
v 0.048310 -0.974050 -0.034322 0.055 0.051 0.043
v 0.320746 -0.588327 -0.084892 0.055 0.047 0.039
v 0.589259 -0.198056 -0.361953 0.914 0.737 0.573
v 0.271414 0.658686 0.063496 0.655 0.447 0.341
v 0.273150 0.841290 0.089675 0.929 0.745 0.631
v 0.356256 -0.678011 -0.095897 0.055 0.043 0.035
v 0.667575 -0.679534 -0.366036 0.839 0.659 0.494
v 0.195469 -0.884801 -0.010843 0.082 0.071 0.071
v 0.126280 0.233875 -0.034343 0.706 0.522 0.435
v -0.516358 -0.642638 -0.023598 0.102 0.102 0.102
v 0.154681 0.452625 0.052298 0.929 0.745 0.635
v -0.067962 0.347726 -0.092163 0.729 0.565 0.486
v 0.477982 -0.430067 -0.239951 0.902 0.722 0.533
v 0.025366 0.825024 0.098840 0.918 0.753 0.659
v 0.105976 0.542009 0.136392 0.969 0.769 0.682
v -0.332817 -0.332182 -0.094975 0.043 0.035 0.027
v 0.174116 0.707515 0.121466 0.906 0.733 0.635
v -0.762441 -0.389593 -0.257202 0.859 0.698 0.561
v 0.356290 -0.924574 -0.205741 0.149 0.118 0.110
v -0.657059 -0.402324 -0.227214 0.859 0.686 0.522
v -0.157226 0.822392 -0.243773 0.275 0.208 0.153
v 0.457284 0.760139 -0.250075 0.318 0.243 0.184
v -0.074601 0.222843 -0.264173 0.729 0.576 0.443
v 0.109839 0.333519 0.022189 0.847 0.651 0.553
v -0.376913 -0.170309 -0.194437 0.035 0.031 0.024
v 0.491434 -0.201536 -0.346957 0.929 0.761 0.600
v -0.136365 0.814298 -0.153158 0.482 0.365 0.286
v -0.035869 0.058396 -0.264533 0.918 0.749 0.580
v -0.130162 0.429434 -0.333235 0.741 0.537 0.408
v -0.568321 -0.633906 -0.105774 0.031 0.027 0.020
v 0.537362 -0.452738 -0.282371 0.918 0.737 0.561
v 0.271360 -0.807835 -0.014466 0.071 0.063 0.063
v -0.274576 -0.301785 -0.112729 0.043 0.039 0.031
v 0.418247 -0.793851 -0.274302 0.110 0.086 0.082
v 0.612523 -0.824666 -0.352146 0.859 0.659 0.502
v 0.403607 -0.739932 -0.200416 0.078 0.043 0.047
v -0.449517 -0.035496 -0.287421 0.039 0.031 0.024
v -0.008013 0.903248 0.061634 0.875 0.698 0.588
v -0.006369 1.085710 -0.130878 0.263 0.204 0.141
v 0.459861 0.813144 -0.220301 0.369 0.286 0.227
v 0.384629 0.860756 -0.014242 0.871 0.718 0.612
v -0.668854 -0.868151 -0.116216 0.655 0.510 0.408
v -0.120586 -1.035116 -0.021460 0.094 0.078 0.082
v 0.641071 -0.285517 -0.326778 0.945 0.788 0.635
v -0.229137 0.047542 -0.349303 0.894 0.710 0.545
v -0.824159 -0.151532 -0.379906 0.671 0.486 0.357
v -0.341032 0.056176 -0.386483 0.020 0.016 0.008
v 0.087434 -0.679303 0.038906 0.075 0.055 0.055
v -0.356204 -0.065982 -0.267054 0.031 0.031 0.020
v -0.430716 -0.440344 -0.051914 0.051 0.035 0.027
v -0.144946 0.703026 -0.198033 0.565 0.412 0.333
v 0.250462 0.920834 0.080988 0.937 0.753 0.639
v -0.749975 -0.134635 -0.285520 0.859 0.690 0.529
v -0.062553 0.985303 -0.041581 0.639 0.502 0.400
v -0.031296 0.106046 -0.258157 0.914 0.753 0.588
v 0.207664 0.855215 0.112028 0.965 0.796 0.694
v -0.550338 -0.817208 -0.115790 0.137 0.129 0.133
v -0.446549 -0.362191 -0.095668 0.051 0.039 0.031
v -0.542543 -0.092765 -0.265163 0.937 0.784 0.616
v 0.028496 -0.122005 -0.226959 0.933 0.745 0.580
v -0.363555 -0.806430 0.020521 0.055 0.051 0.043
v 0.061391 -0.175127 -0.200225 0.051 0.039 0.027
v 0.214105 0.125708 -0.311810 0.863 0.698 0.541
v -0.045996 -1.000654 -0.025039 0.035 0.031 0.024
v -0.842330 -0.230867 -0.348016 0.702 0.518 0.384
v 0.225598 -0.433511 -0.102008 0.051 0.039 0.031
v -0.390110 -0.807277 0.009628 0.110 0.094 0.090
v -0.193199 -0.465504 -0.032726 0.059 0.047 0.043
v -0.108726 -0.560577 -0.001529 0.051 0.047 0.039
v -0.685897 -0.807407 -0.278012 0.506 0.384 0.329
v -0.380221 -0.086957 -0.253372 0.035 0.031 0.024
v 0.255527 0.689677 0.092222 0.596 0.455 0.369
v -0.354309 0.016487 -0.343120 0.024 0.016 0.008
v -0.284462 -0.071983 -0.242917 0.039 0.035 0.027
v -0.491423 -0.418609 -0.096354 0.051 0.035 0.027
v -0.187877 0.602807 -0.303311 0.820 0.557 0.482
v -0.635198 -0.041478 -0.282053 0.953 0.788 0.631
v 0.369831 -0.878726 -0.192246 0.149 0.125 0.114
v -0.161569 0.058189 -0.319562 0.835 0.659 0.502
v 0.269019 0.239596 -0.382674 0.769 0.596 0.435
v 0.037993 0.763550 0.115391 0.949 0.780 0.690
v -0.572702 -0.736743 -0.134405 0.059 0.043 0.039
v 0.108443 -0.927446 -0.018432 0.078 0.063 0.067
v -0.467155 -0.681501 0.016679 0.063 0.055 0.051
v -0.623019 -0.234296 -0.225232 0.918 0.753 0.584
v -0.799042 -0.508535 -0.278335 0.835 0.667 0.537
v -0.300805 -0.886746 -0.000628 0.035 0.031 0.027
v -0.037409 -0.161958 -0.190453 0.055 0.039 0.027
v 0.248245 0.034303 -0.379713 0.886 0.718 0.557
v -0.019957 0.277633 -0.209632 0.635 0.486 0.373
v -0.789646 -0.495753 -0.273271 0.843 0.678 0.545
v 0.326499 -0.036026 -0.408039 0.090 0.071 0.051
v 0.009395 0.236267 -0.209521 0.600 0.467 0.361
v -0.085027 1.033566 -0.160499 0.239 0.165 0.102
v -0.833065 -0.460284 -0.295931 0.812 0.647 0.510
v 0.221300 0.038489 -0.348913 0.863 0.698 0.541
v 0.007520 0.264720 -0.197301 0.522 0.373 0.278
v 0.072525 -0.575469 -0.002064 0.055 0.043 0.039
v 0.262795 -0.045467 -0.354302 0.882 0.714 0.573
v -0.461264 -0.704627 0.017763 0.051 0.043 0.035
v 0.611713 -0.358780 -0.314693 0.929 0.769 0.596
v 0.141558 0.153713 -0.256466 0.914 0.761 0.608
v -0.106712 0.826036 -0.050619 0.725 0.576 0.490
v 0.406515 -0.284453 -0.249836 0.063 0.051 0.039
v -0.466013 0.026560 -0.344867 0.071 0.055 0.043
v 0.054789 0.835162 0.108784 0.957 0.784 0.682
v -0.827029 -0.432696 -0.292172 0.812 0.659 0.518
v 0.099028 -0.993472 -0.053336 0.039 0.039 0.031
v 0.249048 -0.045468 -0.347276 0.890 0.718 0.557
v 0.270441 -0.065623 -0.340177 0.075 0.055 0.039
v 0.378840 -1.041776 -0.274389 0.361 0.290 0.231
v 0.000844 1.028450 -0.020545 0.451 0.333 0.251
v -0.006804 -0.915796 -0.006896 0.055 0.047 0.039
v 0.101740 -0.847952 0.027846 0.075 0.067 0.067
v -0.012078 0.457180 0.026727 0.878 0.682 0.576
v -0.254519 -0.683345 0.058036 0.063 0.051 0.051
v 0.442812 0.789902 -0.179120 0.451 0.353 0.275
v 0.010634 -0.295617 -0.142241 0.047 0.035 0.031
v -0.681359 -0.044190 -0.283051 0.949 0.784 0.627
v -0.160250 -0.591733 0.017736 0.051 0.039 0.035
v 0.287525 -0.908968 -0.086136 0.114 0.098 0.094
v -0.168721 0.615005 -0.279690 0.824 0.561 0.455
v 0.016437 -0.840963 0.024805 0.063 0.059 0.059
v 0.287387 -0.883704 -0.067197 0.110 0.094 0.086
v -0.614543 -0.062239 -0.273490 0.941 0.776 0.612
v 0.411139 -0.970582 -0.254841 0.620 0.486 0.400
v 0.554995 -0.301421 -0.308584 0.937 0.784 0.624
v -0.416193 0.077554 -0.491544 0.063 0.051 0.055
v -0.433568 -0.665174 0.033938 0.059 0.051 0.055
v -0.132976 0.575038 -0.183620 0.733 0.549 0.447
v 0.393149 0.680132 -0.130429 0.780 0.635 0.529
v 0.193270 0.303080 -0.043220 0.890 0.718 0.604
v -0.049536 -0.769087 0.030603 0.082 0.075 0.078
v 0.323378 -0.989787 -0.210069 0.129 0.102 0.098
v 0.578022 -0.885760 -0.336782 0.871 0.667 0.518
v -0.207153 -0.549266 0.012989 0.043 0.039 0.031
v 0.450722 -1.084448 -0.275159 0.831 0.643 0.522
v 0.218382 0.683637 0.096086 0.596 0.431 0.349
v 0.061653 -0.232964 -0.178171 0.055 0.047 0.035
v 0.118616 0.385084 0.042631 0.592 0.224 0.224
v 0.295185 0.745748 0.076639 0.918 0.737 0.635
v -0.544333 -0.541660 -0.105077 0.031 0.031 0.031
v 0.454342 0.870565 -0.168350 0.396 0.298 0.231
v 0.023879 0.668735 0.053671 0.459 0.353 0.325
v -0.803581 -0.200412 -0.310920 0.824 0.635 0.482
v 0.130247 -0.436407 -0.083934 0.051 0.043 0.035
v 0.367576 0.844420 0.009701 0.894 0.733 0.624
v 0.209418 0.618535 0.043218 0.690 0.502 0.424
v -0.588367 -0.597942 -0.155335 0.027 0.024 0.016
v 0.196848 0.275173 -0.075913 0.792 0.620 0.514
v 0.695916 -0.213184 -0.421125 0.871 0.690 0.541
v 0.143307 0.869646 0.118716 0.965 0.792 0.686
v -0.255759 -0.190616 -0.173220 0.039 0.035 0.027
v -0.121954 0.702337 -0.090066 0.820 0.647 0.549
v -0.930166 -0.626788 -0.380860 0.627 0.482 0.361
v 0.281046 0.822925 0.085282 0.922 0.737 0.620
v 0.256315 0.454220 0.004547 0.918 0.737 0.631
v -0.441777 -0.113209 -0.233052 0.039 0.035 0.024
v -0.010450 0.793325 0.088784 0.898 0.725 0.643
v -0.279160 -0.350404 -0.086564 0.051 0.039 0.031
v -0.531765 -0.193445 -0.209062 0.698 0.545 0.412
v -0.346850 -0.282619 -0.121725 0.043 0.035 0.027
v -0.594898 -0.049843 -0.282895 0.937 0.773 0.612
v 0.091942 0.705283 0.117571 0.851 0.686 0.596
v -0.381882 -0.244961 -0.145553 0.039 0.027 0.020
v -0.601863 -0.731827 -0.189331 0.031 0.016 0.012
v -0.204117 0.747910 -0.337550 0.847 0.573 0.478
v -0.945420 -0.702823 -0.381568 0.784 0.576 0.435
v 0.290723 0.798108 0.079172 0.922 0.737 0.624
v 0.263003 0.221732 -0.359501 0.804 0.627 0.463
v -0.393670 -0.583991 0.032228 0.051 0.039 0.035
v -0.326677 -0.892636 -0.008789 0.031 0.024 0.020
v 0.192851 -0.088286 -0.281496 0.875 0.690 0.553
v -0.336120 -0.301489 -0.111202 0.047 0.043 0.035
v 0.574998 -0.354941 -0.306782 0.937 0.776 0.604
v -0.537358 -0.801237 -0.095988 0.039 0.035 0.027
v 0.306439 -0.121790 -0.313896 0.039 0.035 0.020
v 0.330903 0.583775 -0.028480 0.898 0.714 0.565
v 0.438002 0.934414 -0.133606 0.431 0.322 0.239
v -0.095427 -0.126686 -0.192043 0.067 0.047 0.039
v 0.429996 0.765649 -0.158023 0.600 0.467 0.380
v -0.362014 -0.599144 0.044773 0.055 0.043 0.035
v -0.585430 -0.609563 -0.146021 0.027 0.024 0.016
v -0.355385 -0.251825 -0.139786 0.043 0.035 0.027
v 0.284029 -0.174127 -0.268788 0.043 0.035 0.024
v -0.809062 -0.155119 -0.337205 0.749 0.561 0.427
v -0.170638 -0.520344 -0.009270 0.051 0.039 0.035
v -0.092455 -0.421521 -0.068012 0.051 0.047 0.039
v -0.112634 0.195020 -0.293777 0.757 0.600 0.455
v 0.431268 -0.573775 -0.219190 0.098 0.086 0.078
v 0.043358 -0.496723 -0.041192 0.055 0.043 0.035
v -0.714744 0.004515 -0.359995 0.831 0.627 0.498
v -0.427931 -0.586922 0.022084 0.059 0.043 0.039
v 0.191651 0.687221 0.107230 0.580 0.435 0.345
v 0.106330 0.620232 0.095018 0.973 0.784 0.671
v -0.603634 -0.247293 -0.212632 0.910 0.741 0.573
v -0.532685 0.052821 -0.402821 0.914 0.710 0.565
v -0.324363 -0.038438 -0.277927 0.027 0.024 0.020
v 0.138557 -0.938095 -0.029612 0.059 0.047 0.043
v 0.094377 -0.213078 -0.191932 0.055 0.039 0.027
v 0.445294 -0.485558 -0.206666 0.094 0.059 0.051
v 0.015181 0.779116 0.105814 0.941 0.761 0.675
v 0.201813 -0.329360 -0.152488 0.039 0.035 0.027
v 0.150100 0.650057 0.076170 0.769 0.588 0.471
v 0.428726 -0.615557 -0.225787 0.098 0.075 0.075
v 0.261575 -0.578404 -0.049360 0.051 0.043 0.035
v 0.371178 -0.437210 -0.166260 0.043 0.039 0.031
v -0.574702 -0.548017 -0.151861 0.024 0.012 0.012
v -0.114998 -0.039689 -0.258720 0.953 0.741 0.576
v 0.594459 -0.912393 -0.347471 0.882 0.667 0.518
v 0.513343 -0.624848 -0.277168 0.831 0.659 0.506
v -0.738780 -0.291037 -0.256099 0.886 0.714 0.557
v 0.444404 -0.992441 -0.254195 0.804 0.624 0.514
v -0.633638 -0.158544 -0.247968 0.918 0.757 0.584
v -0.653352 -0.695513 -0.271379 0.349 0.263 0.208
v 0.326178 0.498709 -0.071146 0.788 0.608 0.482
v 0.035432 0.503442 0.051950 0.659 0.455 0.376
v 0.149873 0.605843 0.070166 0.882 0.698 0.576
v 0.214222 0.393765 -0.000006 0.902 0.725 0.624
v 0.536965 -0.651808 -0.287742 0.875 0.698 0.537
v -0.432192 -0.390717 -0.077922 0.047 0.035 0.027
v -0.008591 -0.426794 -0.076555 0.047 0.039 0.035
v -0.769825 -0.641308 -0.267220 0.851 0.675 0.541
v 0.357316 0.692093 -0.029006 0.851 0.682 0.576
v -0.120204 0.277845 -0.306634 0.722 0.549 0.404
v 0.558538 -0.110060 -0.477089 0.859 0.671 0.549
v 0.051690 -0.534229 -0.020504 0.055 0.039 0.035
v 0.156871 -0.834996 0.029823 0.082 0.075 0.067
v 0.337732 0.506572 -0.128538 0.776 0.616 0.490
v 0.320665 -0.551198 -0.096321 0.055 0.047 0.039
v 0.411755 0.639254 -0.232348 0.698 0.525 0.424
v -0.047419 -1.020166 -0.028704 0.039 0.031 0.024
v -0.127553 0.612621 -0.077420 0.729 0.537 0.439
v 0.368142 -0.896085 -0.210948 0.125 0.110 0.102
v 0.158904 1.053725 0.013908 0.235 0.169 0.086
v 0.000185 -0.645335 0.026567 0.063 0.047 0.047
v -0.668758 -0.649797 -0.256433 0.588 0.455 0.361
v 0.382213 -0.294664 -0.233283 0.043 0.035 0.024
v -0.159857 -0.102647 -0.198334 0.059 0.043 0.027
v 0.122737 0.809793 0.124637 0.965 0.788 0.686
v 0.004503 0.492505 0.036091 0.894 0.686 0.580
v -0.337479 -0.658836 0.061430 0.075 0.059 0.059
v -0.896033 -0.556210 -0.349557 0.651 0.498 0.376
v 0.268618 0.064578 -0.403808 0.878 0.706 0.545
v 0.294179 0.510744 0.001697 0.910 0.710 0.592
v 0.075039 -0.958757 -0.033433 0.047 0.047 0.043
v 0.072417 -0.670184 0.036134 0.071 0.055 0.055
v 0.689902 -0.324840 -0.346775 0.898 0.729 0.569
v 0.673332 -0.221969 -0.374347 0.910 0.737 0.576
v -0.308012 -0.444303 -0.032408 0.043 0.035 0.027
v -0.135630 0.235256 -0.331733 0.698 0.522 0.380
v -0.231885 0.122546 -0.411589 0.812 0.624 0.463
v -0.346919 0.107833 -0.500204 0.051 0.047 0.035
v -0.064456 -0.654619 0.026639 0.059 0.047 0.047
v -0.555379 -0.433656 -0.157601 0.031 0.020 0.016
v -0.103419 0.477630 -0.083829 0.769 0.596 0.506
v 0.380798 -0.339179 -0.210250 0.043 0.039 0.024
v 0.651058 -0.201771 -0.381821 0.906 0.729 0.565
v -0.726323 -0.028395 -0.321501 0.855 0.663 0.529
v -0.132804 0.737206 -0.142391 0.718 0.573 0.482
v 0.445276 0.836847 -0.147725 0.475 0.365 0.278
v -0.080023 -0.117702 -0.198861 0.486 0.416 0.373
v 0.382742 -0.117398 -0.365840 0.039 0.031 0.020
v -0.637157 -0.884887 -0.038479 0.608 0.451 0.349
v 0.305908 -0.567419 -0.081466 0.059 0.047 0.035
v 0.328688 0.524541 -0.046075 0.843 0.651 0.518
v 0.253112 0.784429 0.100363 0.933 0.749 0.651
v 0.318722 -0.973499 -0.184100 0.114 0.082 0.075
v -0.121305 -0.088843 -0.213329 0.933 0.729 0.592
v -0.560937 -0.780039 -0.124575 0.039 0.031 0.035
v -0.218118 0.155982 -0.446155 0.757 0.565 0.396
v -0.609633 -0.173902 -0.241136 0.929 0.773 0.600
v 0.419162 0.776646 -0.117237 0.600 0.463 0.380
v -0.487184 -0.301656 -0.137876 0.051 0.039 0.031
v -0.454964 -0.295945 -0.130741 0.055 0.039 0.035
v -0.637866 -0.497549 -0.233235 0.745 0.584 0.435
v -0.170621 -0.170061 -0.180580 0.047 0.039 0.027
v 0.310011 0.914013 0.060146 0.863 0.663 0.561
v -0.501921 -0.042834 -0.294832 0.894 0.737 0.616
v -0.939497 -0.607324 -0.427025 0.565 0.420 0.310
v 0.228042 0.879898 0.102344 0.953 0.780 0.678
v 0.157984 0.391692 0.018419 0.667 0.329 0.310
v 0.448932 -0.934629 -0.255088 0.776 0.596 0.482
v 0.710346 -0.250743 -0.395702 0.867 0.698 0.537
v -0.372898 -0.409337 -0.055961 0.055 0.043 0.035
v 0.085747 0.282068 0.011415 0.922 0.706 0.608
v 0.195466 0.437250 0.030349 0.918 0.737 0.620
v -0.019639 0.415322 0.004478 0.796 0.624 0.529
v -0.121828 0.782784 -0.105657 0.733 0.576 0.482
v -0.575884 -0.649793 -0.118422 0.024 0.016 0.016
v 0.351322 -0.321016 -0.207339 0.039 0.035 0.024
v 0.222210 0.189763 -0.298275 0.878 0.718 0.545
v -0.181606 0.661394 -0.320076 0.667 0.412 0.337
v -0.172559 -0.921762 -0.000649 0.031 0.027 0.024
v -0.013626 1.035176 -0.047213 0.533 0.408 0.325
v -0.127386 0.845060 -0.113167 0.561 0.439 0.361
v 0.487002 -0.930876 -0.266391 0.859 0.663 0.518
v 0.386998 -0.664269 -0.139816 0.055 0.039 0.035
v 0.086737 1.070406 -0.025486 0.235 0.169 0.106
v -0.251988 -0.545016 0.019505 0.047 0.043 0.035
v 0.217239 -1.026966 -0.104370 0.043 0.035 0.031
v -0.396076 -0.601280 0.037377 0.055 0.047 0.043
v 0.052608 -0.828913 0.029941 0.063 0.051 0.055
v -0.863662 -0.497805 -0.319819 0.753 0.604 0.471
v 0.398609 -0.994765 -0.262544 0.537 0.424 0.341
v -0.075105 0.366691 -0.093065 0.737 0.561 0.478
v 0.595829 -0.837322 -0.343698 0.859 0.659 0.506
v -0.847578 -0.287354 -0.328362 0.741 0.561 0.431
v -0.033021 -0.485552 -0.040184 0.063 0.051 0.047
v -0.136536 0.783864 -0.154798 0.549 0.420 0.345
v 0.027256 0.083517 -0.255817 0.890 0.722 0.569
v -0.068578 1.015198 -0.083769 0.561 0.435 0.341
v -0.030275 0.862440 0.055462 0.878 0.710 0.604
v 0.266521 0.185238 -0.405320 0.839 0.647 0.478
v -0.615853 -0.592378 -0.201199 0.020 0.008 0.004
v 0.268671 0.120777 -0.412860 0.863 0.671 0.498
v -0.127151 0.184739 -0.312621 0.745 0.576 0.439
v 0.215961 -0.219462 -0.216309 0.043 0.039 0.024
v 0.296327 0.890881 0.070104 0.929 0.745 0.631
v -0.171083 0.202990 -0.407299 0.749 0.561 0.400
v -0.592039 -0.199722 -0.227765 0.929 0.769 0.596
v 0.425106 -0.512870 -0.190911 0.078 0.055 0.043
v -0.744962 -0.017341 -0.364589 0.796 0.604 0.471
v 0.032787 -0.819639 0.029139 0.067 0.063 0.055
v -0.103685 0.654503 -0.030036 0.808 0.620 0.506
v -0.309528 -0.618280 0.054671 0.059 0.047 0.043
v 0.540393 -0.790064 -0.306234 0.871 0.678 0.522
v 0.252187 0.167751 -0.365615 0.804 0.627 0.455
v 0.293432 -0.839653 -0.046793 0.090 0.075 0.071
v 0.510694 -0.823614 -0.290440 0.863 0.663 0.510
v -0.446579 -0.224837 -0.167844 0.051 0.043 0.035
v -0.133843 0.828649 -0.140972 0.518 0.404 0.322
v -0.268675 -0.727417 0.056074 0.082 0.075 0.075
v -0.558206 0.007843 -0.332222 0.953 0.776 0.616
v -0.148658 0.893802 -0.244702 0.176 0.106 0.063
v -0.334623 -0.571906 0.039139 0.051 0.043 0.039
v 0.354061 -0.549574 -0.120238 0.059 0.043 0.035
v -0.008508 0.999406 0.006432 0.686 0.537 0.447
v -0.109308 -0.776497 0.028592 0.102 0.086 0.094
v 0.327627 -0.341729 -0.185488 0.047 0.039 0.027
v -0.449020 0.052251 -0.405290 0.043 0.031 0.024
v -0.191715 -0.862480 0.008960 0.043 0.035 0.035
v 0.055118 0.713214 0.111001 0.541 0.380 0.278
v -0.675723 -0.698065 -0.273004 0.529 0.416 0.333
v -0.149466 -0.581259 0.012609 0.051 0.047 0.039
v 0.132830 -0.788453 0.043722 0.086 0.075 0.075
v 0.138063 -0.100620 -0.258305 0.933 0.745 0.576
v 0.382578 0.600975 -0.188119 0.737 0.533 0.427
v 0.406557 -0.034773 -0.546212 0.125 0.118 0.118
v -0.135739 0.945581 -0.223523 0.173 0.094 0.035
v 0.108391 0.124991 -0.254295 0.898 0.733 0.588
v 0.511591 -0.538540 -0.268454 0.855 0.671 0.490
v 0.337661 0.809519 0.042981 0.906 0.745 0.627
v -0.471413 -0.353464 -0.109198 0.055 0.035 0.027
v 0.324381 -1.013885 -0.235212 0.133 0.110 0.110
v -0.064149 -0.928669 -0.007506 0.043 0.039 0.031
v -0.128688 0.902303 -0.139683 0.369 0.271 0.188
v 0.207514 -0.981537 -0.079697 0.055 0.043 0.035
v 0.405135 0.658351 -0.179191 0.608 0.475 0.376
v -0.085222 0.673081 -0.006301 0.831 0.659 0.533
v 0.368778 -0.059832 -0.433463 0.125 0.098 0.094
v -0.142380 -0.737554 0.033046 0.078 0.071 0.075
v -0.153596 0.665641 -0.253963 0.894 0.667 0.541
v -0.222366 -0.928428 0.000519 0.035 0.031 0.024
v 0.402957 0.958755 -0.064253 0.549 0.443 0.349
v 0.234581 -0.162629 -0.256173 0.047 0.039 0.027
v 0.412638 -0.696483 -0.212866 0.086 0.059 0.051
v -0.594174 -0.513662 -0.187679 0.016 0.008 0.008
v 0.068947 -1.037968 -0.057231 0.043 0.039 0.031
v -0.151866 0.254075 -0.411306 0.745 0.549 0.392
v 0.382610 -0.080581 -0.412927 0.051 0.039 0.027
v 0.186744 -0.814823 0.028736 0.086 0.078 0.075
v -0.081459 0.742238 0.030813 0.745 0.588 0.518
v 0.088770 0.249171 -0.188245 0.490 0.365 0.275
v 0.123916 0.616818 0.094489 0.922 0.733 0.631
v -0.282196 -0.188479 -0.175593 0.035 0.031 0.024
v -0.222071 -0.552571 0.017661 0.055 0.043 0.035
v 0.230313 0.032624 -0.359487 0.863 0.698 0.533
v 0.035762 0.866012 0.095779 0.922 0.757 0.651
v 0.448120 -0.528794 -0.224544 0.094 0.078 0.075
v 0.387334 -0.473965 -0.163328 0.047 0.043 0.027
v 0.369463 -0.831004 -0.137187 0.098 0.094 0.086
v 0.348118 0.733305 0.016375 0.882 0.714 0.612
v 0.622821 -0.658352 -0.336904 0.875 0.698 0.537
v -0.110038 -0.292483 -0.131180 0.043 0.039 0.031
v -0.593239 -0.016582 -0.305987 0.937 0.765 0.600
v 0.204349 0.106674 -0.308770 0.875 0.714 0.561
v 0.023807 0.370865 0.020423 0.714 0.475 0.404
v 0.536776 -0.333922 -0.300325 0.941 0.784 0.620
v 0.317334 0.415392 -0.166675 0.757 0.592 0.475
v 0.177259 -0.496569 -0.058884 0.051 0.039 0.035
v 0.096771 -0.265921 -0.167036 0.051 0.039 0.031
v -0.607988 -0.402124 -0.216552 0.635 0.478 0.325
v -0.036170 -0.261148 -0.151938 0.051 0.047 0.035
v 0.208623 -0.232564 -0.206696 0.043 0.035 0.027
v 0.336382 0.949516 0.033556 0.580 0.447 0.353
v -0.152591 -0.633512 0.028212 0.059 0.043 0.043
v 0.166994 -0.550732 -0.029315 0.059 0.047 0.043
v 0.375282 0.802004 -0.004548 0.851 0.698 0.584
v -0.405830 0.036998 -0.383957 0.031 0.020 0.016
v -0.867992 -0.351533 -0.338379 0.694 0.522 0.400
v 0.400698 -0.896231 -0.272624 0.259 0.192 0.145
v 0.366046 0.552216 -0.200657 0.761 0.576 0.467
v 0.416565 -0.946012 -0.256739 0.624 0.478 0.392
v -0.584233 -0.117226 -0.255166 0.929 0.773 0.604
v 0.450588 0.832103 -0.177564 0.314 0.231 0.161
v 0.165130 0.874949 0.115116 0.969 0.792 0.682
v -0.672540 0.041014 -0.405552 0.851 0.631 0.494
v -0.077340 0.162087 -0.267962 0.839 0.675 0.525
v -0.601036 -0.555328 -0.188065 0.024 0.020 0.012
v -0.747846 -0.438021 -0.251251 0.851 0.690 0.549
v -0.596559 -0.140981 -0.248547 0.933 0.773 0.600
v -0.633445 -0.143655 -0.250715 0.922 0.765 0.592
v -0.164118 -0.240380 -0.151510 0.047 0.043 0.031
v -0.519433 -0.462847 -0.105413 0.039 0.035 0.031
v 0.310805 0.631615 0.008874 0.737 0.545 0.427
v 0.564773 -0.749780 -0.316337 0.867 0.686 0.533
v -0.449823 0.047672 -0.390859 0.035 0.027 0.016
v 0.029445 -0.706217 0.040991 0.055 0.043 0.039
v -0.036582 0.449062 0.003757 0.773 0.588 0.498
v 0.391281 0.610833 -0.218382 0.710 0.541 0.431
v -0.070744 0.482813 -0.026088 0.765 0.584 0.506
v -0.332002 -0.210487 -0.164478 0.031 0.027 0.020
v 0.535824 -0.179469 -0.372403 0.925 0.753 0.592
v 0.399707 -0.330818 -0.222334 0.047 0.039 0.027
v -0.858392 -0.228995 -0.401618 0.647 0.471 0.349
v -0.063438 0.322044 -0.230446 0.659 0.502 0.376
v 0.391808 -0.623658 -0.149977 0.067 0.043 0.047
v -0.362454 -0.755010 0.043626 0.051 0.051 0.043
v -0.076477 -1.014914 -0.024156 0.035 0.031 0.024
v 0.138656 -0.843533 0.029385 0.075 0.059 0.059
v -0.036417 0.982428 -0.006465 0.682 0.510 0.404
v 0.080841 0.313346 0.017855 0.918 0.722 0.620
v 0.231930 -1.079802 -0.127300 0.039 0.031 0.024
v 0.103951 1.071291 -0.020548 0.212 0.153 0.082
v 0.410660 -0.618326 -0.185424 0.071 0.051 0.047
v 0.174803 -0.196414 -0.216166 0.043 0.039 0.027
v 0.097495 -0.065801 -0.277216 0.925 0.729 0.569
v 0.241653 -0.540763 -0.058420 0.051 0.043 0.035
v -0.409931 -0.175011 -0.192839 0.035 0.031 0.020
v 0.347092 0.786413 0.031833 0.906 0.757 0.639
v -0.178740 -0.444962 -0.046908 0.047 0.039 0.031
v 0.669665 -0.530926 -0.344865 0.890 0.722 0.545
v 0.423680 -0.250252 -0.282636 0.071 0.055 0.039
v -0.653839 0.015290 -0.338928 0.918 0.722 0.569
v -0.021887 -0.786854 0.030389 0.078 0.067 0.067
v 0.119480 0.488350 0.144556 0.882 0.678 0.612
v -0.053729 -0.565579 -0.002917 0.051 0.039 0.035
v -0.552658 0.060808 -0.428153 0.898 0.706 0.557
v -0.386480 0.069182 -0.444557 0.035 0.027 0.020
v -0.870437 -0.370653 -0.338655 0.702 0.525 0.408
v 0.308638 0.477467 -0.049836 0.847 0.663 0.549
v -0.188499 -0.210216 -0.163358 0.043 0.035 0.031
v 0.300761 -0.945289 -0.128391 0.094 0.078 0.075
v 0.321438 -0.893908 -0.110574 0.098 0.082 0.071
v 0.565470 -0.874268 -0.328754 0.875 0.671 0.522
v 0.516788 -0.196696 -0.354928 0.929 0.757 0.604
v -0.138724 0.843308 -0.162060 0.376 0.278 0.212
v -0.613329 -0.090805 -0.263975 0.933 0.769 0.604
v 0.036050 1.080887 -0.066171 0.345 0.275 0.212
v 0.149159 -0.823618 0.034916 0.082 0.071 0.067
v 0.007570 0.244465 -0.064830 0.514 0.365 0.275
v 0.346858 0.597582 -0.049215 0.867 0.671 0.529
v 0.277930 0.349909 -0.167028 0.682 0.545 0.443
v 0.643328 -0.628766 -0.343291 0.875 0.706 0.537
v 0.309943 -0.480805 -0.114347 0.043 0.039 0.027
v -0.417273 -0.136751 -0.217860 0.035 0.031 0.020
v -0.602748 -0.700489 -0.179555 0.027 0.024 0.016
v -0.104322 0.763195 -0.047629 0.776 0.620 0.522
v -0.109498 0.710599 -0.056337 0.804 0.651 0.553
v 0.060347 0.507721 0.126374 0.804 0.612 0.545
v 0.036735 0.027447 -0.269878 0.898 0.729 0.576
v 0.535263 -0.858244 -0.307725 0.875 0.675 0.522
v 0.054940 0.144456 -0.231599 0.882 0.718 0.576
v 0.105550 -0.005537 -0.282798 0.890 0.722 0.549
v 0.484684 -0.341332 -0.275526 0.945 0.776 0.608
v 0.567389 -0.192129 -0.364007 0.910 0.725 0.565
v -0.802709 -0.346161 -0.278900 0.843 0.675 0.525
v -0.873494 -0.336105 -0.354496 0.663 0.490 0.365
v 0.461417 -0.245555 -0.311979 0.918 0.769 0.631
v -0.146386 -0.177901 -0.177894 0.047 0.035 0.027
v 0.462664 -0.342651 -0.262068 0.918 0.749 0.580
v 0.177728 0.261729 -0.071608 0.729 0.569 0.459
v -0.638986 -0.413042 -0.227451 0.827 0.659 0.486
v -0.667487 -0.339152 -0.224060 0.882 0.714 0.561
v 0.011053 0.859340 0.085625 0.890 0.718 0.620
v 0.038742 -0.114487 -0.237568 0.937 0.733 0.565
v -0.352886 0.090253 -0.450074 0.027 0.012 0.012
v -0.508317 -0.608164 -0.020839 0.051 0.043 0.039
v 0.345956 -0.660262 -0.087694 0.051 0.039 0.035
v 0.018379 -0.534026 -0.019233 0.051 0.043 0.035
v -0.610566 -0.120332 -0.255628 0.925 0.769 0.596
v 0.440560 0.755449 -0.196174 0.439 0.341 0.263
v -0.015175 0.589498 0.033123 0.945 0.741 0.616
v -0.896727 -0.478827 -0.373221 0.600 0.447 0.325
v -0.356811 -0.298708 -0.112783 0.051 0.043 0.035
v 0.570681 -0.517239 -0.293807 0.918 0.749 0.580
v 0.355149 -0.374495 -0.182708 0.047 0.039 0.027
v -0.505542 0.004524 -0.333915 0.929 0.761 0.624
v -0.347568 -0.090322 -0.248411 0.031 0.027 0.020
v 0.230436 -0.403897 -0.118426 0.051 0.043 0.031
v 0.112364 -0.971654 -0.047967 0.051 0.039 0.039
v -0.328659 -0.160099 -0.197234 0.035 0.031 0.024
v 0.156884 -0.219588 -0.200937 0.043 0.039 0.024
v -0.390900 -0.463238 -0.027918 0.047 0.035 0.031
v 0.042097 0.532312 0.067160 0.780 0.565 0.486
v -0.119372 0.355368 -0.305028 0.749 0.557 0.408
v -0.203184 -0.150887 -0.188501 0.039 0.031 0.024
v 0.286850 0.362751 -0.303940 0.855 0.678 0.522
v -0.790027 -0.367317 -0.271693 0.855 0.686 0.549
v 0.168811 -0.364795 -0.126867 0.047 0.039 0.031
v 0.416119 -0.667214 -0.212254 0.071 0.055 0.051
v -0.084175 -0.182875 -0.178965 0.051 0.035 0.027
v -0.094004 0.546917 -0.021813 0.792 0.616 0.525
v -0.275576 -0.400620 -0.059536 0.043 0.035 0.027
v -0.453138 -0.689556 0.023655 0.055 0.047 0.047
v -0.583189 0.019479 -0.343339 0.945 0.757 0.604
v -0.010557 -0.959955 -0.020340 0.043 0.039 0.043
v -0.233155 0.148837 -0.466234 0.843 0.643 0.463
v -0.559627 -0.157060 -0.237099 0.937 0.780 0.612
v -0.741382 -0.057334 -0.309002 0.851 0.675 0.545
v 0.335765 0.744215 0.037939 0.906 0.737 0.635
v -0.268816 -0.483137 -0.011421 0.039 0.031 0.027
v -0.223284 -0.893468 0.005019 0.035 0.031 0.024
v -0.644814 -0.383050 -0.222255 0.847 0.671 0.502
v 0.385893 -0.701084 -0.133010 0.055 0.043 0.035
v -0.370462 0.049952 -0.399762 0.024 0.020 0.012
v -0.546015 -0.040826 -0.293534 0.941 0.773 0.608
v 0.321282 -0.697234 -0.051907 0.063 0.047 0.043
v -0.522118 -0.593848 -0.042010 0.031 0.024 0.024
v 0.685853 -0.515231 -0.353415 0.871 0.698 0.525
v -0.578534 -0.369760 -0.189364 0.075 0.059 0.047
v -0.133513 0.891686 -0.153540 0.373 0.282 0.212
v -0.162912 0.146065 -0.358110 0.741 0.561 0.412
v -0.073988 -0.192962 -0.176684 0.055 0.039 0.027
v 0.286780 0.036897 -0.424858 0.886 0.706 0.533
v 0.628328 -0.515112 -0.321424 0.918 0.745 0.580
v -0.405811 -0.486489 -0.018622 0.051 0.039 0.035
v -0.327175 -0.012941 -0.299256 0.027 0.020 0.012
v -0.181802 0.199092 -0.440134 0.820 0.608 0.439
v -0.640026 0.004210 -0.323050 0.937 0.749 0.592
v 0.370064 -0.782175 -0.109685 0.067 0.051 0.047
v -0.137249 0.683758 -0.161439 0.773 0.584 0.482
v 0.702156 -0.298375 -0.362149 0.890 0.718 0.557
v 0.239276 0.280323 -0.271733 0.875 0.706 0.553
v -0.071196 0.675511 0.005487 0.741 0.569 0.451
v 0.121190 0.776325 0.126729 0.961 0.788 0.690
v 0.654339 -0.825658 -0.380851 0.824 0.631 0.471
v -0.128587 0.818010 -0.123357 0.620 0.494 0.416
v -0.689458 -0.077094 -0.269436 0.929 0.773 0.608
v -0.285139 -0.234678 -0.148589 0.035 0.027 0.024
v 0.162063 -0.456646 -0.076266 0.043 0.035 0.024
v 0.018516 0.708502 0.087613 0.569 0.392 0.306
v 0.414672 -0.998206 -0.254488 0.678 0.533 0.435
v -0.391786 -0.753341 0.032775 0.059 0.051 0.051
v 0.312047 -0.529892 -0.097237 0.055 0.043 0.035
v 0.142891 -0.867670 0.014925 0.075 0.063 0.059
v -0.249014 -0.561581 0.026301 0.047 0.043 0.035
v -0.520007 -0.690506 -0.031883 0.067 0.067 0.067
v 0.104031 1.043109 0.023006 0.286 0.212 0.145
v -0.607716 -0.759751 -0.207335 0.043 0.035 0.031
v -0.185688 0.001608 -0.301684 0.871 0.682 0.525
v -0.028694 1.085365 -0.154277 0.341 0.278 0.212
v 0.305229 -0.509951 -0.100389 0.047 0.035 0.027
v 0.337765 -0.912784 -0.152366 0.118 0.086 0.078
v -0.885774 -0.520021 -0.343131 0.682 0.522 0.400
v 0.331591 0.965913 0.027335 0.533 0.416 0.325
v -0.305583 -0.380543 -0.068478 0.043 0.035 0.031
v -0.645329 -0.663726 -0.253495 0.396 0.302 0.224
v -0.138886 0.652862 -0.171195 0.729 0.533 0.435
v -0.576158 -0.563817 -0.149907 0.024 0.020 0.016
v -0.564818 -0.202621 -0.216848 0.937 0.776 0.604
v 0.204459 0.737184 0.120920 0.953 0.773 0.678
v 0.328503 -0.200484 -0.269688 0.035 0.031 0.016
v 0.078010 0.400047 0.065579 0.635 0.267 0.255
v 0.593401 -0.324337 -0.311242 0.937 0.784 0.620
v -0.772620 -0.146302 -0.300127 0.843 0.671 0.506
v -0.489156 -0.112041 -0.235449 0.075 0.055 0.039
v -0.153898 -0.799721 0.026326 0.067 0.063 0.059
v -0.663784 -0.827754 -0.289855 0.220 0.141 0.106
v -0.321878 -0.843858 0.010282 0.059 0.043 0.039
v -0.276371 -0.436488 -0.038930 0.051 0.035 0.031
v 0.220630 0.157735 -0.306812 0.863 0.698 0.533
v 0.014948 -0.094152 -0.260301 0.953 0.761 0.596
v -0.526092 0.027846 -0.358241 0.957 0.780 0.635
v -0.852346 -0.321123 -0.325670 0.733 0.553 0.412
v -0.285557 -0.150486 -0.198494 0.043 0.039 0.031
v -0.446694 0.065253 -0.443393 0.043 0.027 0.027
v -0.668153 -0.502727 -0.239394 0.847 0.678 0.537
v 0.629119 -0.822826 -0.362380 0.859 0.651 0.498
v -0.557407 -0.050535 -0.286679 0.949 0.780 0.616
v 0.192964 -0.769543 0.034812 0.106 0.094 0.086
v -0.548414 -0.778701 -0.104645 0.031 0.027 0.020
v -0.677992 -0.133697 -0.256533 0.910 0.757 0.592
v 0.376431 0.915651 0.005386 0.792 0.635 0.533
v 0.384608 0.634306 -0.147030 0.769 0.600 0.494
v 0.537386 -0.254075 -0.322132 0.949 0.792 0.631
v -0.204187 -0.366267 -0.085560 0.047 0.039 0.031
v -0.421156 -0.063686 -0.271746 0.035 0.031 0.020
v -0.811462 -0.373948 -0.283070 0.835 0.678 0.529
v -0.270722 -0.125747 -0.210712 0.039 0.031 0.024
v -0.249138 -0.881042 0.006674 0.031 0.027 0.024
v -0.006326 0.050047 -0.264911 0.898 0.729 0.561
v 0.204219 0.992137 0.065750 0.620 0.478 0.380
v -0.740524 -0.247873 -0.263536 0.886 0.718 0.557
v -0.003659 -0.251977 -0.160781 0.047 0.039 0.031
v -0.549032 -0.734595 -0.091197 0.043 0.039 0.035
v -0.035281 0.744781 0.079574 0.627 0.455 0.365
v 0.011914 1.054191 -0.046865 0.416 0.337 0.263
v 0.056888 0.414548 0.069736 0.749 0.376 0.353
v 0.190669 -0.834136 0.021484 0.075 0.063 0.063
v -0.692589 -0.199001 -0.253368 0.902 0.741 0.576
v 0.438218 -0.678820 -0.280357 0.200 0.122 0.094
v -0.566818 -0.809435 -0.138197 0.043 0.035 0.039
v 0.277464 0.313026 -0.317900 0.855 0.675 0.518
v -0.429201 -0.123615 -0.227142 0.035 0.027 0.020
v -0.674204 -0.848729 -0.210329 0.616 0.471 0.388
v -0.732836 0.003618 -0.400565 0.773 0.573 0.439
v 0.367913 0.691491 -0.054944 0.847 0.678 0.565
v -0.156445 0.842732 -0.256719 0.239 0.173 0.129
v 0.734425 -0.279206 -0.439603 0.831 0.647 0.486
v 0.002010 -0.782931 0.032490 0.078 0.071 0.067
v 0.459562 -0.668856 -0.278787 0.694 0.545 0.400
v -0.083102 0.648592 -0.002152 0.875 0.686 0.553
v 0.291540 -0.647938 -0.039547 0.063 0.047 0.039
v -0.256093 -0.799073 0.035952 0.067 0.047 0.063
v -0.769361 -0.051224 -0.353178 0.769 0.573 0.459
v -0.643024 -0.606450 -0.235852 0.510 0.400 0.314
v -0.472323 -0.833342 -0.047592 0.098 0.082 0.078
v -0.086641 0.696137 -0.002023 0.722 0.561 0.475
v -0.001440 0.206091 -0.225109 0.714 0.573 0.439
v -0.125791 0.458411 -0.322170 0.749 0.557 0.431
v 0.334020 -0.604186 -0.090304 0.059 0.043 0.035
v 0.300916 -0.080753 -0.347979 0.051 0.039 0.024
v -0.823933 -0.522226 -0.291603 0.824 0.663 0.525
v -0.629019 -0.019532 -0.299078 0.953 0.780 0.627
v 0.227663 1.039760 0.018829 0.255 0.196 0.125
v -0.645891 -0.819719 -0.279854 0.220 0.153 0.122
v -0.583387 -0.420115 -0.195353 0.031 0.016 0.008
v -0.414459 -0.887089 -0.041269 0.078 0.063 0.059
v -0.546646 -0.027156 -0.303211 0.941 0.769 0.608
v -0.016593 -0.195215 -0.182518 0.055 0.039 0.031
v -0.081042 -0.677489 0.031093 0.063 0.051 0.051
v -0.532207 -0.785894 -0.085095 0.047 0.039 0.043
v 0.240694 0.548031 0.034176 0.941 0.722 0.596
v -0.243072 -0.426737 -0.047346 0.043 0.039 0.031
v 0.583574 -0.496250 -0.300169 0.914 0.745 0.576
v 0.322997 -0.105147 -0.340248 0.047 0.039 0.027
v -0.494650 -0.624500 -0.005388 0.063 0.047 0.051
v -0.082168 -0.053718 -0.251787 0.937 0.725 0.565
v 0.591410 -0.183898 -0.377721 0.914 0.729 0.565
v 0.287342 0.655544 0.050179 0.663 0.467 0.361
v -0.049714 0.243661 -0.245664 0.722 0.569 0.435
v -0.787313 -0.061911 -0.391757 0.718 0.518 0.392
v 0.119041 0.197860 -0.225244 0.906 0.757 0.616
v -0.617659 0.049503 -0.392390 0.906 0.682 0.557
v -0.612828 -0.258730 -0.213361 0.894 0.725 0.557
v -0.085356 -0.762245 0.030171 0.078 0.075 0.075
v -0.303782 -0.832181 0.017386 0.047 0.047 0.043
v -0.529464 -0.329891 -0.150370 0.059 0.035 0.027
v -0.024598 0.443248 0.014820 0.831 0.643 0.545
v 0.203152 -0.295715 -0.171704 0.043 0.035 0.027
v 0.287192 1.057140 -0.038972 0.275 0.216 0.145
v -0.081216 -0.990856 -0.019784 0.039 0.031 0.024
v -0.634577 -0.483748 -0.231119 0.757 0.584 0.424
v -0.107859 0.934851 -0.104452 0.518 0.392 0.310
v 0.589251 -0.783247 -0.334874 0.871 0.686 0.529
v -0.714677 0.017954 -0.403159 0.804 0.596 0.459
v 0.411583 0.621684 -0.265349 0.525 0.251 0.176
v -0.076259 0.127641 -0.270548 0.839 0.667 0.522
v 0.087356 -0.616854 0.016042 0.055 0.043 0.035
v -0.109236 -0.014452 -0.276383 0.937 0.749 0.592
v 0.669914 -0.453723 -0.340534 0.898 0.729 0.553
v 0.295015 0.492132 -0.011011 0.890 0.686 0.573
v -0.547637 -0.071709 -0.275923 0.941 0.776 0.612
v 0.340018 -0.999978 -0.257561 0.098 0.075 0.075
v 0.283152 -0.987710 -0.138920 0.094 0.075 0.090
v -0.640518 -0.301718 -0.217132 0.882 0.714 0.549
v -0.097822 0.021846 -0.281722 0.902 0.725 0.569
v 0.379631 -0.017828 -0.542782 0.122 0.114 0.118
v -0.289712 0.077215 -0.401740 0.863 0.678 0.522
v 0.446959 0.920527 -0.153809 0.318 0.231 0.153
v -0.058165 0.058931 -0.269501 0.890 0.725 0.553
v -0.129259 0.470877 -0.340305 0.706 0.522 0.404
v -0.557725 -0.130148 -0.248444 0.937 0.784 0.612
v -0.200215 -0.188238 -0.173224 0.047 0.043 0.031
v -0.238023 -0.238022 -0.147706 0.035 0.031 0.024
v 0.128656 -0.740602 0.046138 0.110 0.094 0.090
v 0.233617 0.746212 0.112129 0.929 0.745 0.655
v -0.416744 -0.023102 -0.306326 0.031 0.027 0.020
v 0.194052 0.193039 -0.273219 0.902 0.753 0.588
v -0.610938 -0.887539 -0.025485 0.553 0.408 0.306
v -0.400581 -0.407100 -0.062000 0.043 0.031 0.024
v 0.445103 0.639617 -0.298268 0.855 0.639 0.537
v 0.353482 0.756559 0.015822 0.886 0.729 0.620
v -0.540138 -0.675666 -0.054864 0.027 0.027 0.024
v -0.389291 -0.907535 -0.034176 0.031 0.027 0.020
v 0.366432 0.940790 0.010143 0.686 0.533 0.427
v 0.099604 -0.773334 0.046383 0.090 0.078 0.078
v -0.104104 0.463650 -0.094228 0.773 0.604 0.514
v 0.250683 -0.955878 -0.088651 0.094 0.071 0.071
v 0.600062 -0.478203 -0.308008 0.922 0.753 0.584
v 0.410920 0.780067 -0.088069 0.675 0.518 0.420
v -0.045613 -0.091620 -0.240014 0.937 0.741 0.580
v 0.124565 -0.563150 -0.013339 0.051 0.039 0.031
v 0.173343 -0.480248 -0.065897 0.047 0.035 0.031
v 0.038715 0.918614 0.082465 0.910 0.714 0.608
v 0.610345 -0.685593 -0.333302 0.875 0.694 0.529
v 0.252674 -0.560521 -0.054394 0.059 0.047 0.039
v 0.314139 -0.217472 -0.253363 0.051 0.043 0.031
v -0.447170 -0.859339 -0.050501 0.059 0.035 0.035
v -0.718141 -0.235513 -0.256480 0.890 0.725 0.565
v 0.421905 -0.595865 -0.205783 0.102 0.071 0.067
v -0.316114 -0.127425 -0.217509 0.039 0.035 0.027
v 0.346873 0.475072 -0.249140 0.933 0.757 0.635
v 0.035841 -0.218027 -0.181296 0.051 0.035 0.031
v 0.053150 0.497074 0.104648 0.737 0.553 0.498
v -0.229190 -0.035013 -0.240140 0.071 0.043 0.027
v 0.161080 0.843006 0.120893 0.969 0.792 0.682
v -0.043193 0.294684 -0.222827 0.663 0.518 0.400
v -0.093103 1.012757 -0.149572 0.306 0.220 0.149
v -0.573426 -0.186400 -0.227399 0.937 0.780 0.608
v 0.217716 -0.274457 -0.186765 0.051 0.043 0.035
v 0.005493 0.277964 -0.018685 0.765 0.576 0.490
v -0.112659 -0.421512 -0.066480 0.047 0.039 0.031
v -0.085402 -0.521562 -0.019716 0.051 0.039 0.035
v -0.483637 0.063247 -0.419340 0.075 0.047 0.047
v -0.117714 0.083861 -0.296211 0.863 0.690 0.549
v -0.015805 0.261076 -0.215088 0.655 0.522 0.412
v -0.646483 -0.237689 -0.233309 0.914 0.749 0.580
v -0.164371 -0.413683 -0.066039 0.047 0.035 0.031
v -0.324318 -0.432750 -0.039490 0.051 0.043 0.035
v 0.270788 -0.847999 -0.031822 0.067 0.047 0.055
v -0.275129 0.062475 -0.376423 0.882 0.690 0.541
v 0.261865 0.413687 -0.034110 0.882 0.706 0.600
v 0.217813 -0.471976 -0.081538 0.047 0.035 0.027
v -0.206012 -0.728212 0.045973 0.094 0.082 0.086
v 0.097425 0.919019 0.099810 0.976 0.804 0.698
v -0.338146 -0.828053 0.015189 0.075 0.067 0.063
v -0.011302 0.312952 -0.022323 0.804 0.624 0.525
v 0.371468 -0.882738 -0.205830 0.114 0.098 0.086
v 0.247021 0.321578 -0.249564 0.765 0.604 0.475
v 0.092064 -0.816505 0.039286 0.067 0.055 0.055
v -0.317832 -0.290149 -0.117392 0.055 0.047 0.035
v 0.476309 -0.660231 -0.274633 0.753 0.576 0.416
v 0.403318 -0.507921 -0.168890 0.051 0.047 0.039
v -0.230721 -0.580798 0.029977 0.051 0.043 0.039
v 0.460420 -0.142024 -0.382874 0.059 0.055 0.047
v 0.154293 0.469232 0.048837 0.922 0.725 0.631
v -0.505661 -0.840918 -0.080042 0.063 0.051 0.043
v -0.579638 -0.446651 -0.185967 0.020 0.016 0.008
v 0.251264 -0.584725 -0.041095 0.059 0.043 0.039
v -0.088589 -0.040825 -0.261163 0.949 0.745 0.584
v 0.079469 -0.415865 -0.091622 0.047 0.039 0.031
v -0.128685 0.878343 -0.122545 0.435 0.318 0.239
v 0.001075 0.718070 0.084422 0.678 0.510 0.424
v 0.034700 0.157875 -0.228867 0.843 0.686 0.545
v 0.433293 0.713273 -0.213321 0.455 0.349 0.275
v -0.117587 0.384483 -0.300003 0.761 0.565 0.424
v -0.124588 0.613248 -0.063535 0.733 0.545 0.443
v -0.508917 -0.510892 -0.066624 0.047 0.039 0.031
v -0.542711 -0.585399 -0.077394 0.020 0.016 0.016
v 0.273722 0.617217 0.032942 0.553 0.392 0.314
v 0.102087 0.316561 0.015629 0.902 0.702 0.604
v -0.763578 -0.442842 -0.258475 0.855 0.690 0.549
v 0.461669 0.952660 -0.217458 0.337 0.255 0.200
v -0.028599 0.317523 -0.042678 0.765 0.604 0.525
v -0.126052 -0.608078 0.016799 0.063 0.051 0.047
v -0.017909 -0.739226 0.035158 0.094 0.078 0.086
v -0.557316 -0.509361 -0.141481 0.020 0.016 0.012
v -0.829659 -0.156851 -0.400699 0.667 0.490 0.353
v 0.289042 0.327883 -0.336335 0.808 0.631 0.482
v 0.375392 0.594868 -0.163242 0.788 0.600 0.482
v 0.076769 -0.438657 -0.078417 0.055 0.043 0.039
v 0.198137 0.381981 0.000389 0.878 0.694 0.584
v 0.444902 0.858967 -0.140541 0.345 0.247 0.161
v -0.493653 -0.171391 -0.200748 0.078 0.067 0.051
v 0.166592 0.896147 0.110589 0.965 0.780 0.675
v -0.041724 1.000580 -0.028535 0.627 0.486 0.388
v -0.255355 -0.068667 -0.232740 0.043 0.035 0.024
v -0.130635 0.511862 -0.155974 0.741 0.561 0.467
v 0.053900 -1.009492 -0.046563 0.047 0.043 0.035
v 0.151849 -0.733279 0.042874 0.086 0.075 0.071
v -0.167190 -0.535637 -0.002302 0.051 0.039 0.035
v 0.384460 -0.215113 -0.282055 0.047 0.043 0.027
v -0.523288 -0.112944 -0.254863 0.929 0.776 0.604
v -0.696060 0.016092 -0.361995 0.863 0.659 0.522
v -0.571555 -0.612089 -0.119743 0.020 0.016 0.016
v -0.785177 -0.434014 -0.268335 0.851 0.690 0.549
v -0.095039 0.787836 -0.017182 0.749 0.600 0.518
v 0.072152 0.290164 0.013160 0.929 0.722 0.624
v 0.032033 0.712613 0.098223 0.502 0.349 0.263
v 0.307598 -0.605224 -0.069268 0.051 0.039 0.031
v 0.413810 -0.642084 -0.198454 0.086 0.063 0.059
v -0.054080 0.875802 0.029467 0.831 0.675 0.561
v 0.329200 0.650489 0.010331 0.839 0.678 0.569
v 0.418951 -0.117138 -0.375921 0.031 0.027 0.016
v -0.081516 0.960230 -0.055647 0.557 0.416 0.314
v 0.081573 -0.797101 0.042383 0.090 0.075 0.071
v 0.120004 -0.769768 0.046803 0.098 0.090 0.086
v -0.547328 -0.654920 -0.064899 0.031 0.031 0.031
v -0.190302 -0.057062 -0.224654 0.882 0.710 0.620
v -0.103361 0.417241 -0.116893 0.761 0.584 0.502
v -0.773733 -0.284591 -0.272157 0.875 0.698 0.541
v -0.641785 -0.349974 -0.216319 0.855 0.690 0.525
v 0.101911 0.726737 0.123870 0.925 0.757 0.655
v 0.295373 -0.717042 -0.023237 0.051 0.039 0.039
v -0.085271 0.901291 -0.023228 0.682 0.522 0.420
v -0.083988 0.060218 -0.277952 0.871 0.698 0.541
v 0.326249 -0.010834 -0.436810 0.149 0.129 0.118
v -0.077395 -1.046444 -0.027083 0.039 0.035 0.027
v 0.131230 1.060734 0.001926 0.259 0.196 0.125
v -0.130998 0.711087 -0.133944 0.784 0.604 0.510
v -0.060235 0.484754 -0.009829 0.804 0.620 0.533
v -0.353857 -0.835276 0.005285 0.063 0.043 0.043
v 0.057610 -0.491068 -0.045238 0.051 0.039 0.031
v -0.298681 0.113901 -0.476464 0.863 0.667 0.514
v 0.464078 0.891329 -0.206928 0.314 0.251 0.180
v -0.141531 0.883298 -0.185199 0.314 0.235 0.176
v 0.153883 -0.312705 -0.152788 0.047 0.039 0.027
v 0.620491 -0.854312 -0.359519 0.863 0.647 0.494
v -0.854442 -0.714728 -0.280096 0.820 0.616 0.471
v 0.009238 -0.987475 -0.031453 0.043 0.039 0.035
v -0.741987 -0.009915 -0.376198 0.796 0.600 0.463
v -0.182358 -0.787092 0.034232 0.090 0.078 0.082
v 0.121269 -0.718423 0.045241 0.067 0.051 0.051
v 0.531128 -0.701569 -0.290214 0.878 0.694 0.537
v -0.069666 0.328029 -0.139503 0.576 0.412 0.306
v -0.916859 -0.602077 -0.368245 0.639 0.478 0.357
v -0.004954 -0.023861 -0.277056 0.910 0.725 0.561
v -0.628632 -0.789856 -0.249586 0.227 0.165 0.141
v 0.302594 0.799129 0.071580 0.918 0.741 0.631
v 0.242566 0.090153 -0.370252 0.875 0.702 0.533
v -0.177363 0.738091 -0.307299 0.851 0.647 0.553
v 0.021358 0.690729 0.070677 0.373 0.192 0.125
v -0.061795 0.315978 -0.115042 0.639 0.467 0.369
v 0.255684 -1.072085 -0.146166 0.047 0.047 0.031
v 0.241830 0.963947 0.067165 0.757 0.565 0.467
v -0.325593 -0.681989 0.064762 0.059 0.051 0.055
v 0.391259 0.762361 -0.054774 0.812 0.663 0.549
v 0.622292 -0.168898 -0.405988 0.894 0.714 0.549
v 0.408362 -0.823234 -0.267794 0.125 0.110 0.098
v -0.012817 -0.292585 -0.140210 0.055 0.047 0.039
v -0.034339 -0.518070 -0.024094 0.055 0.039 0.035
v -0.445667 -0.501119 -0.024951 0.043 0.035 0.027
v 0.431446 -0.243405 -0.294062 0.075 0.063 0.051
v -0.552166 -0.620619 -0.079672 0.047 0.039 0.043
v 0.298845 0.379014 -0.169636 0.690 0.537 0.424
v -0.535272 -0.649911 -0.047019 0.035 0.031 0.027
v 0.183166 -0.347516 -0.138349 0.043 0.035 0.027
v 0.230469 -0.855929 -0.009725 0.067 0.063 0.055
v 0.327024 0.438678 -0.182923 0.784 0.612 0.478
v -0.378741 -0.068811 -0.267657 0.035 0.031 0.024
v -0.046426 -0.441208 -0.063118 0.047 0.039 0.031
v 0.072577 -0.920924 -0.013892 0.067 0.059 0.055
v -0.184503 -0.022097 -0.273790 0.898 0.678 0.533
v -0.318129 -0.510107 0.009379 0.055 0.039 0.035
v 0.027400 -0.521881 -0.025818 0.051 0.039 0.031
v 0.210340 -0.698454 0.023451 0.067 0.051 0.047
v -0.125571 0.054285 -0.296736 0.898 0.722 0.565
v -0.794227 -0.086030 -0.368761 0.694 0.506 0.396
v 0.089697 0.175680 -0.225084 0.871 0.718 0.565
v 0.462255 0.825316 -0.229241 0.325 0.251 0.196
v 0.374083 0.638912 -0.108574 0.820 0.624 0.490
v 0.281907 0.855896 0.083926 0.933 0.749 0.635
v 0.135671 -0.856375 0.022839 0.075 0.059 0.055
v 0.399281 0.822782 -0.046605 0.753 0.600 0.498
v -0.152790 -0.951206 -0.007035 0.031 0.027 0.020
v -0.656657 -0.201650 -0.244418 0.902 0.741 0.569
v -0.501662 -0.301390 -0.144554 0.059 0.047 0.035
v 0.307666 -0.832903 -0.056741 0.082 0.075 0.071
v 0.154972 0.242574 -0.219237 0.824 0.671 0.533
v -0.146878 0.097498 -0.319454 0.796 0.627 0.482
v -0.066339 -0.319428 -0.122798 0.043 0.035 0.027
v 0.044358 -0.339760 -0.126452 0.047 0.035 0.027
v 0.263382 -0.974562 -0.109204 0.122 0.106 0.114
v 0.458662 0.902495 -0.185564 0.337 0.271 0.192
v 0.122462 0.743816 0.127960 0.945 0.773 0.671
v -0.128501 0.475789 -0.173639 0.702 0.522 0.427
v 0.430593 -0.849285 -0.272686 0.576 0.439 0.337
v 0.405320 0.528320 -0.279795 0.918 0.690 0.580
v -0.831590 -0.284680 -0.310325 0.784 0.604 0.463
v -0.419059 0.061847 -0.440214 0.031 0.027 0.020
v -0.014680 -0.213588 -0.175511 0.051 0.039 0.031
v 0.226659 -0.984516 -0.090353 0.071 0.051 0.047
v 0.205102 1.060230 0.000650 0.298 0.227 0.137
v 0.385198 0.948516 -0.025145 0.655 0.506 0.404
v -0.770877 -0.595841 -0.267138 0.855 0.682 0.545
v 0.284845 -0.718138 -0.014063 0.059 0.043 0.043
v -0.064360 -0.137364 -0.192664 0.067 0.051 0.035
v 0.266122 -0.622209 -0.032176 0.047 0.035 0.031
v 0.462188 -0.425740 -0.229158 0.922 0.737 0.561
v 0.372584 -0.843690 -0.160224 0.110 0.106 0.098
v -0.877465 -0.374934 -0.350265 0.659 0.498 0.373
v -0.640289 0.048312 -0.400193 0.875 0.671 0.533
v -0.615242 -0.203274 -0.232924 0.922 0.757 0.588
v 0.405792 -0.534463 -0.169106 0.071 0.063 0.067
v -0.700974 -0.806806 -0.234784 0.678 0.525 0.431
v 0.610445 -0.703287 -0.335996 0.871 0.686 0.529
v 0.200633 0.795339 0.118720 0.957 0.784 0.694
v -0.188983 -0.595687 0.025428 0.055 0.047 0.035
v 0.110284 0.245578 -0.009631 0.851 0.627 0.537
v 0.308599 -0.236655 -0.238629 0.039 0.031 0.020
v -0.465708 -0.540251 -0.014573 0.051 0.039 0.031
v 0.080514 0.626048 0.075266 0.729 0.537 0.424
v 0.479022 -0.247713 -0.315711 0.937 0.784 0.620
v -0.026917 -0.639098 0.024522 0.047 0.043 0.035
v 0.586184 -0.125501 -0.453892 0.890 0.714 0.576
v -0.135141 0.592970 -0.227301 0.741 0.553 0.455
v 0.353906 0.587725 -0.076842 0.824 0.620 0.478
v 0.048408 -0.208140 -0.187509 0.059 0.051 0.039
v -0.129279 0.370021 -0.331963 0.737 0.537 0.392
v 0.350151 -0.758144 -0.078968 0.063 0.047 0.039
v 0.109450 -0.793869 0.043954 0.086 0.075 0.078
v 0.061225 -0.345562 -0.125641 0.051 0.043 0.035
v -0.040048 0.153534 -0.254331 0.835 0.678 0.529
v 0.518231 -0.941806 -0.288165 0.871 0.667 0.518
v 0.007800 0.591936 0.040112 0.937 0.741 0.620
v 0.080625 -0.744112 0.046376 0.082 0.075 0.075
v -0.114726 0.254791 -0.297026 0.737 0.576 0.431
v -0.685794 -0.007227 -0.319210 0.918 0.737 0.576
v -0.128582 0.409762 -0.326086 0.733 0.537 0.408
v 0.182338 0.385526 -0.005377 0.604 0.404 0.314
v -0.315046 -0.585297 0.044303 0.047 0.039 0.035
v 0.217826 0.099422 -0.328806 0.839 0.682 0.525
v -0.143640 -0.377978 -0.086519 0.043 0.035 0.027
v -0.294224 -0.290626 -0.117310 0.039 0.031 0.024
v 0.347420 0.648325 -0.032684 0.859 0.698 0.588
v 0.657185 -0.725168 -0.368023 0.831 0.647 0.490
v 0.486340 -0.854213 -0.276458 0.843 0.639 0.494
v 0.121176 -0.493181 -0.049619 0.047 0.039 0.031
v -0.784472 -0.176084 -0.301003 0.839 0.667 0.506
v 0.374872 0.656727 -0.098787 0.843 0.659 0.533
v -0.427723 -0.310038 -0.116240 0.051 0.043 0.035
v 0.424841 -0.762851 -0.283193 0.122 0.063 0.035
v -0.010244 -0.151968 -0.193797 0.067 0.051 0.035
v -0.411651 -0.350241 -0.091863 0.051 0.039 0.027
v 0.330413 -0.528502 -0.109717 0.043 0.035 0.031
v -0.469163 -0.156745 -0.205292 0.035 0.027 0.020
v 0.343587 -0.969280 -0.230914 0.153 0.122 0.114
v -0.899874 -0.458489 -0.386328 0.592 0.439 0.310
v -0.368993 0.000835 -0.326719 0.031 0.027 0.020
v 0.048912 0.233861 -0.031284 0.557 0.361 0.282
v 0.408504 0.892031 -0.057035 0.733 0.584 0.494
v 0.079094 -0.532672 -0.023170 0.063 0.047 0.043
v 0.416727 -0.873824 -0.270469 0.529 0.396 0.306
v 0.350041 0.531312 -0.150629 0.769 0.592 0.475
v -0.390429 -0.875112 -0.027238 0.027 0.024 0.016
v 0.120869 -1.084750 -0.078450 0.031 0.027 0.020
v 0.425067 -0.216650 -0.303867 0.071 0.059 0.043
v 0.569491 -0.807012 -0.326151 0.863 0.675 0.522
v -0.478971 -0.431850 -0.078355 0.047 0.039 0.031
v -0.116990 0.558256 -0.060356 0.753 0.576 0.486
v -0.044999 0.736954 0.072507 0.855 0.678 0.600
v 0.193217 -0.517880 -0.052975 0.047 0.039 0.031
v -0.398414 -0.253551 -0.142682 0.043 0.035 0.027
v 0.425836 -0.735004 -0.268723 0.031 0.016 0.016
v -0.921536 -0.553013 -0.403883 0.569 0.427 0.302
v 0.007632 0.793637 0.098664 0.906 0.725 0.643
v -0.543591 -0.808856 -0.105752 0.027 0.024 0.016
v -0.451365 -0.639254 0.023860 0.063 0.055 0.047
v -0.016783 0.475056 0.026830 0.894 0.702 0.592
v 0.494510 -0.173561 -0.368880 0.918 0.749 0.588
v 0.366364 0.624293 -0.092155 0.831 0.620 0.486
v -0.113010 0.986486 -0.183415 0.337 0.263 0.196
v 0.364809 0.505340 -0.250086 0.894 0.714 0.588
v -0.290029 -0.001879 -0.290513 0.035 0.027 0.024
v 0.224443 -0.684671 0.014788 0.067 0.055 0.051
v -0.770723 -0.252707 -0.276125 0.878 0.702 0.545
v -0.777897 -0.312130 -0.269919 0.867 0.698 0.545
v 0.195758 -0.910443 -0.028961 0.082 0.075 0.067
v -0.341207 -0.750692 0.049482 0.063 0.055 0.059
v 0.388398 -0.430775 -0.177349 0.043 0.039 0.027
v 0.348986 -0.128769 -0.336207 0.039 0.035 0.020
v -0.143789 -0.847647 0.009153 0.043 0.035 0.035
v -0.339033 -0.023979 -0.295244 0.027 0.024 0.020
v 0.293186 -0.535249 -0.084339 0.051 0.039 0.031
v -0.411479 -0.453934 -0.038618 0.055 0.043 0.039
v 0.005513 -0.177567 -0.192277 0.067 0.051 0.039
v 0.258011 0.674690 0.080135 0.796 0.612 0.486
v -0.755100 -0.327591 -0.257964 0.875 0.702 0.553
v 0.541797 -0.506916 -0.279964 0.914 0.745 0.573
v 0.623141 -0.480310 -0.318000 0.914 0.749 0.580
v -0.577074 -0.783234 -0.151283 0.027 0.024 0.016
v -0.619148 -0.816404 -0.227289 0.173 0.137 0.102
v 0.303293 0.783185 0.070708 0.918 0.729 0.624
v 0.256757 -0.115999 -0.289645 0.067 0.055 0.047
v 0.065300 -0.154963 -0.205562 0.059 0.043 0.027
v -0.508407 -0.186630 -0.197434 0.078 0.059 0.047
v 0.478874 -0.142486 -0.390798 0.820 0.690 0.620
v 0.268393 0.286908 -0.314545 0.859 0.678 0.518
v -0.270718 -0.218989 -0.157548 0.035 0.031 0.024
v -0.898014 -0.404058 -0.401976 0.576 0.435 0.302
v 0.368126 0.573650 -0.161010 0.761 0.584 0.475
v -0.124628 0.739528 -0.115517 0.788 0.624 0.529
v -0.669480 -0.078892 -0.264068 0.933 0.773 0.616
v -0.455549 -0.134097 -0.219340 0.035 0.031 0.020
v 0.141737 1.001727 0.064075 0.553 0.427 0.325
v -0.867124 -0.662103 -0.305329 0.804 0.608 0.459
v 0.193930 -0.404434 -0.109308 0.047 0.039 0.027
v -0.143103 0.169570 -0.332484 0.714 0.541 0.392
v 0.388452 -0.782868 -0.155961 0.106 0.082 0.086
v 0.155786 0.506182 0.074655 0.855 0.631 0.541
v -0.610802 -0.745722 -0.212698 0.031 0.016 0.012
v -0.147032 -0.608123 0.020337 0.055 0.047 0.043
v -0.160656 -0.179573 -0.177319 0.047 0.039 0.027
v 0.094365 0.462518 0.122512 0.549 0.310 0.267
v -0.438212 -0.065382 -0.266774 0.039 0.035 0.024
v -0.388762 0.016417 -0.349343 0.020 0.016 0.008
v -0.067257 -0.883217 0.002619 0.039 0.039 0.035
v 0.398014 -0.822967 -0.240357 0.137 0.122 0.098
v 0.490641 -0.596424 -0.269628 0.784 0.627 0.447
v -0.664600 -0.578947 -0.242658 0.714 0.561 0.439
v -0.504380 -0.229365 -0.176742 0.043 0.035 0.027
v -0.543473 -0.482585 -0.131042 0.027 0.024 0.016
v -0.447983 -0.835157 -0.034593 0.071 0.055 0.051
v -0.084078 0.944598 -0.048703 0.616 0.467 0.369
v -0.024050 -0.539947 -0.014543 0.051 0.039 0.035
v -0.140051 -0.928065 -0.004480 0.047 0.043 0.039
v 0.344974 -0.697741 -0.078530 0.047 0.039 0.031
v -0.505370 -0.538769 -0.047690 0.051 0.039 0.035
v 0.242600 0.110740 -0.367357 0.855 0.675 0.506
v 0.380621 0.674793 -0.100946 0.820 0.647 0.533
v -0.141388 0.299309 -0.371422 0.694 0.514 0.373
v 0.351108 0.918947 0.034487 0.753 0.588 0.490
v 0.274518 -0.114474 -0.301182 0.047 0.035 0.027
v -0.414816 -0.272867 -0.134610 0.047 0.035 0.027
v 0.217071 -0.327918 -0.156498 0.043 0.035 0.027
v 0.004395 -0.350025 -0.116473 0.043 0.035 0.027
v -0.464591 -0.874421 -0.070818 0.094 0.071 0.071
v -0.067072 -0.866499 0.005519 0.043 0.039 0.035
v 0.006263 0.990661 0.029821 0.647 0.471 0.384
v 0.308348 0.425705 -0.111479 0.847 0.667 0.545
v 0.335383 -0.268395 -0.228511 0.039 0.035 0.024
v -0.752128 -0.100770 -0.294813 0.855 0.694 0.549
v -0.330780 -0.712854 0.060701 0.043 0.039 0.035
v 0.313478 0.401212 -0.343930 0.773 0.596 0.459
v 0.066192 0.243387 -0.011795 0.643 0.439 0.357
v 0.391107 -0.870711 -0.267311 0.208 0.188 0.173
v 0.322263 -0.021603 -0.416537 0.137 0.114 0.106
v -0.112718 -0.399002 -0.078475 0.051 0.043 0.035
v 0.571344 -0.900958 -0.333304 0.875 0.659 0.514
v -0.716503 -0.613926 -0.256271 0.843 0.671 0.537
v 0.370684 0.743068 -0.023631 0.851 0.686 0.576
v 0.114819 0.210349 -0.216707 0.859 0.718 0.584
v 0.130793 -0.667256 0.032906 0.063 0.047 0.043
v 0.183198 1.051949 0.016042 0.400 0.329 0.243
v -0.322931 -0.811761 0.030281 0.047 0.039 0.035
v 0.449142 0.958364 -0.181329 0.353 0.278 0.212
v 0.213312 0.442711 0.026816 0.914 0.722 0.620
v 0.416510 -0.769316 -0.255426 0.035 0.020 0.016
v -0.761284 -0.056485 -0.333014 0.808 0.616 0.490
v 0.730117 -0.329534 -0.395131 0.851 0.675 0.518
v 0.241602 0.177092 -0.330284 0.831 0.647 0.482
v -0.469988 -0.492624 -0.041897 0.051 0.043 0.035
v -0.515814 -0.723931 -0.036390 0.047 0.047 0.047
v -0.059081 -0.225023 -0.165411 0.055 0.039 0.031
v 0.300815 -0.464402 -0.116498 0.051 0.047 0.035
v 0.534165 -0.369097 -0.293669 0.941 0.780 0.612
v -0.867768 -0.261485 -0.390462 0.627 0.455 0.341
v 0.499164 -0.139029 -0.399899 0.922 0.737 0.584
v 0.581054 -0.550867 -0.301072 0.898 0.729 0.565
v 0.234659 0.944416 0.076878 0.918 0.718 0.620
v 0.737871 -0.309758 -0.427192 0.835 0.659 0.498
v -0.244379 0.019614 -0.330738 0.890 0.718 0.561
v 0.313112 -0.436292 -0.134014 0.047 0.039 0.035
v -0.386262 -0.110252 -0.235936 0.031 0.027 0.020
v 0.165253 -0.086970 -0.279617 0.918 0.725 0.569
v 0.027477 0.415955 0.049668 0.643 0.365 0.322
v 0.060287 -0.117221 -0.235433 0.953 0.749 0.588
v 0.234212 0.212818 -0.302485 0.859 0.686 0.522
v -0.495127 -0.082364 -0.260230 0.278 0.192 0.153
v -0.048025 0.543417 0.018055 0.894 0.686 0.580
v -0.179770 0.196772 -0.420719 0.761 0.565 0.404
v 0.373220 0.612059 -0.127865 0.816 0.624 0.490
v 0.493022 -0.437957 -0.253178 0.882 0.706 0.514
v -0.242112 -0.011006 -0.275533 0.808 0.612 0.498
v -0.695618 -0.503314 -0.242364 0.871 0.706 0.565
v 0.452426 0.663860 -0.258042 0.953 0.729 0.635
v 0.366239 -0.494680 -0.142399 0.043 0.035 0.027
v 0.424473 -0.320339 -0.242826 0.090 0.071 0.055
v 0.027847 0.910132 0.080925 0.906 0.722 0.620
v -0.270193 -0.280273 -0.123917 0.039 0.035 0.027
v -0.206847 0.116647 -0.384881 0.831 0.639 0.471
v 0.374117 -0.270276 -0.242989 0.039 0.035 0.024
v -0.341597 -0.452636 -0.027571 0.047 0.039 0.035
v 0.280067 -0.104925 -0.311626 0.047 0.043 0.027
v -0.359956 -0.047328 -0.281290 0.031 0.027 0.020
v -0.421445 -0.369990 -0.084716 0.055 0.043 0.035
v 0.015271 -1.037793 -0.043495 0.043 0.043 0.035
v 0.637198 -0.893835 -0.375185 0.855 0.627 0.478
v -0.107247 0.726501 -0.053238 0.796 0.647 0.541
v -0.380571 -0.634767 0.050051 0.059 0.055 0.047
v -0.081998 -0.470470 -0.043263 0.055 0.047 0.043
v -0.132180 0.597365 -0.120344 0.690 0.502 0.404
v -0.371326 -0.149928 -0.208272 0.039 0.035 0.027
v 0.189140 -0.096739 -0.269930 0.725 0.588 0.514
v 0.283635 -1.080471 -0.182787 0.075 0.059 0.047
v -0.213137 -0.356626 -0.089562 0.043 0.039 0.031
v -0.419196 -0.485173 -0.022689 0.047 0.039 0.031
v -0.127844 0.718251 -0.121533 0.804 0.631 0.533
v -0.040072 0.722080 0.067352 0.745 0.565 0.482
v -0.082179 0.486381 -0.041046 0.765 0.600 0.514
v -0.156509 0.637636 -0.254234 0.765 0.525 0.420
v 0.429396 -0.683218 -0.250800 0.059 0.043 0.043
v 0.444622 0.748886 -0.212439 0.408 0.314 0.239
v -0.764725 -0.031221 -0.387580 0.745 0.549 0.427
v 0.220399 -1.046557 -0.111066 0.039 0.031 0.024
v -0.709633 -0.754292 -0.274496 0.686 0.533 0.431
v 0.239913 -0.431252 -0.107247 0.047 0.039 0.031
v -0.119624 0.962853 -0.172978 0.337 0.255 0.188
v 0.404240 -0.189484 -0.311860 0.035 0.031 0.016
v 0.310713 0.032153 -0.473271 0.882 0.698 0.533
v 0.023521 1.071804 -0.061937 0.294 0.220 0.153
v -0.115075 -0.944769 -0.008690 0.031 0.027 0.024
v 0.197673 -0.860235 0.004575 0.075 0.063 0.059
v 0.184386 -0.592643 -0.010824 0.059 0.043 0.039
v 0.223791 0.918493 0.090329 0.945 0.761 0.651
v -0.522244 -0.666294 -0.031103 0.047 0.043 0.035
v 0.180579 0.320779 -0.023541 0.906 0.737 0.624
v -0.886172 -0.307542 -0.408661 0.592 0.439 0.302
v 0.301496 -0.050819 -0.372694 0.075 0.063 0.043
v -0.533843 -0.751447 -0.072661 0.039 0.031 0.035
v -0.242533 -0.612436 0.042138 0.051 0.039 0.035
v 0.585527 -0.230606 -0.337657 0.933 0.769 0.600
v 0.623037 -0.157641 -0.423969 0.886 0.702 0.533
v 0.301459 -1.076409 -0.216011 0.165 0.157 0.161
v -0.303222 -0.050491 -0.262619 0.035 0.031 0.016
v 0.166537 -0.863442 0.014282 0.082 0.071 0.071
v 0.323474 0.477931 -0.100247 0.769 0.608 0.482
v 0.174617 -0.528001 -0.042882 0.055 0.039 0.035
v 0.409515 -0.451805 -0.183901 0.051 0.047 0.035
v 0.552989 -0.530222 -0.285660 0.914 0.745 0.580
v -0.036962 0.220275 -0.241325 0.722 0.549 0.431
v 0.347444 -0.356595 -0.187383 0.055 0.051 0.035
v 0.008978 -0.227719 -0.173124 0.047 0.039 0.031
v 0.695851 -0.203322 -0.446048 0.851 0.671 0.514
v 0.618986 -0.377316 -0.316290 0.925 0.765 0.596
v -0.344448 -0.040859 -0.283720 0.027 0.024 0.016
v 0.365983 0.962050 -0.005672 0.561 0.439 0.325
v 0.562982 -0.785345 -0.319524 0.867 0.675 0.522
v -0.818505 -0.147373 -0.362677 0.706 0.514 0.384
v -0.166646 -0.205730 -0.166216 0.047 0.039 0.031
v 0.229525 0.273606 -0.264835 0.871 0.698 0.553
v -0.087536 0.190849 -0.272343 0.776 0.616 0.475
v -0.124972 0.484356 -0.139022 0.765 0.580 0.490
v 0.311866 -0.703678 -0.040821 0.063 0.047 0.043
v -0.254215 -0.296252 -0.116945 0.047 0.039 0.031
v 0.414778 -0.363612 -0.214568 0.067 0.051 0.039
v 0.147632 0.037851 -0.294189 0.898 0.737 0.592
v 0.393440 -0.177588 -0.315250 0.039 0.035 0.024
v 0.310401 -0.878849 -0.086236 0.129 0.106 0.106
v 0.690891 -0.410267 -0.350665 0.882 0.710 0.533
v 0.430304 -0.886886 -0.262964 0.631 0.486 0.380
v -0.409426 -0.239270 -0.153227 0.047 0.035 0.027
v 0.335794 -0.946007 -0.183778 0.137 0.106 0.098
v 0.150872 0.813669 0.123817 0.965 0.792 0.690
v 0.050110 -0.752158 0.043042 0.078 0.067 0.071
v -0.563452 -0.022422 -0.305171 0.945 0.773 0.612
v 0.294042 -0.619361 -0.053669 0.055 0.039 0.039
v -0.839281 -0.553804 -0.300065 0.812 0.639 0.498
v 0.454010 0.724360 -0.296512 0.290 0.227 0.173
v -0.141470 0.711302 -0.181333 0.620 0.471 0.392
v -0.017101 -0.168896 -0.191418 0.051 0.031 0.020
v -0.732077 -0.165290 -0.271100 0.882 0.718 0.553
v 0.073054 0.782491 0.121035 0.957 0.780 0.686
v 0.685349 -0.192699 -0.439943 0.863 0.682 0.529
v 0.676497 -0.658675 -0.367946 0.824 0.651 0.498
v 0.172700 -0.331493 -0.145277 0.047 0.039 0.031
v -0.076247 -0.732645 0.032630 0.063 0.055 0.059
v 0.565637 -0.315792 -0.308048 0.937 0.784 0.616
v 0.051333 -0.608111 0.012461 0.059 0.043 0.039
v -0.100730 -0.657979 0.028207 0.059 0.051 0.059
v -0.078837 0.567699 0.001297 0.867 0.659 0.545
v -0.123429 0.412521 -0.310924 0.749 0.549 0.412
v -0.781112 -0.734432 -0.261800 0.835 0.655 0.522
v 0.180105 0.191838 -0.264270 0.914 0.765 0.608
v 0.098028 -0.698281 0.042300 0.067 0.055 0.055
v 0.012806 0.122400 -0.244810 0.847 0.678 0.529
v -0.694519 0.032770 -0.424289 0.808 0.596 0.459
v -0.194822 -0.639861 0.039251 0.055 0.047 0.043
v -0.727124 -0.193107 -0.265840 0.886 0.718 0.561
v -0.732444 -0.059774 -0.299203 0.878 0.710 0.553
v 0.113392 0.446870 0.073487 0.878 0.675 0.580
v 0.014264 1.076318 -0.087741 0.255 0.180 0.125
v 0.710934 -0.262106 -0.388252 0.867 0.694 0.529
v 0.012349 -0.430778 -0.077207 0.055 0.043 0.039
v 0.369135 0.864233 0.007532 0.863 0.710 0.596
v -0.020151 -0.345457 -0.115432 0.051 0.043 0.035
v 0.444330 0.823802 -0.152302 0.490 0.384 0.298
v 0.276955 0.709133 0.089429 0.643 0.475 0.404
v -0.912257 -0.502776 -0.413871 0.565 0.420 0.298
v 0.432135 -0.704908 -0.278355 0.020 0.008 0.008
v 0.078164 0.650598 0.066758 0.639 0.490 0.400
v 0.025881 -0.244276 -0.168107 0.055 0.043 0.031
v -0.478746 -0.133968 -0.219986 0.067 0.059 0.047
v 0.110988 -0.263989 -0.170654 0.047 0.043 0.031
v 0.033531 0.295198 0.004477 0.925 0.725 0.624
v -0.155065 0.699222 -0.316888 0.816 0.647 0.553
v 0.301062 0.420661 -0.094674 0.859 0.682 0.565
v -0.830170 -0.235167 -0.324561 0.757 0.573 0.435
v -0.842601 -0.616228 -0.295715 0.820 0.631 0.482
v 0.743494 -0.361169 -0.443740 0.780 0.612 0.447
v -0.204128 0.648346 -0.335720 0.843 0.580 0.502
v 0.234526 0.987379 0.058722 0.541 0.412 0.322
v 0.221326 -0.123957 -0.267527 0.047 0.035 0.020
v -0.022036 1.077050 -0.129665 0.306 0.235 0.173
v -0.466846 -0.341209 -0.112947 0.055 0.043 0.035
v 0.286505 0.635132 0.030781 0.361 0.212 0.133
v -0.474932 -0.398811 -0.091307 0.043 0.031 0.024
v 0.169696 -0.915903 -0.022764 0.082 0.067 0.067
v -0.030111 -0.911193 -0.004066 0.043 0.039 0.031
v 0.279808 1.032236 -0.001443 0.357 0.302 0.227
v -0.065647 -0.498623 -0.030669 0.051 0.043 0.039
v -0.014687 1.003143 -0.005228 0.694 0.549 0.455
v 0.072300 0.454295 0.081792 0.729 0.561 0.482
v 0.647740 -0.548733 -0.334424 0.890 0.722 0.549
v -0.849923 -0.670794 -0.292447 0.824 0.624 0.478
v 0.182570 0.443690 0.036031 0.918 0.737 0.624
v -0.229086 -0.148478 -0.192916 0.039 0.035 0.027
v -0.154417 -0.465936 -0.039928 0.051 0.039 0.031
v -0.318383 -0.243755 -0.143950 0.035 0.031 0.024
v -0.083492 0.348837 -0.155800 0.576 0.412 0.306
v 0.324486 0.431044 -0.195816 0.729 0.573 0.455
v 0.009218 0.668859 0.050059 0.729 0.612 0.459
v -0.475791 -0.740802 -0.002127 0.094 0.078 0.075
v -0.567124 -0.691194 -0.108252 0.039 0.035 0.027
v -0.914688 -0.671941 -0.345875 0.749 0.557 0.408
v 0.331503 -0.995093 -0.234202 0.102 0.078 0.078
v -0.692121 -0.489670 -0.240496 0.863 0.690 0.553
v 0.029424 1.089940 -0.095757 0.282 0.220 0.157
v 0.256389 0.816831 0.098574 0.937 0.753 0.647
v -0.166554 -0.675960 0.037728 0.075 0.059 0.063
v 0.138920 0.894145 0.112228 0.973 0.796 0.694
v -0.092219 0.935980 -0.060507 0.580 0.451 0.349
v 0.275099 -0.520062 -0.081869 0.051 0.039 0.031
v -0.177482 -0.359471 -0.091935 0.047 0.039 0.035
v 0.713994 -0.230788 -0.434701 0.847 0.671 0.518
v -0.630737 -0.733696 -0.253895 0.039 0.024 0.024
v -0.627685 -0.824164 -0.247586 0.161 0.125 0.094
v -0.626009 0.051359 -0.402661 0.882 0.678 0.545
v -0.489077 0.038914 -0.365340 0.294 0.204 0.145
v 0.270919 -0.926954 -0.084573 0.102 0.094 0.078
v -0.236409 -0.046753 -0.234064 0.078 0.051 0.043
v -0.044296 -0.428066 -0.070739 0.051 0.039 0.035
v -0.700691 0.027754 -0.411543 0.812 0.600 0.471
v -0.181638 -0.500487 -0.017017 0.047 0.035 0.031
v 0.126341 0.045744 -0.282590 0.894 0.741 0.580
v 0.175362 0.970630 0.079824 0.906 0.710 0.620
v -0.909684 -0.691223 -0.336189 0.769 0.553 0.416
v -0.035745 -0.608534 0.013841 0.051 0.039 0.039
v -0.097854 0.886834 -0.041675 0.655 0.498 0.408
v -0.666401 -0.808684 -0.295719 0.227 0.161 0.122
v -0.042780 -0.403543 -0.083384 0.047 0.039 0.031
v -0.865668 -0.556637 -0.318202 0.765 0.584 0.443
v 0.270804 0.370217 -0.085854 0.863 0.675 0.557
v -0.079428 0.983366 -0.071010 0.529 0.404 0.310
v -0.785108 -0.340205 -0.270392 0.867 0.694 0.545
v 0.174791 0.261866 -0.215751 0.761 0.612 0.490
v -0.322805 -0.381542 -0.068484 0.047 0.035 0.027
v 0.117971 -0.887695 0.006484 0.075 0.059 0.059
v -0.546531 -0.517577 -0.121425 0.031 0.024 0.024
v 0.067800 0.491892 0.131424 0.725 0.553 0.510
v 0.018259 -0.416341 -0.085756 0.051 0.043 0.039
v 0.408070 0.689035 -0.162191 0.639 0.514 0.412
v 0.032824 0.054086 -0.263413 0.906 0.745 0.588
v 0.213231 -0.532205 -0.052268 0.051 0.035 0.031
v -0.146030 -0.877451 0.004163 0.035 0.035 0.031
v -0.857341 -0.348811 -0.325487 0.729 0.557 0.431
v 0.230191 0.154320 -0.320307 0.831 0.667 0.498
v 0.361271 -0.155688 -0.319133 0.035 0.027 0.016
v 0.621097 -0.146756 -0.442646 0.894 0.718 0.576
v 0.296143 0.017883 -0.430897 0.894 0.722 0.549
v 0.523523 -0.386767 -0.286049 0.929 0.761 0.584
v 0.460598 0.751731 -0.306805 0.259 0.204 0.161
v 0.175320 -0.570636 -0.020402 0.055 0.043 0.039
v -0.051285 -0.651640 0.027026 0.055 0.047 0.043
v 0.431234 -0.093129 -0.404976 0.035 0.035 0.016
v 0.109216 0.945421 0.091268 0.953 0.776 0.667
v 0.473309 0.640127 -0.311996 0.922 0.690 0.580
v 0.476532 -0.454718 -0.233131 0.878 0.706 0.525
v -0.291407 -0.338471 -0.092121 0.047 0.039 0.031
v 0.166206 0.564087 0.065541 0.906 0.725 0.604
v -0.696719 -0.838559 -0.176269 0.745 0.576 0.471
v 0.492952 -0.673433 -0.277081 0.824 0.643 0.482
v 0.176108 -0.260309 -0.185431 0.043 0.039 0.027
v 0.436436 0.981943 -0.170060 0.400 0.329 0.267
v 0.419755 -0.705532 -0.230941 0.086 0.078 0.090
v 0.461620 -0.599285 -0.266678 0.553 0.416 0.298
v -0.137560 0.269776 -0.343675 0.702 0.529 0.376
v -0.157420 -0.426029 -0.060177 0.043 0.039 0.031
v -0.143051 0.853829 -0.183548 0.286 0.208 0.137
v -0.712979 -0.733903 -0.274683 0.718 0.553 0.451
v -0.142924 -0.519251 -0.014806 0.051 0.043 0.035
v -0.138363 0.665510 -0.231960 0.788 0.612 0.502
v -0.720030 -0.679491 -0.264399 0.827 0.655 0.525
v 0.118996 0.407621 0.063362 0.788 0.424 0.380
v 0.441186 -0.278009 -0.285674 0.200 0.184 0.173
v 0.266677 0.925256 0.073910 0.933 0.737 0.631
v 0.432489 0.730484 -0.191746 0.475 0.365 0.278
v -0.009473 0.496262 0.032119 0.894 0.694 0.584
v 0.162771 1.013446 0.056037 0.427 0.333 0.247
v -0.028722 -0.251317 -0.157556 0.047 0.039 0.027
v -0.511003 -0.855254 -0.094402 0.039 0.020 0.016
v -0.221793 -0.639916 0.045082 0.059 0.051 0.051
v 0.392103 -0.880423 -0.278107 0.145 0.122 0.102
v 0.275758 0.099573 -0.434781 0.851 0.647 0.475
v -0.145234 0.769147 -0.179109 0.416 0.306 0.231
v 0.535678 -1.041911 -0.312296 0.882 0.675 0.533
v 0.242064 -0.627791 -0.016397 0.055 0.039 0.031
v 0.393279 0.730429 -0.087997 0.788 0.635 0.518
v 0.159722 0.947047 0.091640 0.961 0.776 0.667
v 0.342211 -0.890256 -0.135022 0.114 0.094 0.078
v 0.010297 0.545578 0.042921 0.937 0.725 0.612
v 0.613180 -0.188762 -0.377093 0.910 0.729 0.565
v -0.176015 0.638806 -0.305214 0.714 0.451 0.345
v -0.357006 -0.394670 -0.063084 0.051 0.039 0.031
v -0.092242 -1.047432 -0.026157 0.031 0.027 0.020
v -0.117632 0.614313 -0.047813 0.780 0.588 0.486
v 0.519456 -0.449288 -0.272789 0.910 0.729 0.545
v 0.020752 -0.600411 0.009793 0.051 0.039 0.031
v -0.033960 0.920827 0.033251 0.863 0.698 0.588
v -0.364702 0.031688 -0.368181 0.027 0.024 0.016
v -0.024191 0.839544 0.067282 0.890 0.718 0.624
v 0.388674 0.665148 -0.131017 0.749 0.600 0.494
v -0.115524 0.330915 -0.298610 0.741 0.561 0.412
v -0.156404 -0.263656 -0.141473 0.043 0.039 0.031
v 0.121368 0.599568 0.100477 0.941 0.745 0.651
v -0.634589 -0.685321 -0.243850 0.024 0.008 0.004
v 0.441080 -0.211803 -0.323064 0.071 0.067 0.051
v 0.015685 -0.270769 -0.154504 0.047 0.039 0.031
v -0.092137 0.619706 -0.007611 0.867 0.659 0.541
v 0.466010 -0.306387 -0.281116 0.933 0.780 0.616
v 0.659767 -0.781780 -0.378781 0.847 0.655 0.494
v 0.259725 0.836109 0.096480 0.937 0.753 0.643
v -0.065591 0.740387 0.054324 0.824 0.659 0.588
v -0.127502 0.000699 -0.284536 0.933 0.745 0.588
v 0.075860 -0.258552 -0.167711 0.047 0.043 0.027
v -0.673354 -0.777845 -0.297661 0.314 0.227 0.180
v -0.187781 0.176654 -0.413271 0.769 0.576 0.420
v -0.526274 -0.043163 -0.293645 0.945 0.776 0.616
v 0.493280 -1.097940 -0.291832 0.859 0.663 0.533
v 0.375395 -0.730325 -0.112952 0.059 0.043 0.031
v -0.091920 0.913349 -0.041306 0.584 0.439 0.341
v 0.047047 0.346124 0.027497 0.733 0.576 0.486
v -0.534688 -0.616913 -0.050229 0.047 0.043 0.035
v -0.197764 -0.844195 0.012399 0.047 0.047 0.039
v 0.285302 0.082403 -0.453078 0.863 0.671 0.498
v 0.210470 0.587946 0.041500 0.847 0.643 0.533
v -0.930191 -0.673046 -0.363434 0.753 0.561 0.416
v 0.468931 -1.055025 -0.274353 0.859 0.663 0.533
v -0.117589 -0.587050 0.009446 0.055 0.047 0.039
v -0.633982 0.013684 -0.334573 0.929 0.733 0.580
v -0.420660 -0.644644 0.038510 0.055 0.051 0.047
v 0.050089 -0.649412 0.028233 0.051 0.043 0.039
v 0.232313 -0.882774 -0.027305 0.090 0.075 0.075
v 0.266387 0.787701 0.093465 0.933 0.749 0.647
v -0.294944 -0.841720 0.014298 0.059 0.051 0.047
v 0.023433 0.727212 0.106408 0.529 0.380 0.298
v 0.200489 -0.204907 -0.219583 0.043 0.035 0.024
v 0.038393 0.248177 -0.192859 0.424 0.294 0.200
v -0.577999 0.048348 -0.387007 0.929 0.729 0.576
v -0.339356 0.035703 -0.358418 0.031 0.020 0.012
v 0.446566 -0.290547 -0.281962 0.882 0.757 0.659
v -0.121593 0.454139 -0.144101 0.749 0.565 0.478
v -0.401583 -0.799452 0.005746 0.078 0.051 0.051
v 0.026819 0.517155 0.045753 0.792 0.596 0.510
v 0.175118 1.072779 -0.013063 0.251 0.180 0.102
v 0.402981 -0.416066 -0.188109 0.051 0.043 0.031
v 0.290724 -0.557458 -0.074670 0.055 0.039 0.035
v 0.278903 -0.331758 -0.170452 0.043 0.039 0.027
v -0.038596 0.640477 0.032066 0.816 0.624 0.498
v 0.164431 0.681977 0.107001 0.796 0.620 0.525
v 0.344843 0.680371 -0.000407 0.816 0.643 0.541
v -0.227294 -0.744857 0.047306 0.090 0.078 0.078
v 0.153023 1.046429 0.023650 0.298 0.227 0.149
v 0.236741 0.149499 -0.336187 0.820 0.651 0.486
v -0.012280 0.735454 0.089789 0.702 0.525 0.443
v 0.019855 1.031631 0.001045 0.427 0.314 0.224
v -0.050274 -0.500187 -0.031141 0.051 0.039 0.035
v 0.343062 -0.140205 -0.323156 0.035 0.027 0.016
v -0.146510 0.784305 -0.184817 0.373 0.271 0.188
v 0.566746 -0.567369 -0.295551 0.902 0.729 0.565
v -0.534425 -0.553351 -0.081151 0.047 0.047 0.047
v -0.447385 -0.079657 -0.254648 0.035 0.027 0.020
v -0.348710 -0.700741 0.060027 0.047 0.043 0.043
v -0.222182 -0.269474 -0.132813 0.043 0.039 0.031
v 0.187628 0.035616 -0.319306 0.894 0.737 0.584
v -0.307661 -0.101448 -0.232843 0.031 0.027 0.020
v 0.162234 -0.616548 0.008302 0.055 0.043 0.035
v 0.309252 1.054910 -0.059166 0.235 0.184 0.118
v -0.555084 -0.210757 -0.209475 0.929 0.769 0.600
v -0.193390 0.635534 -0.317442 0.765 0.490 0.424
v 0.169235 0.373393 -0.001269 0.890 0.675 0.588
v -0.268978 -0.693443 0.060799 0.063 0.055 0.055
v -0.777884 -0.205166 -0.289366 0.859 0.682 0.518
v 0.248358 1.074552 -0.035829 0.333 0.278 0.204
v -0.481076 -0.900299 -0.088353 0.102 0.071 0.063
v -0.211112 0.081195 -0.364682 0.855 0.675 0.506
v -0.406558 -0.216176 -0.166788 0.039 0.035 0.024
v -0.503373 0.046234 -0.389889 0.906 0.710 0.600
v -0.101849 0.814095 -0.038052 0.753 0.604 0.514
v 0.023918 -0.778277 0.035826 0.094 0.078 0.082
v -0.760460 -0.269987 -0.268152 0.882 0.714 0.549
v -0.115690 -0.519039 -0.018715 0.047 0.039 0.031
v -0.564536 -0.834432 -0.136424 0.090 0.063 0.051
v 0.528240 -1.087914 -0.307651 0.871 0.659 0.518
v 0.274355 0.267281 -0.353133 0.780 0.604 0.447
v -0.245612 -0.000810 -0.297683 0.867 0.671 0.525
v -0.688330 0.007971 -0.342210 0.882 0.694 0.557
v 0.631386 -0.628228 -0.337246 0.871 0.710 0.541
v 0.119969 -0.084466 -0.271178 0.937 0.745 0.584
v 0.560056 -0.834017 -0.323421 0.859 0.663 0.514
v 0.249803 -0.459024 -0.098105 0.051 0.043 0.035
v 0.439072 -0.334101 -0.250046 0.890 0.729 0.584
v 0.502272 -0.804752 -0.285453 0.847 0.655 0.502
v 0.460928 -0.359181 -0.254046 0.914 0.745 0.573
v 0.203847 0.361104 -0.014572 0.910 0.741 0.635
v 0.034451 0.686340 0.072948 0.427 0.239 0.161
v -0.134783 -0.091238 -0.207053 0.882 0.722 0.639
v 0.088449 -0.191773 -0.200935 0.059 0.043 0.027
v -0.121954 0.443763 -0.184767 0.663 0.494 0.396
v -0.252930 0.096019 -0.400291 0.855 0.667 0.506
v -0.744255 -0.681597 -0.265958 0.855 0.682 0.545
v -0.109050 0.639588 -0.034509 0.804 0.608 0.494
v -0.040822 -0.110060 -0.226461 0.941 0.745 0.584
v 0.229803 1.083840 -0.043547 0.322 0.247 0.169
v 0.083833 1.006421 0.052506 0.549 0.412 0.318
v -0.128742 -0.148210 -0.187950 0.055 0.039 0.031
v 0.158408 0.180379 -0.255448 0.922 0.765 0.608
v 0.484512 -0.391245 -0.259145 0.925 0.753 0.569
v -0.316134 0.076238 -0.404230 0.110 0.082 0.063
v 0.376898 -0.903373 -0.261178 0.149 0.110 0.106
v -0.730763 -0.840821 -0.178070 0.804 0.612 0.498
v 0.405167 -0.713003 -0.191964 0.067 0.043 0.043
v -0.148588 0.212984 -0.358057 0.690 0.514 0.365
v -0.220337 -0.500675 -0.008655 0.051 0.035 0.031
v -0.425614 -0.516707 -0.006895 0.055 0.039 0.039
v -0.041092 0.489645 0.010941 0.847 0.643 0.545
v 0.057886 -0.560293 -0.008245 0.051 0.043 0.035
v 0.000358 -0.933048 -0.013509 0.039 0.035 0.035
v 0.048530 0.512877 0.098012 0.827 0.627 0.545
v 0.183437 -0.050138 -0.316256 0.882 0.706 0.549
v -0.089423 0.452583 -0.072762 0.761 0.588 0.510
v -0.054613 -0.817095 0.023912 0.059 0.055 0.055
v 0.483278 -1.026200 -0.272806 0.859 0.663 0.529
v -0.501844 -0.467410 -0.081568 0.047 0.035 0.027
v -0.509477 -0.064847 -0.280405 0.922 0.765 0.624
v 0.024884 0.238071 -0.047420 0.498 0.310 0.216
v 0.419239 0.550329 -0.296879 0.918 0.655 0.553
v 0.077472 0.256272 -0.175884 0.596 0.471 0.373
v -0.260927 -0.930681 -0.002958 0.035 0.031 0.024
v 0.464747 0.883395 -0.237190 0.224 0.169 0.118
v 0.208182 -0.449998 -0.089228 0.051 0.043 0.031
v 0.183599 0.948840 0.088103 0.945 0.761 0.651
v 0.170538 -0.899063 -0.012279 0.078 0.059 0.059
v 0.161159 -1.056076 -0.087614 0.035 0.031 0.024
v 0.143254 0.505394 0.105177 0.851 0.639 0.553
v 0.271951 0.145345 -0.427798 0.835 0.631 0.467
v -0.665652 -0.690230 -0.269411 0.467 0.365 0.290
v 0.310276 -0.003553 -0.432696 0.871 0.702 0.569
v -0.611947 -0.283308 -0.207710 0.855 0.678 0.514
v -0.006096 0.653375 0.045057 0.349 0.251 0.165
v -0.770250 -0.132641 -0.301251 0.839 0.667 0.502
v -0.541404 -0.176329 -0.222367 0.933 0.780 0.608
v 0.014304 -0.693556 0.039194 0.055 0.039 0.035
v 0.042778 0.326089 0.014865 0.843 0.655 0.553
v 0.223262 1.074919 -0.026365 0.361 0.290 0.204
v -0.257645 -0.512736 0.004069 0.051 0.039 0.031
v -0.755979 -0.293322 -0.262523 0.882 0.710 0.557
v 0.110819 0.266176 0.002757 0.894 0.678 0.580
v 0.369307 0.669650 -0.073547 0.855 0.682 0.565
v 0.385106 0.571857 -0.229229 0.937 0.780 0.643
v 0.065327 0.263420 0.004858 0.804 0.565 0.482
v 0.049874 0.579294 0.066366 0.851 0.659 0.557
v 0.509186 -0.552277 -0.269015 0.851 0.667 0.486
v 0.134661 -1.028174 -0.073887 0.039 0.031 0.024
v -0.125698 0.513849 -0.127229 0.769 0.588 0.498
v 0.095128 0.462867 0.099102 0.620 0.396 0.369
v 0.365270 0.578065 -0.131616 0.812 0.624 0.498
v -0.522340 -0.211840 -0.188714 0.078 0.059 0.043
v 0.368155 0.720427 -0.033987 0.855 0.698 0.584
v 0.331323 0.495039 -0.114609 0.792 0.620 0.502
v -0.148673 0.746485 -0.188112 0.443 0.314 0.243
v 0.405971 -0.560593 -0.168212 0.067 0.063 0.059
v 0.329254 0.702972 0.040535 0.878 0.718 0.624
v -0.140330 -0.195210 -0.171871 0.051 0.039 0.031
v -0.159131 -0.087660 -0.204239 0.075 0.051 0.039
v -0.624226 -0.691849 -0.227978 0.039 0.027 0.020
v 0.388323 0.792916 -0.034436 0.800 0.647 0.537
v -0.486322 -0.144609 -0.215273 0.063 0.047 0.035
v 0.040911 0.470083 0.058211 0.796 0.624 0.533
v -0.785557 -0.579248 -0.272432 0.851 0.675 0.541
v 0.057777 -0.941936 -0.022997 0.043 0.039 0.031
v 0.342092 1.073249 -0.112630 0.282 0.263 0.184
v -0.489658 -0.796544 -0.042295 0.086 0.059 0.051
v -0.935548 -0.618672 -0.402807 0.608 0.451 0.329
v -0.685996 -0.451622 -0.236146 0.878 0.725 0.576
v -0.655088 -0.720025 -0.284220 0.302 0.216 0.173
v -0.717252 -0.454096 -0.242074 0.863 0.698 0.553
v 0.219118 0.547112 0.038197 0.945 0.733 0.620
v 0.279561 0.287404 -0.365545 0.741 0.561 0.420
v -0.614629 -0.838756 -0.218972 0.188 0.282 0.153
v 0.034623 0.532788 0.056141 0.753 0.561 0.475
v -0.064359 -0.055875 -0.255124 0.941 0.737 0.573
v 0.457808 0.742610 -0.294725 0.302 0.239 0.188
v -0.573240 0.056916 -0.408347 0.906 0.702 0.553
v 0.592508 -0.581872 -0.310071 0.894 0.725 0.561
v 0.458243 0.929212 -0.187759 0.318 0.243 0.176
v 0.109001 -1.001188 -0.059237 0.039 0.035 0.027
v -0.707654 -0.029169 -0.307599 0.890 0.714 0.573
v 0.080221 0.230628 -0.032096 0.604 0.427 0.353
v -0.555606 -0.754200 -0.109037 0.031 0.020 0.020
v -0.152888 0.194769 -0.361574 0.686 0.510 0.361
v -0.716810 -0.048807 -0.297086 0.894 0.722 0.576
v 0.305315 1.007060 0.005139 0.302 0.247 0.176
v -0.179468 -0.347602 -0.097610 0.047 0.039 0.031
v -0.082670 -0.937122 -0.008681 0.035 0.035 0.027
v 0.423357 0.890255 -0.088581 0.671 0.529 0.431
v -0.556606 -0.344791 -0.166787 0.071 0.047 0.039
v -0.808795 -0.103874 -0.392092 0.682 0.494 0.365
v -0.266796 -0.389189 -0.066654 0.047 0.039 0.031
v -0.203345 -0.008229 -0.295983 0.890 0.690 0.529
v -0.132547 -0.179021 -0.177720 0.051 0.039 0.031
v -0.397572 -0.776728 0.018551 0.078 0.063 0.059
v -0.020098 -0.396653 -0.090161 0.043 0.039 0.031
v -0.022394 0.922597 0.042187 0.859 0.686 0.580
v 0.018259 0.103818 -0.251082 0.839 0.675 0.518
v 0.140945 0.791565 0.125460 0.965 0.788 0.694
v 0.051230 0.691382 0.087747 0.525 0.349 0.259
v 0.196178 0.954145 0.082769 0.945 0.761 0.655
v -0.198429 0.696900 -0.327691 0.824 0.569 0.482
v 0.213551 1.000309 0.057831 0.537 0.424 0.329
v 0.106971 -0.153359 -0.214330 0.059 0.047 0.031
v 0.389057 -0.851181 -0.239207 0.122 0.110 0.090
v -0.175381 -0.406085 -0.068522 0.055 0.043 0.039
v -0.041537 0.850257 0.049152 0.890 0.722 0.624
v 0.298134 0.381995 -0.316484 0.867 0.678 0.533
v 0.276011 0.773705 0.088199 0.922 0.745 0.635
v -0.049027 0.212462 -0.249617 0.725 0.573 0.431
v 0.218415 -0.922634 -0.047646 0.082 0.063 0.063
v 0.223654 0.342818 -0.047336 0.863 0.682 0.573
v -0.141944 0.045280 -0.301996 0.882 0.710 0.549
v -0.113723 -1.023838 -0.020999 0.067 0.059 0.063
v 0.311662 -0.923524 -0.123240 0.129 0.114 0.102
v 0.318146 0.603603 -0.006497 0.902 0.725 0.592
v -0.109916 -0.742513 0.031503 0.082 0.071 0.067
v -0.127274 0.954751 -0.192191 0.282 0.212 0.153
v 0.388161 -0.721501 -0.138860 0.067 0.051 0.039
v -0.154636 0.803373 -0.219536 0.247 0.157 0.106
v 0.225182 -1.061962 -0.116624 0.039 0.035 0.027
v 0.143085 1.023301 0.048046 0.341 0.255 0.165
v -0.269790 -0.864344 0.008673 0.035 0.031 0.027
v -0.679617 -0.336830 -0.228743 0.882 0.718 0.561
v -0.410167 -0.532513 0.006378 0.055 0.043 0.035
v -0.633907 -0.249162 -0.225307 0.898 0.729 0.565
v -0.704071 -0.038023 -0.298319 0.910 0.729 0.588
v -0.799934 -0.611345 -0.277144 0.843 0.663 0.525
v 0.055562 -0.522478 -0.026872 0.051 0.035 0.031
v 0.051813 -0.246199 -0.170753 0.055 0.043 0.035
v 0.546750 -0.561552 -0.284685 0.898 0.729 0.561
v 0.454491 -0.821249 -0.275621 0.702 0.533 0.412
v 0.569337 -0.113678 -0.485182 0.839 0.647 0.522
v -0.474736 -0.022775 -0.294631 0.071 0.055 0.043
v -0.593927 -0.300440 -0.195603 0.839 0.663 0.498
v 0.510423 -0.260756 -0.315737 0.953 0.800 0.639
v 0.362520 0.825949 0.015249 0.906 0.761 0.647
v -0.379367 -0.188207 -0.182270 0.035 0.031 0.020
v 0.177081 0.594748 0.045305 0.914 0.733 0.624
v -0.368858 -0.513971 0.005961 0.055 0.043 0.039
v -0.010348 1.019551 -0.020875 0.620 0.478 0.392
v 0.156267 0.826525 0.122860 0.957 0.776 0.675
v 0.363761 0.461420 -0.261523 0.906 0.690 0.561
v 0.341026 0.756078 0.032461 0.894 0.725 0.620
v -0.106410 0.038569 -0.285900 0.906 0.737 0.573
v 0.124994 -0.638865 0.023385 0.067 0.051 0.047
v -0.437527 0.070645 -0.473361 0.090 0.071 0.071
v -0.092029 0.413885 -0.096257 0.773 0.604 0.518
v 0.206429 0.675011 0.087468 0.647 0.471 0.373
v -0.307771 -0.360670 -0.079542 0.047 0.039 0.031
v 0.367833 -0.950507 -0.280603 0.235 0.212 0.173
v 0.094561 0.491734 0.156496 0.898 0.702 0.624
v 0.068832 0.527843 0.129858 0.808 0.620 0.533
v 0.120577 0.016262 -0.287040 0.898 0.733 0.573
v -0.393320 0.087245 -0.494241 0.051 0.039 0.035
v 0.271735 -0.557573 -0.064066 0.055 0.043 0.031
v -0.819034 -0.637523 -0.281952 0.847 0.663 0.522
v -0.892675 -0.354722 -0.403309 0.592 0.435 0.302
v -0.040187 -0.867700 0.005954 0.059 0.051 0.047
v 0.082441 -0.361855 -0.119854 0.051 0.039 0.035
v -0.139672 -0.950452 -0.007961 0.055 0.047 0.051
v -0.730738 -0.561089 -0.254208 0.851 0.678 0.545
v 0.052703 0.790628 0.115556 0.965 0.788 0.698
v -0.113139 -0.261404 -0.145984 0.047 0.043 0.035
v 0.168831 0.028488 -0.308488 0.902 0.745 0.588
v -0.679534 -0.553910 -0.244014 0.816 0.647 0.522
v -0.465680 -0.279757 -0.143006 0.051 0.039 0.031
v -0.099262 0.966915 -0.112497 0.369 0.271 0.192
v 0.135844 0.488387 0.118459 0.839 0.635 0.561
v -0.046146 0.075445 -0.264137 0.914 0.749 0.584
v 0.287494 0.002204 -0.410356 0.886 0.718 0.557
v 0.264742 -0.357887 -0.151903 0.039 0.035 0.024
v 0.287026 -0.957727 -0.122266 0.106 0.086 0.078
v -0.303778 -0.222903 -0.155910 0.039 0.035 0.024
v -0.474956 -0.255192 -0.158479 0.055 0.043 0.031
v -0.110332 0.361724 -0.290628 0.765 0.576 0.431
v -0.126967 0.782012 -0.122928 0.706 0.549 0.463
v 0.493248 -1.017610 -0.274809 0.867 0.675 0.541
v 0.254118 0.529535 0.028340 0.937 0.714 0.596
v 0.199190 -0.030082 -0.330463 0.855 0.678 0.522
v 0.450665 0.939620 -0.166504 0.439 0.349 0.286
v 0.207691 0.891457 0.104064 0.965 0.788 0.682
v 0.135313 -0.194806 -0.207375 0.051 0.039 0.027
v -0.207810 -0.228860 -0.153760 0.035 0.031 0.024
v -0.209559 -0.892727 0.005083 0.035 0.027 0.027
v 0.522847 -0.518173 -0.271451 0.894 0.714 0.541
v 0.292398 0.344250 -0.329297 0.831 0.655 0.498
v 0.388965 0.887903 -0.020686 0.792 0.647 0.541
v 0.227044 0.849465 0.108748 0.965 0.788 0.686
v -0.523153 -0.743928 -0.053478 0.031 0.031 0.031
v 0.284313 -1.019039 -0.161461 0.106 0.082 0.090
v 0.521796 -0.912204 -0.295003 0.867 0.659 0.510
v -0.215617 -0.090628 -0.210681 0.051 0.039 0.027
v -0.024191 -0.573547 -0.000338 0.063 0.047 0.043
v 0.368637 0.794284 0.003882 0.875 0.729 0.616
v -0.886698 -0.486415 -0.347773 0.667 0.514 0.384
v 0.211995 0.413066 0.013520 0.902 0.737 0.631
v 0.423204 -0.500004 -0.188694 0.071 0.051 0.047
v -0.627142 0.030571 -0.359414 0.922 0.718 0.573
v 0.280247 0.608103 0.026017 0.722 0.506 0.388
v -0.637921 -0.452201 -0.231789 0.808 0.635 0.478
v -0.169917 -0.608337 0.024895 0.047 0.043 0.035
v -0.689726 -0.297482 -0.237208 0.894 0.725 0.565
v 0.225080 -0.575166 -0.034815 0.055 0.047 0.039
v 0.141003 0.827468 0.123050 0.965 0.788 0.682
v 0.681461 -0.344328 -0.341634 0.894 0.725 0.565
v 0.216501 -0.633840 -0.001702 0.051 0.035 0.031
v 0.254933 0.594675 0.036605 0.773 0.573 0.447
v 0.324231 -0.830275 -0.071968 0.078 0.059 0.047
v 0.634350 -0.348407 -0.320179 0.922 0.769 0.604
v -0.162289 0.018511 -0.304571 0.875 0.698 0.541
v -0.103552 0.858664 -0.043684 0.702 0.561 0.471
v -0.140565 -0.357736 -0.097045 0.043 0.035 0.031
v -0.436402 -0.714656 0.027526 0.043 0.039 0.043
v 0.463520 -0.406088 -0.236636 0.910 0.737 0.557
v 0.374866 0.986162 -0.041491 0.455 0.345 0.247
v 0.127322 -0.810677 0.040955 0.086 0.071 0.067
v 0.088013 -1.011045 -0.056664 0.043 0.039 0.031
v -0.756338 -0.425722 -0.254722 0.855 0.690 0.549
v -0.522899 -0.534664 -0.072687 0.102 0.090 0.094
v 0.252416 0.643742 0.052965 0.467 0.286 0.224
v 0.040427 0.395715 0.040120 0.345 0.020 0.016
v -0.602987 -0.852887 -0.200518 0.216 0.337 0.192
v 0.441318 0.711570 -0.240713 0.384 0.282 0.216
v 0.556975 -0.253945 -0.322975 0.941 0.788 0.627
v 0.166829 0.628351 0.047383 0.886 0.710 0.588
v -0.104495 0.974720 -0.135953 0.329 0.247 0.180
v -0.367987 -0.855655 -0.010084 0.067 0.055 0.047
v 0.147561 -0.248845 -0.185187 0.051 0.035 0.027
v -0.160800 0.079476 -0.326553 0.796 0.620 0.482
v 0.604952 -0.728914 -0.336823 0.871 0.682 0.529
v 0.183053 -0.965405 -0.062544 0.051 0.031 0.031
v -0.139463 -0.260820 -0.144192 0.043 0.039 0.027
v 0.459849 -0.294836 -0.285289 0.925 0.776 0.612
v 0.023589 -0.465918 -0.057607 0.055 0.047 0.039
v 0.246857 0.734639 0.106350 0.945 0.765 0.667
v -0.045086 0.258099 -0.239860 0.722 0.569 0.435
v -0.057561 0.694869 0.028959 0.506 0.337 0.259
v -0.196884 0.608028 -0.320499 0.820 0.525 0.463
v 0.092293 0.243709 -0.009072 0.741 0.510 0.427
v 0.488247 -0.353817 -0.273459 0.941 0.773 0.604
v -0.017160 -0.129859 -0.208256 0.910 0.729 0.596
v -0.497621 -0.746024 -0.021423 0.082 0.067 0.059
v -0.136656 0.633793 -0.198601 0.722 0.518 0.424
v -0.418387 0.025856 -0.362054 0.020 0.020 0.012
v -0.156092 0.119443 -0.336511 0.718 0.541 0.400
v 0.132154 0.395973 0.045620 0.753 0.388 0.373
v -0.649342 -0.370844 -0.220660 0.855 0.686 0.525
v -0.571674 -0.399145 -0.180538 0.051 0.027 0.024
v -0.089743 -0.441974 -0.057765 0.051 0.039 0.035
v 0.149271 -0.991334 -0.065793 0.035 0.031 0.024
v 0.050730 -0.677227 0.037242 0.059 0.051 0.047
v -0.288931 -0.253339 -0.137962 0.035 0.031 0.024
v -0.142068 0.557387 -0.262925 0.820 0.608 0.525
v 0.571339 -0.180428 -0.376625 0.914 0.733 0.569
v 0.251696 -0.233075 -0.220245 0.043 0.035 0.027
v -0.192784 0.139549 -0.387441 0.796 0.608 0.439
v -0.812247 -0.281121 -0.294158 0.831 0.651 0.494
v 0.278268 -0.686937 -0.016022 0.055 0.043 0.035
v -0.494335 -0.806135 -0.053629 0.071 0.055 0.055
v 0.308151 -0.857786 -0.070578 0.094 0.082 0.086
v -0.158877 -0.824334 0.015498 0.067 0.059 0.063
v 0.252182 -0.869255 -0.030496 0.078 0.071 0.063
v -0.081426 0.294831 -0.262869 0.761 0.584 0.443
v -0.449192 -0.454611 -0.051519 0.047 0.035 0.031
v -0.937700 -0.595816 -0.432900 0.569 0.416 0.302
v -0.542185 -0.718400 -0.073901 0.055 0.051 0.043
v 0.695949 -0.379859 -0.352900 0.875 0.702 0.533
v 0.254346 -0.758742 0.007444 0.067 0.055 0.055
v 0.064989 0.558081 0.101379 0.780 0.588 0.498
v 0.166621 0.163750 -0.266308 0.914 0.761 0.596
v 0.117445 -0.448413 -0.075732 0.051 0.039 0.035
v 0.390129 -0.906044 -0.275091 0.153 0.125 0.102
v -0.611673 -0.576555 -0.198521 0.020 0.016 0.008
v 0.343274 -0.398833 -0.165794 0.051 0.043 0.035
v 0.379792 0.640193 -0.126004 0.808 0.624 0.502
v -0.506269 -0.800411 -0.060143 0.078 0.055 0.055
v 0.246814 -0.783770 0.008248 0.086 0.067 0.063
v -0.133287 -0.345488 -0.103902 0.047 0.043 0.035
v -0.043101 -0.371883 -0.099200 0.043 0.035 0.031
v -0.804068 -0.324918 -0.281753 0.847 0.675 0.522
v -0.452139 -0.015690 -0.304283 0.035 0.027 0.016
v -0.010267 0.157805 -0.241681 0.812 0.663 0.514
v -0.778854 -0.423110 -0.265029 0.851 0.694 0.561
v 0.550346 -0.478211 -0.286424 0.925 0.753 0.576
v -0.806615 -0.422129 -0.279884 0.839 0.678 0.537
v 0.549104 -0.893585 -0.318477 0.867 0.651 0.506
v -0.208732 -0.763520 0.042430 0.098 0.082 0.082
v -0.660457 -0.254837 -0.233949 0.902 0.733 0.569
v -0.138884 0.655729 -0.184854 0.729 0.537 0.435
v -0.865898 -0.438714 -0.325020 0.729 0.576 0.447
v 0.084284 0.063192 -0.267062 0.910 0.757 0.604
v -0.018468 0.367210 -0.014839 0.859 0.682 0.576
v 0.087558 0.228134 -0.201005 0.557 0.424 0.325
v -0.123634 0.498027 -0.125305 0.769 0.592 0.502
v -0.393973 -0.006171 -0.321150 0.039 0.031 0.027
v 0.432144 0.757184 -0.170502 0.537 0.400 0.318
v 0.111601 -0.709168 0.043834 0.075 0.059 0.059
v 0.416975 -0.309749 -0.240987 0.075 0.059 0.051
v 0.366913 0.889262 0.016913 0.831 0.643 0.525
v 0.602834 -0.852017 -0.349093 0.867 0.659 0.502
v -0.552292 -0.866241 -0.132306 0.075 0.063 0.047
v -0.070632 0.938377 -0.019045 0.733 0.545 0.451
v 0.110299 -0.650704 0.029091 0.055 0.043 0.035
v -0.123280 0.636163 -0.063179 0.753 0.569 0.467
v -0.050883 0.975816 -0.017235 0.698 0.525 0.427
v 0.330877 0.874646 0.050956 0.871 0.678 0.561
v -0.072043 -0.644413 0.023737 0.059 0.043 0.039
v 0.465538 0.857697 -0.242889 0.235 0.188 0.149
v -0.015408 0.292180 -0.030959 0.753 0.573 0.478
v -0.252911 -0.901626 0.002283 0.035 0.031 0.027
v 0.181444 0.009945 -0.318635 0.878 0.722 0.569
v 0.135706 0.256871 -0.014596 0.898 0.702 0.600
v -0.139895 0.742531 -0.165439 0.573 0.431 0.349
v 0.122087 -0.680704 0.038682 0.063 0.047 0.043
v 0.459552 -0.492751 -0.220175 0.827 0.655 0.498
v -0.571754 -0.434403 -0.177294 0.027 0.016 0.008
v 0.176448 -0.607154 -0.000330 0.055 0.043 0.039
v -0.126345 0.898976 -0.126825 0.388 0.290 0.204
v -0.098399 -0.721496 0.032217 0.067 0.055 0.051
v 0.138077 -0.627280 0.017268 0.059 0.043 0.039
v 0.456820 0.802104 -0.210297 0.373 0.290 0.231
v 0.316167 0.851580 0.062133 0.918 0.745 0.627
v 0.349527 1.051386 -0.084954 0.271 0.235 0.173
v -0.260059 -0.741640 0.051635 0.094 0.082 0.086
v -0.566062 -0.341914 -0.175478 0.063 0.039 0.031
v 0.228357 -0.762232 0.021835 0.071 0.059 0.055
v -0.069480 0.338242 -0.227016 0.627 0.459 0.349
v 0.132886 0.342218 0.014649 0.890 0.710 0.620
v -0.852315 -0.368214 -0.315403 0.749 0.580 0.455
v -0.789287 -0.295447 -0.277619 0.863 0.690 0.533
v -0.331996 -0.532256 0.021048 0.051 0.035 0.031
v 0.009493 0.639508 0.045561 0.635 0.443 0.365
v -0.016412 -0.466647 -0.052565 0.055 0.047 0.039
v -0.124956 -0.733032 0.031809 0.075 0.067 0.071
v 0.144500 0.978092 0.077765 0.843 0.663 0.565
v -0.085970 0.006604 -0.276615 0.890 0.706 0.545
v -0.525102 -0.493249 -0.096953 0.047 0.039 0.035
v -0.099732 -0.363744 -0.098109 0.043 0.039 0.031
v -0.084099 -0.226354 -0.162425 0.047 0.043 0.035
v 0.012175 0.618866 0.042722 0.855 0.671 0.557
v -0.248417 -0.592806 0.037386 0.047 0.043 0.035
v -0.029237 -0.188612 -0.183394 0.059 0.043 0.031
v 0.094026 0.414523 0.069038 0.882 0.541 0.498
v 0.215412 -0.421615 -0.104976 0.055 0.047 0.039
v -0.882105 -0.321249 -0.382361 0.627 0.459 0.329
v 0.224194 -0.499679 -0.070847 0.051 0.043 0.035
v 0.231331 -0.793182 0.015001 0.082 0.075 0.071
v -0.170962 0.758218 -0.260368 0.851 0.608 0.541
v 0.082588 0.217155 -0.206059 0.659 0.514 0.408
v 0.259350 0.336958 -0.109892 0.769 0.580 0.471
v 0.555036 -0.110895 -0.464010 0.871 0.694 0.557
v 0.460325 0.861612 -0.201010 0.271 0.196 0.137
v -0.079510 -0.816748 0.022035 0.067 0.051 0.055
v -0.292412 0.095309 -0.425526 0.855 0.663 0.514
v 0.586930 -0.339140 -0.309758 0.933 0.780 0.612
v 0.388653 -0.138824 -0.347778 0.035 0.027 0.016
v 0.014608 0.073704 -0.258924 0.906 0.741 0.584
v 0.046205 -0.300906 -0.144149 0.043 0.031 0.027
v 0.072447 -0.134682 -0.218320 0.635 0.522 0.459
v -0.396379 -0.474016 -0.023209 0.051 0.035 0.031
v 0.538927 -0.777354 -0.303776 0.863 0.671 0.518
v 0.598333 -0.513147 -0.307562 0.918 0.749 0.580
v -0.132830 0.933179 -0.189749 0.314 0.227 0.157
v 0.035792 0.170332 -0.225064 0.812 0.655 0.514
v 0.067346 -0.763190 0.044402 0.086 0.075 0.082
v 0.179269 -0.976649 -0.068193 0.067 0.047 0.047
v 0.357774 0.516496 -0.222129 0.788 0.616 0.486
v 0.314957 -0.363704 -0.167672 0.047 0.043 0.035
v 0.353167 -0.080603 -0.387704 0.043 0.035 0.024
v -0.537113 -0.298833 -0.164050 0.055 0.039 0.027
v 0.060398 -0.061576 -0.273306 0.953 0.757 0.580
v -0.154074 -0.707446 0.035943 0.067 0.059 0.063
v -0.016359 -0.941481 -0.013638 0.039 0.035 0.031
v 0.197436 0.284019 -0.207446 0.682 0.545 0.431
v -0.768619 -0.227231 -0.279143 0.875 0.698 0.537
v 0.310430 0.818167 0.066661 0.925 0.749 0.635
v -0.934445 -0.649812 -0.381234 0.647 0.494 0.376
v -0.163390 -0.932559 -0.003065 0.082 0.067 0.055
v 0.112390 0.458863 0.081718 0.886 0.698 0.612
v 0.404920 0.751891 -0.099095 0.749 0.596 0.502
v 0.214092 0.910642 0.096357 0.945 0.761 0.647
v 0.075375 -0.732253 0.046020 0.082 0.071 0.071
v 0.434478 0.746386 -0.185139 0.478 0.361 0.278
v -0.060045 0.971650 -0.026020 0.659 0.506 0.404
v 0.536469 -0.538611 -0.277588 0.910 0.733 0.561
v -0.208945 0.673810 -0.341816 0.867 0.604 0.529
v 0.011775 0.819719 0.093626 0.914 0.745 0.655
v 0.237975 0.383891 -0.029685 0.894 0.714 0.604
v -0.688340 -0.828737 -0.225338 0.659 0.510 0.424
v -0.044057 0.824897 0.055604 0.886 0.718 0.620
v 0.270225 0.750439 0.092981 0.929 0.745 0.643
v 0.363477 0.607528 -0.095167 0.835 0.620 0.475
v 0.145433 -1.085489 -0.086435 0.043 0.027 0.024
v 0.350178 0.516607 -0.186724 0.769 0.596 0.478
v -0.878633 -0.445361 -0.339829 0.678 0.529 0.392
v 0.152748 -0.393731 -0.109415 0.047 0.039 0.031
v -0.524472 -0.436217 -0.122105 0.059 0.043 0.039
v -0.142610 0.789182 -0.173123 0.475 0.365 0.290
v -0.562627 -0.729921 -0.113513 0.051 0.043 0.039
v 0.415885 -0.191231 -0.318338 0.047 0.043 0.027
v -0.287642 -0.629627 0.055067 0.051 0.043 0.039
v 0.634937 -0.402437 -0.322573 0.914 0.753 0.580
v 0.440674 0.830715 -0.136031 0.537 0.427 0.345
v -0.127285 0.255831 -0.317965 0.710 0.529 0.384
v -0.479279 -0.232405 -0.170683 0.039 0.031 0.020
v 0.438373 -0.499908 -0.202774 0.094 0.082 0.078
v 0.414978 0.843541 -0.073892 0.667 0.494 0.400
v -0.404138 -0.063082 -0.272439 0.039 0.039 0.027
v 0.399080 0.671454 -0.153132 0.698 0.557 0.455
v -0.083859 -0.636767 0.022066 0.055 0.047 0.043
v 0.281921 0.338799 -0.310645 0.855 0.675 0.518
v 0.077676 -0.895158 0.004526 0.067 0.055 0.051
v -0.074193 0.191217 -0.264931 0.780 0.627 0.475
v -0.735723 -0.021188 -0.339893 0.816 0.627 0.498
v 0.729884 -0.411003 -0.394284 0.855 0.682 0.518
v 0.296310 0.993722 0.025096 0.380 0.298 0.212
v 0.004347 0.412939 0.017637 0.463 0.239 0.173
v 0.519159 -0.987209 -0.288356 0.871 0.667 0.529
v 0.371875 -0.072866 -0.415201 0.063 0.059 0.043
v -0.348204 -0.762139 0.043795 0.059 0.047 0.043
v 0.367166 1.032638 -0.085201 0.306 0.267 0.208
v 0.333192 -1.025467 -0.262861 0.141 0.110 0.102
v -0.155745 0.782892 -0.224327 0.306 0.231 0.169
v 0.431545 -0.661870 -0.248690 0.067 0.051 0.051
v -0.001741 -1.071595 -0.042832 0.027 0.024 0.016
v 0.579889 -0.849521 -0.335760 0.871 0.667 0.518
v 0.351770 0.872939 0.030084 0.875 0.675 0.569
v -0.675339 -0.620693 -0.250170 0.722 0.569 0.447
v 0.306551 0.446214 -0.082907 0.827 0.659 0.541
v 0.542678 -0.938316 -0.312083 0.859 0.663 0.518
v 0.363912 -0.738555 -0.096403 0.067 0.047 0.039
v 0.115419 -0.202569 -0.200354 0.047 0.035 0.027
v 0.172872 0.957157 0.086097 0.941 0.757 0.647
v 0.464322 -0.507424 -0.228293 0.800 0.627 0.467
v 0.311629 0.459662 -0.080200 0.808 0.635 0.529
v -0.749231 -0.564230 -0.259807 0.847 0.678 0.541
v -0.404643 -0.866255 -0.031623 0.075 0.059 0.055
v 0.202887 -0.588996 -0.019138 0.047 0.039 0.027
v -0.414347 -0.317247 -0.109586 0.047 0.035 0.027
v 0.271986 -1.039703 -0.153401 0.059 0.047 0.039
v -0.547854 0.055641 -0.407021 0.910 0.710 0.561
v -0.032563 1.044838 -0.083436 0.549 0.427 0.329
v -0.208446 -0.209645 -0.163533 0.035 0.031 0.024
v 0.241256 -0.912674 -0.052408 0.090 0.078 0.075
v -0.236248 -0.797680 0.036809 0.075 0.059 0.063
v 0.216033 0.531063 0.040072 0.957 0.753 0.655
v 0.458037 -0.925776 -0.257460 0.800 0.620 0.490
v -0.079241 1.026170 -0.123857 0.424 0.325 0.243
v -0.020141 -0.486436 -0.041055 0.059 0.043 0.039
v -0.188711 -0.554957 0.010848 0.051 0.039 0.031
v -0.231859 0.087642 -0.381116 0.871 0.694 0.522
v -0.800722 -0.590467 -0.277617 0.839 0.663 0.525
v -0.757253 -0.367579 -0.255842 0.859 0.690 0.545
v 0.410238 -0.240938 -0.278925 0.075 0.063 0.055
v 0.056001 -0.403739 -0.096245 0.051 0.039 0.035
v -0.123756 0.975957 -0.207760 0.224 0.161 0.090
v -0.143895 0.866203 -0.189133 0.231 0.153 0.094
v 0.139160 0.850963 0.120650 0.969 0.792 0.690
v -0.699397 -0.226932 -0.251968 0.902 0.741 0.580
v -0.065177 -0.971132 -0.017495 0.043 0.039 0.031
v -0.206448 -0.945150 -0.002146 0.071 0.055 0.051
v 0.397298 -0.852370 -0.265835 0.118 0.106 0.086
v -0.098486 0.844083 -0.028912 0.678 0.529 0.447
v 0.594424 -0.389851 -0.309618 0.929 0.765 0.592
v -0.086816 0.602177 -0.001195 0.875 0.671 0.553
v -0.358955 -0.644234 0.057208 0.055 0.047 0.047
v 0.330435 -0.171111 -0.291520 0.043 0.039 0.024
v -0.137514 0.023197 -0.293916 0.906 0.725 0.561
v -0.032074 0.170125 -0.248156 0.800 0.647 0.498
v -0.135853 0.660274 -0.124990 0.788 0.584 0.475
v 0.646765 -0.778835 -0.369239 0.851 0.659 0.502
v 0.385492 -0.650287 -0.137261 0.059 0.043 0.035
v 0.045935 -0.450780 -0.069099 0.059 0.051 0.043
v 0.699443 -0.222261 -0.412747 0.878 0.698 0.545
v 0.097658 -0.877336 0.014561 0.071 0.059 0.059
v 0.226244 -0.445510 -0.096645 0.055 0.051 0.043
v -0.318148 -0.303778 -0.110021 0.039 0.035 0.027
v 0.270998 -0.427856 -0.119641 0.051 0.047 0.039
v 0.559010 -0.541417 -0.289536 0.910 0.741 0.576
v 0.111392 -0.669240 0.035323 0.075 0.055 0.051
v -0.676120 -0.160802 -0.254175 0.898 0.737 0.576
v 0.325739 -1.048635 -0.258955 0.051 0.035 0.039
v 0.199493 0.553201 0.044202 0.953 0.761 0.659
v -0.015453 0.979477 0.019940 0.737 0.545 0.443
v 0.598651 -0.127425 -0.476850 0.855 0.663 0.522
v 0.270412 -0.725836 -0.002375 0.067 0.051 0.051
v 0.132609 0.654471 0.090381 0.886 0.710 0.596
v 0.244467 0.692938 0.098027 0.490 0.353 0.267
v -0.610542 -0.649257 -0.184630 0.024 0.020 0.012
v -0.756318 -0.027876 -0.367979 0.765 0.576 0.447
v -0.633481 -0.764347 -0.261475 0.043 0.031 0.020
v 0.670563 -0.192651 -0.413315 0.890 0.714 0.553
v -0.579534 -0.713230 -0.139028 0.039 0.027 0.027
v 0.254192 0.197623 -0.348688 0.839 0.663 0.494
v -0.453764 -0.590429 0.012675 0.059 0.047 0.043
v 0.599684 -0.895897 -0.350428 0.875 0.659 0.506
v -0.004424 0.036162 -0.267848 0.906 0.737 0.565
v 0.450157 0.977383 -0.199966 0.396 0.322 0.263
v 0.255272 0.509058 0.025056 0.929 0.706 0.592
v -0.014281 -0.887010 0.001400 0.063 0.055 0.055
v 0.342163 0.545286 -0.068391 0.800 0.604 0.463
v -0.048710 0.342092 -0.061153 0.729 0.569 0.494
v -0.059768 1.046325 -0.120306 0.455 0.357 0.267
v 0.396307 -0.704090 -0.160355 0.067 0.047 0.055
v 0.187248 -0.845653 0.016854 0.071 0.059 0.059
v -0.133881 0.354857 -0.350661 0.690 0.510 0.365
v 0.420968 0.657371 -0.226174 0.502 0.365 0.271
v 0.334978 0.937830 0.040078 0.647 0.494 0.396
v 0.103414 -1.039700 -0.067378 0.039 0.035 0.027
v 0.337847 -0.832433 -0.088136 0.098 0.082 0.075
v 0.097265 0.039322 -0.272911 0.922 0.765 0.600
v 0.086685 0.387651 0.054007 0.510 0.141 0.129
v -0.918094 -0.579476 -0.379428 0.608 0.447 0.329
v -0.561207 -0.563601 -0.125814 0.020 0.020 0.020
v 0.055973 0.248672 -0.187124 0.384 0.255 0.165
v -0.701360 -0.762775 -0.279399 0.620 0.478 0.384
v -0.121709 -0.873271 0.004184 0.047 0.039 0.035
v -0.725179 -0.332943 -0.245564 0.871 0.702 0.553
v 0.177074 -1.083438 -0.098232 0.055 0.051 0.043
v -0.631163 -0.599458 -0.222901 0.027 0.012 0.012
v 0.502764 -0.583509 -0.270054 0.824 0.655 0.475
v -0.271495 -0.008374 -0.273079 0.047 0.035 0.024
v 0.378966 -0.186959 -0.300982 0.043 0.035 0.024
v 0.294267 0.399214 -0.101312 0.859 0.682 0.561
v 0.263618 -0.170948 -0.262293 0.043 0.035 0.024
v 0.349414 -0.271730 -0.232135 0.051 0.043 0.035
v 0.262305 1.075679 -0.048347 0.173 0.133 0.063
v -0.845961 -0.704156 -0.282308 0.835 0.639 0.494
v 0.426487 -0.569047 -0.207874 0.086 0.071 0.067
v 0.417277 -0.176805 -0.328689 0.051 0.047 0.031
v -0.801979 -0.309216 -0.283220 0.851 0.678 0.522
v 0.394939 0.503461 -0.279956 0.914 0.698 0.580
v 0.100968 -0.255271 -0.173022 0.047 0.039 0.027
v 0.067731 -0.805556 0.038350 0.078 0.063 0.059
v 0.143041 0.615710 0.075382 0.855 0.655 0.533
v -0.607926 -0.351331 -0.205019 0.749 0.573 0.412
v -0.372570 -0.078364 -0.259284 0.031 0.027 0.020
v 0.666712 -0.307015 -0.334148 0.918 0.757 0.596
v -0.604631 -0.504072 -0.211017 0.024 0.012 0.008
v 0.065336 -0.318985 -0.138310 0.047 0.043 0.035
v 0.047694 -0.381309 -0.106706 0.047 0.043 0.035
v -0.178672 -0.317498 -0.112667 0.043 0.039 0.031
v 0.171229 0.863288 0.116422 0.961 0.784 0.678
v 0.238240 0.302060 -0.249865 0.804 0.643 0.510
v -0.381148 0.021752 -0.358103 0.027 0.020 0.012
v 0.025187 -0.657974 0.030765 0.059 0.055 0.055
v -0.771139 -0.553926 -0.266536 0.847 0.675 0.541
v -0.183772 -0.671916 0.041029 0.071 0.059 0.063
v -0.926623 -0.558315 -0.425660 0.553 0.400 0.278
v -0.702962 -0.285762 -0.243530 0.890 0.722 0.561
v 0.327556 0.571798 -0.025138 0.890 0.706 0.565
v 0.219096 0.662984 0.071418 0.596 0.420 0.314
v -0.524382 0.040467 -0.378531 0.945 0.749 0.608
v -0.039045 0.585106 0.025176 0.941 0.733 0.604
v 0.493614 -0.119389 -0.416928 0.863 0.671 0.541
v -0.578336 -0.032555 -0.295730 0.929 0.757 0.596
v 0.144858 -0.187312 -0.212799 0.047 0.039 0.024
v -0.077706 0.210554 -0.266508 0.737 0.580 0.435
v 0.152122 -0.636149 0.019380 0.059 0.047 0.039
v -0.136256 0.634655 -0.180558 0.698 0.506 0.408
v -0.925680 -0.587724 -0.392318 0.584 0.431 0.310
v -0.018429 0.332567 -0.026040 0.780 0.604 0.514
v -0.457263 0.070172 -0.457099 0.086 0.063 0.071
v -0.510169 -0.129480 -0.237675 0.757 0.620 0.514
v -0.163052 0.208855 -0.393871 0.749 0.565 0.412
v -0.108466 0.762586 -0.062523 0.780 0.624 0.518
v 0.127694 -1.046087 -0.075155 0.031 0.020 0.016
v 0.619510 -0.579124 -0.323341 0.886 0.722 0.553
v -0.158744 0.641682 -0.312304 0.686 0.435 0.353
v -0.055682 -0.401766 -0.082402 0.047 0.039 0.031
v 0.099272 0.140032 -0.243576 0.906 0.757 0.604
v 0.248125 0.624137 0.040426 0.349 0.282 0.243
v 0.399382 0.734731 -0.100079 0.788 0.643 0.533
v 0.384557 -0.064193 -0.441466 0.129 0.114 0.114
v -0.156696 0.732925 -0.251654 0.855 0.663 0.576
v -0.405808 -0.503962 -0.008476 0.055 0.043 0.035
v -0.024320 -0.859688 0.010835 0.071 0.063 0.059
v 0.075601 0.722184 0.121396 0.827 0.655 0.561
v -0.235095 -0.485778 -0.014371 0.047 0.035 0.031
v -0.326667 -0.646641 0.060965 0.063 0.055 0.047
v -0.441907 -0.517381 -0.013109 0.059 0.039 0.035
v -0.477001 -0.882590 -0.082815 0.067 0.043 0.043
v 0.430956 -0.142985 -0.356935 0.047 0.039 0.027
v -0.076736 -0.965050 -0.015333 0.035 0.031 0.024
v 0.434086 0.645389 -0.247197 0.902 0.694 0.596
v 0.476450 -0.313729 -0.283130 0.941 0.776 0.612
v -0.053634 0.910523 0.016113 0.847 0.682 0.576
v -0.940609 -0.646090 -0.396152 0.624 0.478 0.349
v -0.461354 0.039824 -0.367802 0.094 0.075 0.067
v -0.523033 -0.084323 -0.269440 0.937 0.780 0.612
v 0.070948 0.065534 -0.264270 0.906 0.749 0.596
v -0.027881 0.289189 -0.056140 0.706 0.541 0.455
v 0.114155 0.179043 -0.232162 0.910 0.761 0.608
v 0.421330 0.608261 -0.284062 0.937 0.757 0.651
v -0.749645 -0.210371 -0.273153 0.878 0.706 0.545
v -0.272658 -0.325796 -0.100273 0.043 0.035 0.027
v 0.551077 -0.398530 -0.295535 0.929 0.761 0.584
v 0.089849 0.971492 0.075128 0.929 0.749 0.643
v -0.552911 0.029184 -0.357993 0.949 0.765 0.612
v 0.526957 -0.230527 -0.332435 0.937 0.773 0.608
v 0.030510 -0.075062 -0.270787 0.949 0.761 0.592
v 0.246343 -0.276329 -0.193155 0.059 0.051 0.039
v 0.115477 -0.130662 -0.229624 0.137 0.086 0.078
v 0.257993 1.057268 -0.018047 0.247 0.196 0.118
v 0.022172 -0.498242 -0.038489 0.047 0.039 0.035
v 0.041150 -0.809294 0.032927 0.075 0.067 0.067
v 0.049243 1.074223 -0.044511 0.337 0.271 0.192
v 0.276519 0.476025 0.001094 0.902 0.694 0.592
v -0.445036 -0.181267 -0.192307 0.039 0.031 0.024
v -0.351483 0.047974 -0.382710 0.031 0.027 0.020
v 0.047075 -0.133272 -0.216790 0.910 0.733 0.612
v 0.398035 0.935796 -0.036865 0.690 0.545 0.443
v -0.137282 0.573559 -0.247502 0.678 0.490 0.388
v -0.151814 0.055408 -0.311375 0.859 0.686 0.533
v -0.199498 -0.916780 0.001740 0.035 0.031 0.024
v 0.041751 -0.663338 0.033097 0.051 0.035 0.035
v 0.227024 0.249512 -0.275233 0.882 0.714 0.561
v 0.025288 -1.011810 -0.040833 0.039 0.035 0.027
v 0.057619 -0.583927 0.002000 0.051 0.043 0.035
v -0.085447 0.364163 -0.241331 0.627 0.451 0.341
v -0.139205 0.814918 -0.165700 0.455 0.349 0.278
v 0.370202 -1.008898 -0.279518 0.161 0.129 0.094
v -0.342338 0.002374 -0.320089 0.031 0.024 0.016
v -0.103514 0.673181 -0.035071 0.796 0.627 0.518
v 0.129845 0.516004 0.128909 0.886 0.678 0.596
v -0.877186 -0.462264 -0.338857 0.694 0.541 0.408
v 0.243740 0.296567 -0.267837 0.867 0.694 0.549
v -0.316900 -0.323821 -0.099371 0.043 0.035 0.027
v -0.088083 -0.389582 -0.085437 0.051 0.043 0.035
v 0.634581 -0.489380 -0.323326 0.918 0.749 0.580
v 0.587334 -0.756164 -0.330973 0.871 0.682 0.529
v 0.063311 1.070254 -0.033049 0.329 0.259 0.188
v -0.882286 -0.412900 -0.352455 0.647 0.486 0.365
v -0.048249 0.328023 -0.067013 0.718 0.545 0.471
v -0.366996 0.097077 -0.484004 0.035 0.031 0.024
v -0.105084 -0.469800 -0.042354 0.059 0.043 0.039
v 0.218962 0.973696 0.071133 0.808 0.627 0.522
v -0.450150 -0.311295 -0.121068 0.047 0.035 0.031
v 0.242658 -0.223469 -0.223450 0.043 0.039 0.024
v 0.440177 -1.058253 -0.265663 0.804 0.616 0.506
v -0.538441 -0.885560 -0.127032 0.114 0.086 0.078
v 0.221404 -1.081440 -0.118859 0.039 0.035 0.027
v -0.564402 -0.484674 -0.157608 0.016 0.012 0.012
v 0.395640 0.603874 -0.248175 0.765 0.569 0.447
v -0.221704 -0.329713 -0.102635 0.043 0.039 0.031
v 0.360203 -1.026711 -0.281633 0.173 0.145 0.110
v 0.313342 0.981264 0.025757 0.443 0.349 0.251
v -0.131988 0.590530 -0.161782 0.729 0.541 0.451
v 0.200453 0.044797 -0.326540 0.875 0.722 0.569
v 0.119580 0.238166 -0.202738 0.722 0.588 0.478
v -0.057915 0.472314 -0.011907 0.800 0.624 0.541
v 0.139904 0.561377 0.098656 0.878 0.698 0.592
v -0.661241 -0.471666 -0.236137 0.843 0.690 0.529
v 0.043544 -0.075063 -0.269049 0.953 0.761 0.584
v -0.818648 -0.356565 -0.287977 0.831 0.655 0.506
v 0.367750 -0.914391 -0.238647 0.114 0.114 0.106
v -0.146016 0.608564 -0.263911 0.875 0.659 0.553
v 0.003819 0.311724 -0.008945 0.886 0.694 0.592
v 0.234856 0.830200 0.107421 0.933 0.745 0.643
v -0.114253 -0.193461 -0.173466 0.051 0.039 0.031
v -0.394095 -0.210051 -0.168939 0.043 0.035 0.031
v -0.610684 -0.616379 -0.187019 0.027 0.024 0.016
v 0.046606 0.076325 -0.257978 0.902 0.733 0.588
v 0.687429 -0.354567 -0.346220 0.890 0.722 0.557
v -0.175083 -0.884735 0.004579 0.047 0.043 0.043
v -0.518817 -0.177117 -0.211186 0.482 0.361 0.278
v 0.460109 0.841050 -0.217671 0.251 0.180 0.129
v -0.612017 -0.015333 -0.305067 0.941 0.765 0.600
v -0.613280 -0.716262 -0.210683 0.035 0.031 0.016
v 0.359048 -0.405541 -0.171193 0.039 0.035 0.027
v -0.509483 0.030302 -0.359326 0.957 0.776 0.631
v -0.377420 -0.479831 -0.015662 0.047 0.035 0.031
v -0.250017 -0.503618 -0.001994 0.047 0.035 0.027
v -0.786989 -0.715127 -0.267585 0.847 0.667 0.529
v -0.303452 -0.773779 0.043324 0.078 0.063 0.067
v -0.469127 -0.072021 -0.259168 0.063 0.051 0.039
v 0.308579 0.530395 -0.008623 0.902 0.706 0.580
v -0.245112 -0.394519 -0.065622 0.047 0.035 0.027
v -0.147422 -0.084378 -0.211448 0.882 0.725 0.624
v -0.838123 -0.540677 -0.300054 0.812 0.639 0.498
v -0.727649 -0.310845 -0.249091 0.886 0.714 0.561
v -0.645146 -0.868489 -0.104654 0.639 0.478 0.384
v 0.485402 -0.517012 -0.254146 0.749 0.561 0.396
v 0.328010 0.476966 -0.125796 0.792 0.627 0.506
v 0.472560 -0.922212 -0.259862 0.839 0.647 0.510
v -0.782950 -0.058686 -0.380375 0.722 0.522 0.400
v -0.680323 -0.244520 -0.242835 0.906 0.741 0.576
v 0.071433 0.907920 0.097864 0.957 0.773 0.659
v 0.448519 -0.403018 -0.225059 0.890 0.714 0.545
v 0.184668 0.555105 0.049256 0.953 0.773 0.667
v -0.117662 -0.544513 -0.007270 0.047 0.039 0.035
v 0.415094 -0.781897 -0.258242 0.098 0.082 0.086
v -0.364077 0.071592 -0.425765 0.039 0.024 0.020
v -0.039467 -0.936763 -0.010448 0.043 0.035 0.027
v -0.403185 -0.159313 -0.202558 0.035 0.031 0.024
v 0.325113 1.023285 -0.029601 0.243 0.196 0.122
v -0.548023 -0.218085 -0.201768 0.918 0.765 0.604
v 0.154321 -0.594468 -0.001347 0.063 0.043 0.043
v 0.237295 -0.826097 0.001562 0.067 0.055 0.047
v 0.570363 -0.544485 -0.295299 0.898 0.733 0.565
v -0.000593 -0.564607 -0.004578 0.055 0.043 0.035
v 0.459197 0.782992 -0.231965 0.349 0.275 0.208
v -0.263563 -0.832908 0.018830 0.047 0.035 0.043
v -0.381139 -0.773041 0.026858 0.043 0.043 0.035
v -0.138886 0.106278 -0.314730 0.816 0.639 0.498
v 0.053417 0.542499 0.085139 0.706 0.506 0.435
v 0.205774 0.507491 0.042375 0.941 0.733 0.635
v -0.006343 0.278423 -0.029178 0.710 0.537 0.455
v 0.445257 -0.517792 -0.217090 0.090 0.075 0.071
v 0.209041 0.279385 -0.109597 0.620 0.455 0.357
v -0.219716 -0.200637 -0.167546 0.039 0.035 0.027
v 0.245881 0.852394 0.101303 0.949 0.773 0.671
v -0.892728 -0.438722 -0.369495 0.620 0.463 0.345
v 0.589829 -0.485050 -0.303482 0.922 0.753 0.584
v 0.435964 0.881693 -0.118631 0.514 0.396 0.302
v 0.180065 0.108035 -0.290004 0.890 0.737 0.573
v 0.069930 0.920104 0.093294 0.941 0.761 0.647
v 0.102857 0.987257 0.069282 0.839 0.659 0.565
v -0.129332 0.765409 -0.133325 0.678 0.529 0.431
v 0.424834 -0.919969 -0.256058 0.655 0.518 0.408
v -0.093254 0.174847 -0.277535 0.788 0.627 0.486
v -0.501538 -0.201951 -0.187736 0.063 0.047 0.039
v 0.635845 -0.666764 -0.344859 0.867 0.686 0.529
v 0.169201 -0.411199 -0.102223 0.051 0.039 0.031
v -0.105519 0.438627 -0.108931 0.776 0.600 0.518
v -0.188431 0.061503 -0.339959 0.851 0.671 0.510
v -0.702753 -0.252145 -0.248860 0.898 0.733 0.569
v -0.555081 -0.701546 -0.090297 0.031 0.024 0.027
v 0.289374 -0.673568 -0.028651 0.055 0.047 0.039
v -0.006942 0.333197 -0.015798 0.843 0.663 0.565
v 0.022492 0.812700 0.100882 0.922 0.753 0.663
v 0.532835 -0.845926 -0.305773 0.871 0.671 0.522
v 0.226344 -0.946824 -0.067743 0.094 0.078 0.067
v -0.079099 -0.539154 -0.012785 0.047 0.043 0.035
v 0.115648 0.529848 0.135489 0.929 0.722 0.643
v -0.553438 -0.681315 -0.080553 0.027 0.020 0.016
v -0.617489 -0.368270 -0.212605 0.780 0.596 0.427
v -0.487268 -0.196217 -0.187641 0.039 0.035 0.020
v -0.139487 -0.054779 -0.241618 0.953 0.741 0.580
v 0.530611 -0.478431 -0.276078 0.910 0.741 0.561
v 0.040953 -0.936043 -0.019253 0.055 0.051 0.043
v 0.257131 -0.031486 -0.366624 0.882 0.710 0.549
v -0.573983 -0.466696 -0.172713 0.031 0.024 0.027
v -0.728060 -0.585455 -0.255278 0.859 0.686 0.549
v -0.525457 -0.507022 -0.090173 0.063 0.055 0.055
v 0.060602 0.187226 -0.216978 0.773 0.631 0.494
v -0.762571 -0.748590 -0.253980 0.843 0.667 0.525
v -0.707301 -0.569468 -0.250236 0.847 0.682 0.545
v 0.129816 0.088395 -0.272430 0.914 0.757 0.592
v -0.181633 -0.070625 -0.215736 0.114 0.067 0.051
v 0.123024 -0.796431 0.043150 0.098 0.086 0.082
v 0.442250 0.902037 -0.140053 0.396 0.290 0.208
v -0.233278 0.009927 -0.318496 0.890 0.714 0.565
v -0.044030 0.774730 0.068613 0.855 0.698 0.616
v 0.061119 -0.511519 -0.032911 0.051 0.039 0.035
v 0.463794 -0.860579 -0.269052 0.776 0.592 0.463
v -0.510261 -0.361042 -0.130166 0.059 0.039 0.031
v -0.225272 -0.723452 0.050186 0.082 0.067 0.078
v 0.097373 1.081489 -0.040747 0.220 0.157 0.094
v 0.396339 0.878582 -0.031822 0.800 0.647 0.545
v -0.393665 -0.089284 -0.251654 0.039 0.035 0.027
v 0.123394 0.899841 0.110683 0.973 0.792 0.686
v -0.353679 -0.847274 -0.000610 0.086 0.071 0.075
v -0.510241 -0.415224 -0.114388 0.055 0.039 0.031
v 0.203511 -0.762991 0.031779 0.090 0.078 0.078
v 0.198593 0.276372 -0.222387 0.753 0.604 0.471
v 0.488024 -0.965970 -0.264535 0.867 0.671 0.533
v -0.878244 -0.346237 -0.361330 0.639 0.471 0.341
v 0.051595 0.892103 0.097495 0.937 0.765 0.655
v -0.460580 -0.510138 -0.026464 0.047 0.039 0.031
v 0.236012 0.313770 -0.226238 0.706 0.569 0.451
v 0.076978 -1.006435 -0.052455 0.035 0.031 0.027
v 0.419490 0.716414 -0.168729 0.592 0.455 0.365
v -0.512066 -0.789199 -0.060635 0.071 0.047 0.047
v -0.815239 -0.124692 -0.381940 0.678 0.498 0.365
v -0.140910 0.077019 -0.309675 0.843 0.663 0.522
v -0.869544 -0.681299 -0.303999 0.800 0.600 0.459
v -0.003697 0.682370 0.053882 0.333 0.196 0.145
v 0.640601 -0.762879 -0.363235 0.855 0.667 0.506
v 0.295379 0.409462 -0.093315 0.863 0.682 0.565
v 0.434392 0.903220 -0.118131 0.537 0.412 0.322
v -0.504344 -0.687151 -0.013303 0.114 0.098 0.094
v 0.204599 0.073831 -0.322244 0.867 0.710 0.553
v 0.638529 -0.789687 -0.365558 0.851 0.655 0.498
v -0.403401 -0.463381 -0.030770 0.055 0.047 0.039
v 0.069301 -0.820709 0.035227 0.075 0.067 0.067
v -0.083329 1.001050 -0.100860 0.459 0.341 0.247
v 0.409542 0.844996 -0.061578 0.714 0.557 0.455
v -0.604775 -0.448640 -0.216538 0.482 0.345 0.227
v -0.117595 0.212306 -0.300561 0.741 0.576 0.439
v 0.354806 -0.960993 -0.252968 0.149 0.129 0.114
v 0.504971 -0.279885 -0.305946 0.949 0.796 0.635
v -0.244574 -0.470979 -0.021675 0.051 0.035 0.031
v 0.564695 -0.146065 -0.412129 0.922 0.737 0.576
v -0.151330 0.876197 -0.232984 0.247 0.184 0.129
v -0.031706 -0.694912 0.035713 0.059 0.047 0.047
v -0.065468 -0.086853 -0.232297 0.949 0.745 0.584
v 0.390380 -0.920292 -0.271763 0.122 0.098 0.090
v -0.131988 0.400078 -0.339536 0.729 0.529 0.392
v -0.128395 -0.763112 0.029852 0.078 0.063 0.059
v 0.431697 -0.720491 -0.287331 0.169 0.098 0.078
v -0.089424 -0.947819 -0.010676 0.039 0.035 0.027
v 0.430435 0.911928 -0.109862 0.545 0.420 0.314
v 0.246889 -0.810485 0.000766 0.071 0.055 0.047
v 0.389556 0.692195 -0.110500 0.820 0.647 0.533
v 0.069666 -0.658084 0.031655 0.059 0.043 0.039
v -0.588208 -0.872712 -0.180264 0.243 0.353 0.208
v 0.321042 0.798269 0.058053 0.914 0.741 0.631
v -0.420628 -0.245241 -0.151265 0.043 0.035 0.027
v -0.505566 -0.885975 -0.103954 0.118 0.086 0.078
v 0.429816 -0.603048 -0.224398 0.086 0.082 0.078
v -0.253914 -0.044133 -0.242802 0.051 0.043 0.031
v -0.681724 -0.838106 -0.231268 0.608 0.467 0.388
v -0.492627 -0.390969 -0.107558 0.051 0.035 0.027
v 0.268078 -0.012797 -0.386985 0.886 0.710 0.545
v -0.370512 -0.538138 0.019045 0.051 0.039 0.035
v 0.188334 -0.956305 -0.055528 0.071 0.055 0.051
v 0.593249 -0.639384 -0.318487 0.882 0.718 0.549
v 0.282620 -0.635370 -0.037632 0.059 0.043 0.039
v 0.301067 -0.753096 -0.025844 0.063 0.051 0.047
v 0.171403 -0.225015 -0.201621 0.039 0.031 0.020
v 0.583164 -0.121510 -0.472678 0.859 0.671 0.533
v 0.465419 -0.958214 -0.255297 0.839 0.647 0.514
v -0.698792 -0.367728 -0.233469 0.875 0.710 0.557
v 0.279417 0.410474 -0.062498 0.875 0.702 0.588
v -0.680901 -0.440256 -0.234561 0.875 0.718 0.573
v 0.015859 -0.122116 -0.226860 0.937 0.741 0.573
v 0.291269 0.723707 0.080177 0.925 0.749 0.655
v 0.442923 0.768063 -0.194026 0.392 0.286 0.204
v -0.128939 0.524042 -0.137963 0.753 0.573 0.478
v -0.113006 0.994250 -0.193595 0.314 0.231 0.165
v -0.594571 -0.375645 -0.202226 0.090 0.055 0.035
v -0.103918 0.982404 -0.146495 0.325 0.251 0.180
v 0.190534 0.494476 0.045102 0.906 0.698 0.600
v -0.581670 -0.735768 -0.149842 0.035 0.027 0.020
v -0.617799 0.023704 -0.347702 0.933 0.737 0.584
v 0.232242 0.696365 0.105212 0.416 0.278 0.196
v -0.127297 -0.450629 -0.050182 0.055 0.043 0.035
v -0.158892 0.797209 -0.254907 0.251 0.165 0.098
v -0.008666 0.300622 -0.022340 0.796 0.620 0.522
v 0.619680 -0.867969 -0.360323 0.863 0.647 0.490
v 0.098395 -0.646890 0.027783 0.059 0.043 0.035
v 0.518530 -0.874077 -0.294894 0.859 0.659 0.506
v -0.107973 0.410556 -0.280043 0.698 0.506 0.365
v 0.530298 -1.065940 -0.309012 0.878 0.671 0.533
v 0.285921 0.310223 -0.355173 0.757 0.576 0.435
v 0.454093 -0.255528 -0.304452 0.886 0.765 0.678
v 0.349873 -0.952544 -0.226433 0.176 0.157 0.141
v 0.002698 -0.763015 0.035025 0.090 0.082 0.078
v -0.884493 -0.675686 -0.316786 0.776 0.584 0.435
v 0.364623 0.696528 -0.043415 0.855 0.694 0.576
v -0.094329 0.687979 -0.018726 0.788 0.627 0.522
v -0.313612 -0.186193 -0.179069 0.035 0.031 0.024
v -0.119505 0.754876 -0.100289 0.769 0.612 0.514
v -0.102987 0.339230 -0.281248 0.761 0.588 0.447
v -0.046970 -0.900156 -0.001065 0.039 0.039 0.035
v 0.393013 -0.044565 -0.487832 0.125 0.118 0.118
v 0.411490 -0.045126 -0.519328 0.118 0.114 0.114
v 0.239947 -0.520907 -0.066686 0.043 0.035 0.027
v -0.104826 0.412124 -0.255997 0.612 0.431 0.310
v 0.231010 -0.062936 -0.322744 0.898 0.725 0.576
v -0.170379 -0.457814 -0.041136 0.051 0.039 0.035
v 0.638767 -0.162296 -0.431178 0.890 0.714 0.553
v -0.356655 -0.416127 -0.050753 0.043 0.031 0.027
v 0.280515 -0.799967 -0.017797 0.078 0.063 0.063
v -0.128226 -0.804501 0.024510 0.055 0.047 0.051
v 0.639775 -0.178821 -0.404407 0.890 0.714 0.545
v 0.306890 0.892475 0.063442 0.929 0.745 0.635
v -0.554019 -0.540781 -0.123696 0.027 0.024 0.016
v 0.100409 0.828294 0.120059 0.953 0.765 0.675
v 0.639307 -0.581985 -0.333580 0.882 0.718 0.545
v 0.047294 -0.956586 -0.027927 0.051 0.039 0.035
v -0.099707 0.212275 -0.282866 0.753 0.600 0.459
v -0.054207 0.759994 0.064068 0.522 0.373 0.282
v -0.268023 0.129456 -0.479465 0.863 0.659 0.498
v 0.336888 -0.247456 -0.241717 0.035 0.031 0.020
v -0.419237 -0.412646 -0.063148 0.051 0.039 0.031
v 0.136295 -1.067297 -0.080847 0.035 0.027 0.020
v 0.246661 -0.985941 -0.103588 0.086 0.059 0.059
v 0.315586 0.443470 -0.114481 0.824 0.651 0.522
v -0.412125 -0.705053 0.040271 0.051 0.043 0.039
v 0.005488 -0.965576 -0.024964 0.039 0.039 0.031
v 0.039119 -0.604787 0.011283 0.047 0.039 0.031
v 0.255989 0.282216 -0.295191 0.867 0.690 0.541
v 0.163907 0.769675 0.125836 0.957 0.780 0.686
v -0.422350 -0.554127 0.012336 0.059 0.043 0.039
v -0.110862 -0.990183 -0.016397 0.024 0.008 0.004
v 0.340942 0.701792 0.017742 0.867 0.710 0.604
v -0.590319 -0.183554 -0.232890 0.929 0.769 0.596
v -0.104360 -1.012514 -0.020647 0.035 0.020 0.016
v -0.178538 -0.660188 0.038472 0.075 0.059 0.063
v 0.442838 0.949491 -0.154259 0.514 0.416 0.349
v -0.098427 1.004090 -0.158385 0.322 0.247 0.180
v 0.000305 -0.465830 -0.055125 0.051 0.043 0.035
v -0.203947 0.057301 -0.347362 0.878 0.694 0.529
v 0.363035 -0.051025 -0.440322 0.141 0.122 0.114
v -0.694059 -0.425050 -0.234456 0.875 0.714 0.569
v -0.723629 -0.795778 -0.223162 0.796 0.620 0.498
v -0.761683 -0.528076 -0.262321 0.847 0.682 0.549
v -0.126133 0.281989 -0.316948 0.722 0.537 0.396
v 0.373608 0.579567 -0.186569 0.749 0.569 0.459
v 0.347582 -0.196000 -0.280954 0.039 0.031 0.020
v -0.099918 0.783745 -0.034071 0.753 0.608 0.514
v -0.327349 -0.581354 0.042926 0.047 0.039 0.031
v 0.184555 -0.929250 -0.037275 0.078 0.067 0.067
v -0.696780 -0.867491 -0.125769 0.698 0.537 0.431
v -0.154064 -0.444085 -0.051264 0.055 0.043 0.039
v 0.228353 0.165225 -0.314269 0.851 0.678 0.518
v -0.684435 -0.793199 -0.291555 0.439 0.329 0.263
v -0.388714 -0.402647 -0.062403 0.055 0.039 0.035
v 0.206110 -0.400451 -0.114212 0.047 0.039 0.031
v -0.235262 -0.416348 -0.054084 0.047 0.035 0.027
v 0.286037 0.811831 0.082143 0.922 0.741 0.624
v 0.429560 -0.701351 -0.257203 0.031 0.024 0.027
v 0.098970 -0.562912 -0.008924 0.055 0.043 0.035
v 0.531062 -0.913951 -0.303266 0.871 0.659 0.514
v -0.572067 -0.713705 -0.125452 0.043 0.031 0.035
v -0.132329 0.867306 -0.138474 0.400 0.294 0.220
v -0.062875 1.060148 -0.154054 0.298 0.220 0.157
v -0.170610 0.643526 -0.316031 0.592 0.322 0.239
v 0.545634 -0.809353 -0.311830 0.875 0.682 0.525
v -0.573466 -0.064337 -0.277317 0.945 0.780 0.616
v -0.835406 -0.199947 -0.356400 0.722 0.533 0.392
v 0.219968 0.890319 0.101649 0.961 0.784 0.675
v 0.374598 0.715440 -0.053924 0.843 0.675 0.557
v 0.237005 1.059779 -0.008238 0.263 0.216 0.145
v -0.528842 -0.523864 -0.087442 0.043 0.043 0.035
v 0.319348 -0.929003 -0.138387 0.118 0.094 0.094
v -0.006987 -0.489439 -0.040715 0.047 0.043 0.035
v -0.052531 -0.277900 -0.142663 0.055 0.051 0.043
v 0.243621 -1.011899 -0.113843 0.067 0.051 0.047
v -0.213822 -0.429583 -0.049454 0.051 0.039 0.035
v -0.053499 -0.046853 -0.259612 0.918 0.710 0.545
v 0.216277 -0.899583 -0.030280 0.075 0.071 0.063
v 0.247838 -0.673774 -0.000261 0.059 0.043 0.035
v -0.071339 -0.362454 -0.101082 0.039 0.035 0.027
v -0.565912 0.028496 -0.356307 0.949 0.753 0.600
v 0.150258 0.562658 0.086149 0.894 0.714 0.612
v -0.563667 -0.379063 -0.173052 0.055 0.031 0.024
v -0.094650 0.813957 -0.020780 0.753 0.600 0.502
v 0.072542 0.229285 -0.041891 0.600 0.424 0.337
v -0.442535 -0.407045 -0.074296 0.051 0.039 0.031
v -0.563893 -0.656116 -0.095576 0.039 0.039 0.039
v -0.096851 0.383011 -0.128727 0.718 0.553 0.455
v 0.181459 -0.712221 0.034928 0.071 0.051 0.051
v 0.259877 -0.203248 -0.242951 0.043 0.035 0.020
v 0.274483 0.093765 -0.423420 0.863 0.678 0.498
v 0.308169 -0.149879 -0.294993 0.039 0.031 0.020
v 0.269765 0.341046 -0.163528 0.655 0.537 0.412
v 0.137462 -0.766408 0.045566 0.098 0.090 0.086
v -0.128996 -0.477795 -0.036500 0.051 0.039 0.031
v 0.427405 0.868252 -0.097040 0.592 0.451 0.349
v -0.024143 1.002199 -0.013381 0.639 0.494 0.388
v 0.408066 -0.150687 -0.343426 0.035 0.031 0.016
v 0.167904 -0.423202 -0.095424 0.051 0.039 0.031
v -0.621626 -0.842424 -0.238260 0.165 0.220 0.118
v 0.609444 -0.485330 -0.312140 0.922 0.753 0.584
v 0.071898 -0.984125 -0.043079 0.043 0.043 0.039
v 0.363635 0.765896 0.002509 0.863 0.710 0.596
v 0.139579 0.583833 0.090785 0.890 0.698 0.596
v 0.442105 -0.769435 -0.288246 0.573 0.439 0.341
v 0.679488 -0.539619 -0.351810 0.878 0.710 0.533
v 0.485789 -0.687459 -0.276931 0.800 0.624 0.475
v 0.498289 -0.262414 -0.313273 0.949 0.800 0.635
v -0.145033 -0.161568 -0.183509 0.051 0.039 0.027
v 0.279779 0.400465 -0.072510 0.886 0.718 0.604
v -0.422622 -0.077354 -0.260788 0.039 0.031 0.024
v -0.650631 -0.525559 -0.236999 0.761 0.584 0.451
v -0.300182 0.047607 -0.360908 0.110 0.075 0.047
v 0.082507 -0.868256 0.019581 0.071 0.055 0.051
v -0.237200 -0.216527 -0.159094 0.035 0.031 0.024
v -0.317137 -0.916102 -0.010537 0.039 0.035 0.027
v 0.062625 0.488336 0.094333 0.208 0.020 0.008
v -0.164107 0.090426 -0.333331 0.765 0.592 0.447
v -0.305374 0.101721 -0.448827 0.800 0.608 0.471
v 0.198909 0.603835 0.043094 0.737 0.537 0.435
v 0.210820 -0.786953 0.026146 0.071 0.063 0.063
v 0.131053 0.484207 0.097449 0.600 0.345 0.278
v -0.053158 -0.880310 0.003402 0.055 0.051 0.043
v 0.486096 -0.099598 -0.444604 0.851 0.675 0.565
v -0.353848 -0.531499 0.018210 0.047 0.035 0.031
v -0.077152 0.726992 0.033853 0.776 0.612 0.545
v 0.269127 0.339443 -0.137142 0.698 0.541 0.431
v -0.411988 0.031776 -0.373249 0.024 0.016 0.008
v 0.239438 0.197513 -0.315988 0.839 0.667 0.502
v -0.581081 -0.622114 -0.133678 0.031 0.027 0.020
v 0.552578 -0.702446 -0.301324 0.882 0.706 0.545
v 0.443626 -0.059012 -0.512927 0.110 0.090 0.094
v 0.382605 -0.846986 -0.205246 0.094 0.086 0.067
v -0.676549 -0.565899 -0.245228 0.800 0.627 0.490
v 0.521975 -0.138518 -0.407170 0.914 0.737 0.576
v -0.428733 -0.024911 -0.302169 0.035 0.031 0.024
v 0.475567 -0.222762 -0.329996 0.937 0.776 0.620
v 0.349459 -0.855200 -0.119085 0.133 0.114 0.102
v -0.562822 -0.642696 -0.092032 0.043 0.039 0.035
v -0.567519 -0.356922 -0.177258 0.063 0.047 0.039
v 0.045288 -0.901618 -0.002897 0.051 0.039 0.031
v 0.168717 -0.998686 -0.075161 0.051 0.035 0.039
v 0.434419 0.806123 -0.137426 0.502 0.388 0.306
v 0.666171 -0.278741 -0.337891 0.922 0.761 0.600
v -0.102167 -0.138954 -0.189344 0.071 0.055 0.043
v 0.238480 0.670561 0.076898 0.667 0.506 0.408
v -0.209282 -0.135767 -0.195598 0.043 0.039 0.027
v 0.089811 0.871633 0.112252 0.961 0.784 0.682
v -0.585146 -0.694186 -0.142031 0.020 0.016 0.008
v -0.324791 0.094631 -0.443526 0.102 0.075 0.055
v -0.083081 0.970605 -0.067848 0.518 0.392 0.286
v 0.024319 0.237748 -0.060882 0.557 0.373 0.271
v -0.165228 0.045878 -0.317535 0.843 0.667 0.510
v 0.382153 0.875538 -0.011305 0.847 0.698 0.596
v 0.480361 -0.623273 -0.271103 0.757 0.608 0.431
v -0.861204 -0.246596 -0.385011 0.639 0.467 0.341
v -0.143631 0.126919 -0.323569 0.773 0.600 0.455
v 0.160536 -0.934195 -0.032127 0.102 0.078 0.082
v -0.741817 -0.796660 -0.216931 0.824 0.647 0.525
v -0.193560 -0.520279 -0.003851 0.051 0.047 0.039
v -0.943642 -0.623257 -0.429154 0.573 0.420 0.306
v 0.329868 0.018632 -0.504160 0.816 0.655 0.557
v -0.077085 0.820367 0.016013 0.765 0.604 0.502
v 0.424625 1.020464 -0.187962 0.384 0.310 0.259
v -0.010619 -0.038150 -0.277545 0.914 0.722 0.561
v 0.103195 0.020771 -0.278523 0.914 0.749 0.584
v 0.076658 -1.046946 -0.061181 0.047 0.039 0.031
v 0.243891 -0.593324 -0.033252 0.051 0.043 0.035
v -0.091193 0.952147 -0.073063 0.494 0.365 0.275
v 0.172769 -0.949917 -0.045940 0.082 0.067 0.067
v 0.276133 -0.459249 -0.107859 0.051 0.043 0.031
v 0.001822 0.939489 0.055068 0.875 0.686 0.576
v -0.175615 -0.717429 0.039430 0.086 0.082 0.078
v 0.244339 -0.374485 -0.137809 0.043 0.035 0.027
v -0.077457 -0.443963 -0.057724 0.055 0.043 0.035
v -0.495432 -0.402970 -0.105261 0.051 0.031 0.027
v -0.049162 1.003009 -0.038647 0.655 0.518 0.427
v 0.676211 -0.189105 -0.430775 0.878 0.698 0.541
v 0.356954 -0.800655 -0.095588 0.067 0.047 0.035
v -0.196453 0.039234 -0.331706 0.867 0.690 0.525
v 0.738162 -0.405265 -0.417057 0.788 0.616 0.447
v -0.062667 -0.107985 -0.217310 0.949 0.737 0.588
v 0.213025 0.818128 0.114164 0.965 0.792 0.694
v 0.423251 -0.756796 -0.271980 0.047 0.031 0.027
v 0.181593 0.676149 0.095215 0.694 0.510 0.396
v -0.464306 -0.901517 -0.076136 0.090 0.075 0.071
v 0.453453 0.978667 -0.212252 0.361 0.294 0.235
v -0.265255 -0.779696 0.044378 0.094 0.078 0.082
v -0.540239 -0.787872 -0.096195 0.024 0.020 0.016
v 0.096465 1.049186 0.012343 0.298 0.224 0.157
v -0.485161 -0.402447 -0.097265 0.051 0.035 0.027
v 0.320752 0.029298 -0.525884 0.824 0.647 0.506
v 0.306406 0.394867 -0.147356 0.722 0.549 0.443
v -0.536727 -0.606710 -0.056972 0.024 0.020 0.020
v -0.363427 -0.711925 0.055281 0.071 0.055 0.059
v 0.144577 -0.069459 -0.288052 0.933 0.749 0.584
v -0.020742 1.061638 -0.099227 0.431 0.333 0.247
v 0.314528 -0.033033 -0.397066 0.098 0.075 0.059
v -0.080595 -0.319265 -0.121334 0.047 0.043 0.031
v -0.124670 -0.824821 0.014149 0.051 0.043 0.043
v 0.548941 -0.497549 -0.283892 0.918 0.749 0.580
v 0.494315 -0.211498 -0.339925 0.941 0.776 0.616
v 0.407959 -0.051370 -0.494544 0.125 0.122 0.118
v 0.348979 -0.648094 -0.093192 0.051 0.035 0.031
v 0.418156 -0.234809 -0.287174 0.059 0.047 0.035
v -0.853182 -0.517386 -0.311362 0.784 0.616 0.478
v -0.651558 0.052433 -0.430591 0.847 0.620 0.490
v -0.370330 -0.130144 -0.221852 0.031 0.027 0.020
v -0.029843 0.668542 0.042280 0.490 0.408 0.376
v -0.132994 0.474473 -0.351731 0.706 0.518 0.408
v 0.176303 -1.039770 -0.089788 0.031 0.027 0.024
v -0.057308 -0.686272 0.033345 0.047 0.035 0.035
v -0.717795 -0.267944 -0.251622 0.894 0.729 0.569
v 0.189805 -0.284342 -0.175212 0.043 0.035 0.027
v -0.138990 0.707691 -0.164052 0.718 0.553 0.467
v -0.383443 -0.659451 0.053556 0.055 0.047 0.047
v -0.219381 -0.218142 -0.158959 0.039 0.035 0.027
v 0.237165 -0.666368 0.002614 0.055 0.047 0.039
v -0.501979 -0.635289 -0.009889 0.055 0.047 0.047
v -0.115267 0.734380 -0.081722 0.796 0.635 0.529
v -0.920083 -0.637691 -0.360849 0.733 0.549 0.404
v -0.233831 -0.671682 0.052878 0.055 0.043 0.043
v 0.344156 -0.799776 -0.079172 0.063 0.051 0.035
v 0.038844 -0.282829 -0.151550 0.047 0.039 0.027
v 0.241300 0.222516 -0.305775 0.855 0.686 0.518
v 0.389224 0.991659 -0.074888 0.420 0.333 0.255
v 0.177466 0.570584 0.048991 0.933 0.757 0.647
v 0.153239 -0.088914 -0.274195 0.925 0.737 0.580
v -0.626369 -0.622635 -0.216183 0.031 0.024 0.020
v 0.180254 0.352244 -0.009929 0.918 0.753 0.631
v 0.170423 -0.649922 0.020868 0.051 0.043 0.035
v 0.300474 -0.739416 -0.025979 0.047 0.039 0.031
v 0.030113 -0.133822 -0.214407 0.925 0.733 0.608
v -0.454695 -0.159476 -0.204251 0.039 0.031 0.020
v -0.299812 -0.681283 0.063815 0.051 0.047 0.043
v -0.841838 -0.259705 -0.331070 0.733 0.553 0.412
v 0.190363 0.227637 -0.255743 0.918 0.757 0.604
v 0.734095 -0.307875 -0.413161 0.839 0.663 0.502
v -0.131327 -0.425786 -0.062880 0.055 0.047 0.039
v -0.201684 -0.107521 -0.203592 0.043 0.035 0.024
v -0.401997 -0.621100 0.041032 0.071 0.055 0.055
v 0.340927 -0.099822 -0.357985 0.047 0.043 0.027
v -0.246972 -0.625970 0.046665 0.043 0.039 0.031
v 0.116800 0.560765 0.118447 0.914 0.710 0.624
v -0.115444 0.422993 -0.150063 0.725 0.549 0.459
v 0.128873 0.479065 0.076438 0.341 0.176 0.129
v -0.362501 -0.456988 -0.027471 0.039 0.031 0.027
v 0.018705 -0.644586 0.026055 0.059 0.047 0.043
v 0.368274 0.530764 -0.257098 0.710 0.388 0.298
v 0.248620 1.017531 0.032258 0.325 0.271 0.196
v 0.432344 -0.625064 -0.238985 0.094 0.063 0.055
v 0.276172 -0.660573 -0.022866 0.059 0.043 0.039
v 0.311359 -0.067974 -0.366557 0.051 0.035 0.024
v 0.439035 0.548643 -0.314645 0.863 0.557 0.455
v -0.021264 -0.321184 -0.126706 0.043 0.039 0.031
v 0.126344 0.548856 0.116511 0.906 0.710 0.620
v 0.183782 -1.014813 -0.086566 0.035 0.031 0.024
v 0.219770 -0.033484 -0.344287 0.878 0.702 0.541
v -0.135426 0.648078 -0.122397 0.745 0.549 0.439
v -0.172908 -0.182818 -0.175437 0.047 0.039 0.031
v 0.188512 0.060079 -0.312321 0.886 0.725 0.565
v 0.545035 -0.424010 -0.289211 0.918 0.741 0.557
v -0.218125 -0.810575 0.025015 0.055 0.047 0.043
v 0.421031 0.730177 -0.161819 0.627 0.486 0.388
v 0.004912 -0.320383 -0.130133 0.043 0.031 0.024
v 0.352399 -0.261405 -0.238638 0.047 0.039 0.027
v 0.568571 -0.637930 -0.304358 0.898 0.729 0.561
v 0.240184 -1.036760 -0.120507 0.043 0.039 0.031
v -0.148048 -0.897313 0.001200 0.039 0.035 0.031
v 0.651323 -0.472224 -0.330903 0.898 0.737 0.565
v -0.274634 -0.604466 0.045873 0.055 0.047 0.043
v -0.174424 -0.048650 -0.243398 0.937 0.733 0.580
v -0.044815 -0.523710 -0.020751 0.055 0.047 0.039
v -0.048796 -1.065243 -0.032865 0.027 0.024 0.016
v 0.408952 -0.061097 -0.471910 0.137 0.125 0.125
v 0.362226 -0.342023 -0.200648 0.051 0.043 0.031
v -0.125665 -0.296258 -0.128059 0.039 0.035 0.027
v 0.452121 0.766501 -0.221094 0.365 0.282 0.216
v 0.196999 -1.078586 -0.106460 0.039 0.039 0.031
v -0.883692 -0.336134 -0.379511 0.635 0.463 0.337
v 0.412191 -0.408330 -0.194655 0.059 0.051 0.039
v 0.571211 -0.287314 -0.312816 0.941 0.788 0.627
v 0.437768 0.989469 -0.181391 0.337 0.263 0.212
v -0.119430 0.919633 -0.118405 0.376 0.263 0.192
v -0.279690 -0.667513 0.062655 0.071 0.055 0.059
v -0.083605 -0.269178 -0.143876 0.047 0.039 0.031
v 0.266436 0.460279 0.000925 0.914 0.725 0.620
v -0.727344 -0.489391 -0.247657 0.859 0.694 0.553
v 0.249657 -0.310384 -0.174075 0.047 0.043 0.031
v -0.775500 -0.475982 -0.265962 0.847 0.682 0.549
v 0.208451 -0.039216 -0.335261 0.867 0.686 0.525
v -0.147589 0.878133 -0.213924 0.267 0.196 0.141
v -0.006059 -0.406453 -0.087223 0.039 0.035 0.027
v -0.900483 -0.663316 -0.332396 0.729 0.541 0.392
v 0.612927 -0.497885 -0.313827 0.914 0.749 0.580
v -0.760530 -0.209026 -0.278597 0.878 0.702 0.541
v 0.008806 -0.719489 0.039110 0.075 0.055 0.059
v -0.131914 -0.562218 0.001775 0.047 0.039 0.031
v -0.652008 -0.671318 -0.260451 0.408 0.322 0.247
v 0.262798 -0.534670 -0.069445 0.055 0.047 0.039
v -0.712590 -0.154496 -0.263205 0.894 0.733 0.573
v 0.468380 0.863028 -0.256228 0.282 0.231 0.192
v 0.336133 -0.927461 -0.163566 0.110 0.086 0.086
v 0.345743 -0.067335 -0.397533 0.047 0.039 0.027
v 0.003131 0.137337 -0.242651 0.843 0.682 0.533
v 0.478397 -0.980049 -0.260822 0.855 0.659 0.529
v 0.227406 -0.202404 -0.231019 0.039 0.035 0.020
v -0.086995 0.788070 0.003854 0.737 0.580 0.498
v 0.482919 -0.484695 -0.243445 0.827 0.639 0.459
v -0.152229 0.875888 -0.257328 0.278 0.220 0.173
v 0.037056 -0.856677 0.021070 0.071 0.055 0.055
v -0.271237 -0.880201 0.005202 0.035 0.031 0.031
v -0.864093 -0.544391 -0.318575 0.765 0.592 0.455
v 0.663616 -0.169250 -0.459244 0.859 0.678 0.522
v -0.691552 -0.796474 -0.276377 0.541 0.416 0.345
v 0.407182 -0.088353 -0.411243 0.043 0.043 0.024
v 0.633613 -0.503272 -0.323192 0.914 0.749 0.580
v -0.704886 -0.058865 -0.284202 0.925 0.761 0.600
v -0.025356 1.027439 -0.047655 0.549 0.416 0.329
v -0.602562 -0.065070 -0.273758 0.929 0.765 0.604
v -0.426242 -0.199763 -0.179545 0.043 0.035 0.027
v -0.262922 -0.754813 0.048938 0.098 0.086 0.090
v 0.227322 -0.833831 0.003541 0.067 0.051 0.051
v -0.689825 -0.822917 -0.236132 0.627 0.482 0.400
v -0.075474 0.454734 -0.047829 0.757 0.580 0.498
v -0.782656 -0.463524 -0.268205 0.843 0.686 0.545
v 0.237358 -0.942384 -0.071349 0.094 0.078 0.078
v 0.523547 -0.179626 -0.369911 0.922 0.753 0.588
v 0.440289 -0.808542 -0.282938 0.600 0.459 0.353
v -0.383107 -0.452244 -0.033524 0.055 0.043 0.039
v 0.351363 -0.974396 -0.258543 0.145 0.122 0.110
v 0.158765 -0.848518 0.023029 0.075 0.063 0.059
v -0.655725 -0.158612 -0.251560 0.910 0.745 0.580
v -0.838816 -0.656013 -0.288466 0.847 0.659 0.510
v -0.821038 -0.261579 -0.307605 0.812 0.643 0.486
v -0.111777 -0.686314 0.031904 0.059 0.047 0.051
v -0.003631 -0.501506 -0.034689 0.059 0.047 0.043
v 0.204306 -0.745026 0.031052 0.075 0.063 0.063
v -0.324579 -0.565197 0.036996 0.051 0.043 0.035
v -0.801419 -0.088515 -0.390680 0.686 0.494 0.376
v -0.090134 0.769313 0.001335 0.753 0.616 0.529
v 0.167820 -1.030240 -0.084650 0.039 0.031 0.024
v 0.010390 -0.892426 -0.000585 0.059 0.055 0.047
v -0.950267 -0.665025 -0.416231 0.588 0.443 0.329
v 0.539061 -0.161810 -0.388642 0.925 0.749 0.592
v -0.127478 0.567815 -0.105594 0.718 0.537 0.439
v 0.273662 -0.220469 -0.236759 0.043 0.035 0.024
v -0.268382 -0.615503 0.048052 0.051 0.039 0.035
v -0.430167 -0.378856 -0.083090 0.043 0.031 0.024
v 0.415199 -0.556810 -0.183690 0.094 0.082 0.078
v 0.153283 1.068821 -0.008229 0.227 0.165 0.094
v 0.440174 -0.108740 -0.388982 0.039 0.039 0.020
v 0.401836 -0.716972 -0.180114 0.047 0.039 0.035
v 0.351876 -0.095583 -0.369311 0.043 0.035 0.024
v 0.020459 1.094582 -0.116653 0.165 0.102 0.055
v 0.303989 1.024234 -0.013715 0.298 0.235 0.157
v -0.381217 -0.016284 -0.311314 0.027 0.020 0.012
v 0.020480 0.747848 0.109589 0.792 0.624 0.533
v -0.116789 0.783278 -0.089351 0.749 0.608 0.510
v -0.590521 0.047763 -0.386912 0.925 0.718 0.573
v -0.643778 -0.651838 -0.247382 0.427 0.333 0.247
v 0.083292 0.466113 0.100143 0.580 0.341 0.298
v 0.641438 -0.833509 -0.372175 0.843 0.635 0.478
v 0.323834 0.735587 0.052162 0.914 0.757 0.655
v 0.521546 -0.209059 -0.346293 0.933 0.765 0.604
v -0.109299 0.806029 -0.061883 0.773 0.616 0.510
v 0.375263 0.942843 -0.006253 0.667 0.522 0.416
v 0.349524 -0.498777 -0.130358 0.055 0.047 0.039
v -0.582019 -0.579779 -0.152281 0.031 0.027 0.020
v 0.538525 -0.828664 -0.308591 0.871 0.678 0.525
v 0.048311 0.996143 0.050596 0.757 0.576 0.475
v -0.701162 0.002109 -0.342055 0.863 0.667 0.533
v -0.029055 0.410802 -0.003134 0.816 0.635 0.537
v -0.073183 0.915552 -0.011190 0.757 0.584 0.486
v 0.169397 0.999196 0.066944 0.565 0.431 0.333
v -0.152602 -0.026531 -0.268838 0.918 0.722 0.561
v 0.092765 -0.491350 -0.047950 0.047 0.035 0.031
v 0.223027 -0.591448 -0.025368 0.051 0.039 0.031
v 0.577722 -0.814850 -0.331543 0.863 0.671 0.514
v -0.442719 -0.479524 -0.035280 0.051 0.035 0.031
v -0.675994 -0.068425 -0.268937 0.945 0.784 0.627
v 0.311803 0.804033 0.065040 0.918 0.745 0.627
v 0.350334 -0.770386 -0.079912 0.063 0.043 0.039
v 0.541320 -0.289688 -0.309408 0.945 0.792 0.631
v 0.117632 -0.032125 -0.288516 0.890 0.702 0.545
v -0.147649 0.706807 -0.299505 0.345 0.098 0.047
v 0.240376 0.336747 -0.073322 0.878 0.694 0.573
v -0.118314 0.842048 -0.082457 0.631 0.482 0.392
v 0.046364 0.903085 0.091300 0.925 0.741 0.635
v 0.137929 0.730524 0.127331 0.937 0.765 0.667
v -0.025045 0.050708 -0.265535 0.906 0.737 0.565
v -0.562649 -0.620922 -0.099066 0.027 0.024 0.020
v 0.077917 0.167007 -0.225496 0.867 0.710 0.569
v -0.536195 -0.462995 -0.128434 0.035 0.027 0.024
v 0.182927 -0.761842 0.037459 0.086 0.075 0.075
v -0.677051 -0.821644 -0.286142 0.400 0.302 0.247
v 0.399154 -0.545627 -0.159967 0.082 0.055 0.055
v -0.123609 0.966644 -0.192884 0.239 0.161 0.098
v -0.892478 -0.584075 -0.340406 0.698 0.537 0.420
v 0.347996 0.516788 -0.173109 0.784 0.608 0.494
v 0.200383 -0.496702 -0.065057 0.047 0.039 0.031
v 0.244916 0.718724 0.107557 0.925 0.745 0.659
v -0.132982 0.604369 -0.178238 0.710 0.522 0.424
v -0.739499 -0.705783 -0.268808 0.839 0.667 0.529
v -0.102475 0.828710 -0.039394 0.733 0.584 0.502
v -0.087605 -0.211238 -0.168402 0.051 0.039 0.031
v -0.860506 -0.326997 -0.334625 0.698 0.529 0.396
v 0.117785 0.154785 -0.245192 0.918 0.769 0.624
v 0.228094 0.200285 -0.300933 0.867 0.694 0.529
v -0.291658 -0.465023 -0.020603 0.047 0.035 0.031
v -0.485265 -0.052071 -0.276393 0.098 0.078 0.059
v -0.100584 -0.044799 -0.255345 0.941 0.733 0.569
v 0.370165 0.704095 -0.051923 0.851 0.675 0.557
v 0.297002 -1.065741 -0.198839 0.224 0.216 0.220
v 0.296026 -0.068136 -0.354110 0.063 0.051 0.035
v -0.067469 0.320733 -0.242041 0.706 0.537 0.412
v -0.370178 -0.825860 0.009185 0.051 0.039 0.043
v -0.235769 -0.201471 -0.167051 0.039 0.035 0.027
v -0.050042 1.068156 -0.149531 0.306 0.239 0.169
v 0.356486 0.859837 0.024296 0.894 0.729 0.620
v 0.006191 -0.032521 -0.278533 0.922 0.733 0.569
v 0.171601 0.411016 0.029152 0.875 0.702 0.592
v 0.331507 1.001533 -0.007554 0.361 0.306 0.231
v 0.406434 -0.482974 -0.177076 0.039 0.035 0.020
v -0.129775 0.638720 -0.080345 0.788 0.592 0.478
v 0.323368 0.452610 -0.134169 0.800 0.627 0.510
v 0.152472 0.403315 0.037458 0.894 0.682 0.600
v -0.510711 0.050741 -0.399151 0.910 0.714 0.573
v -0.226949 -0.401740 -0.063520 0.043 0.035 0.027
v 0.078703 0.572013 0.107994 0.804 0.616 0.522
v -0.595654 -0.722901 -0.172820 0.024 0.020 0.012
v 0.297454 0.360695 -0.329194 0.831 0.651 0.498
v 0.189700 0.469002 0.041169 0.914 0.718 0.612
v 0.265862 -0.287786 -0.192330 0.047 0.039 0.027
v 0.247079 -0.920202 -0.062416 0.094 0.078 0.075
v -0.121337 0.804417 -0.100990 0.714 0.565 0.471
v 0.053487 0.602679 0.058975 0.847 0.655 0.549
v 0.454483 0.789706 -0.209691 0.341 0.251 0.180
v -0.149671 0.851075 -0.209225 0.329 0.255 0.196
v -0.050230 0.398319 -0.033589 0.753 0.580 0.506
v 0.329335 0.617893 -0.013575 0.875 0.710 0.580
v -0.833878 -0.573583 -0.294450 0.824 0.643 0.510
v -0.032563 0.873557 0.049988 0.875 0.706 0.604
v 0.363777 -0.621567 -0.114410 0.051 0.039 0.031
v 0.431391 -0.638018 -0.240125 0.055 0.031 0.035
v -0.593468 -0.389223 -0.204422 0.078 0.031 0.020
v 0.431237 -0.554078 -0.211246 0.078 0.063 0.055
v 0.580457 -0.427936 -0.302995 0.929 0.769 0.592
v -0.025951 0.599515 0.030394 0.945 0.749 0.620
v 0.233756 0.713128 0.112608 0.906 0.729 0.659
v 0.347938 -0.035249 -0.438045 0.133 0.110 0.110
v 0.496256 -0.379778 -0.271361 0.929 0.765 0.588
v 0.196459 -0.926917 -0.039939 0.082 0.067 0.063
v -0.912520 -0.620778 -0.358717 0.655 0.490 0.361
v -0.226265 -0.057740 -0.225774 0.067 0.047 0.035
v 0.437499 0.742748 -0.196452 0.467 0.361 0.275
v 0.343413 0.511850 -0.149946 0.769 0.600 0.475
v -0.313094 -0.698169 0.063978 0.055 0.051 0.051
v 0.180633 -0.826406 0.027854 0.071 0.059 0.055
v 0.413366 -0.797758 -0.263216 0.051 0.047 0.039
v 0.563282 -0.441125 -0.295446 0.929 0.757 0.580
v 0.742294 -0.351922 -0.435891 0.808 0.639 0.475
v -0.059652 0.811064 0.043500 0.843 0.682 0.584
v -0.153088 -0.013043 -0.282700 0.910 0.729 0.569
v -0.673465 -0.854279 -0.179092 0.671 0.518 0.427
v -0.235675 -0.530216 0.009819 0.055 0.039 0.035
v -0.590319 -0.836862 -0.176869 0.063 0.051 0.047
v -0.079884 -0.152608 -0.187980 0.047 0.031 0.024
v -0.401478 -0.757847 0.026919 0.075 0.063 0.059
v -0.150642 -0.569309 0.007647 0.047 0.035 0.035
v -0.449992 -0.728678 0.017380 0.043 0.039 0.039
v 0.352881 0.552770 -0.111423 0.776 0.604 0.475
v -0.411017 -0.362513 -0.085578 0.051 0.039 0.031
v 0.244820 -0.294176 -0.182512 0.047 0.039 0.027
v -0.681698 -0.203997 -0.249971 0.910 0.749 0.580
v 0.150745 -0.960983 -0.050068 0.043 0.035 0.031
v 0.376590 -0.697699 -0.118848 0.059 0.043 0.035
v 0.193811 -0.453299 -0.084047 0.051 0.043 0.031
v 0.250373 0.540991 0.031616 0.941 0.718 0.596
v 0.417840 0.980865 -0.125332 0.412 0.329 0.251
v -0.154952 -0.772383 0.031607 0.102 0.090 0.094
v 0.341710 0.982573 0.004123 0.455 0.373 0.271
v -0.774346 -0.365431 -0.263898 0.859 0.694 0.557
v -0.152573 0.853614 -0.223461 0.192 0.110 0.055
v 0.204669 0.006631 -0.334983 0.875 0.725 0.576
v 0.117514 -0.411900 -0.096728 0.051 0.043 0.035
v -0.110647 0.491105 -0.092245 0.761 0.592 0.502
v 0.423244 -0.681723 -0.232111 0.051 0.039 0.043
v -0.448479 0.039935 -0.374097 0.047 0.031 0.020
v 0.164490 -1.088163 -0.094124 0.043 0.039 0.031
v -0.125329 -0.314072 -0.119623 0.043 0.035 0.031
v -0.446151 -0.664050 0.027970 0.059 0.047 0.043
v -0.103410 0.447897 -0.100215 0.773 0.600 0.514
v 0.458185 0.916615 -0.185534 0.361 0.290 0.227
v 0.127276 0.571675 0.106530 0.894 0.698 0.604
v 0.112243 0.106305 -0.262914 0.902 0.745 0.592
v -0.176020 -0.705234 0.040048 0.063 0.055 0.059
v 0.175487 0.147505 -0.276130 0.914 0.761 0.596
v -0.841601 -0.504230 -0.302788 0.800 0.643 0.502
v 0.591695 -0.368779 -0.309487 0.933 0.776 0.604
v 0.031775 -0.920190 -0.012339 0.055 0.051 0.051
v 0.378653 -1.029563 -0.275333 0.333 0.259 0.204
v 0.305008 1.040773 -0.033273 0.322 0.275 0.204
v -0.014966 -0.114418 -0.229640 0.941 0.745 0.573
v 0.295865 -1.083136 -0.204764 0.278 0.271 0.275
v -0.027402 -0.935079 -0.010661 0.051 0.047 0.039
v 0.321060 0.004731 -0.457521 0.855 0.686 0.592
v 0.135493 0.204616 -0.230984 0.914 0.765 0.616
v -0.635394 -0.536543 -0.229428 0.627 0.486 0.365
v 0.649630 -0.175621 -0.417732 0.894 0.714 0.549
v 0.520853 -0.691013 -0.284260 0.871 0.686 0.525
v 0.370094 0.589192 -0.141125 0.808 0.616 0.490
v 0.163725 -0.764214 0.041660 0.094 0.086 0.082
v -0.030336 -0.380300 -0.096776 0.043 0.039 0.031
v 0.525785 -0.651001 -0.282886 0.863 0.690 0.525
v 0.167732 0.210168 -0.248129 0.918 0.765 0.604
v 0.435659 -0.282368 -0.275708 0.141 0.118 0.114
v 0.012491 -0.552962 -0.009985 0.051 0.035 0.031
v -0.383164 -0.495495 -0.007893 0.051 0.035 0.031
v 0.165496 0.273267 -0.183865 0.600 0.463 0.369
v 0.330438 0.802654 0.050014 0.918 0.749 0.635
v -0.205582 -0.389841 -0.073104 0.043 0.035 0.027
v -0.156985 -0.374551 -0.086780 0.051 0.043 0.039
v 0.198329 0.927167 0.093660 0.945 0.765 0.651
v 0.559050 -0.173887 -0.381163 0.914 0.729 0.569
v -0.294167 -0.369812 -0.074940 0.039 0.031 0.024
v 0.158422 -0.157629 -0.227724 0.051 0.039 0.027
v 0.371971 -0.079772 -0.405023 0.055 0.051 0.035
v 0.625398 -0.177655 -0.395701 0.898 0.714 0.549
v -0.234731 -0.918126 0.001219 0.031 0.027 0.020
v 0.171752 -0.400812 -0.108247 0.051 0.043 0.031
v -0.850381 -0.598265 -0.303039 0.804 0.627 0.482
v -0.188546 -0.411494 -0.063988 0.047 0.035 0.027
v -0.187539 -0.388355 -0.076087 0.051 0.039 0.031
v -0.133056 0.612207 -0.113030 0.678 0.490 0.388
v 0.149049 0.436211 0.052769 0.902 0.714 0.604
v -0.074106 0.440047 -0.053197 0.765 0.588 0.506
v -0.091963 0.556451 -0.014352 0.816 0.624 0.533
v 0.533695 -0.938997 -0.303847 0.863 0.659 0.514
v -0.729735 -0.345415 -0.245667 0.867 0.698 0.549
v -0.103451 0.549430 -0.035284 0.745 0.565 0.478
v 0.612293 -0.205928 -0.359463 0.918 0.737 0.573
v -0.649364 -0.037314 -0.282522 0.957 0.796 0.639
v -0.303104 -0.668012 0.063825 0.071 0.051 0.055
v -0.730355 -0.070011 -0.293291 0.878 0.718 0.561
v -0.804758 -0.242057 -0.298034 0.839 0.659 0.494
v 0.313294 -1.043200 -0.228741 0.145 0.114 0.106
v 0.116897 -0.506932 -0.041418 0.055 0.047 0.039
v -0.094740 0.767123 -0.013561 0.765 0.604 0.518
v -0.050766 0.310558 -0.217985 0.639 0.490 0.376
v 0.544686 -0.690617 -0.296014 0.886 0.710 0.549
v -0.918440 -0.540399 -0.404486 0.565 0.412 0.290
v 0.493504 -0.330740 -0.283402 0.945 0.784 0.616
v -0.514323 -0.041500 -0.295683 0.937 0.769 0.620
v -0.628287 -0.260114 -0.219967 0.898 0.729 0.561
v 0.556339 -0.658478 -0.299323 0.890 0.722 0.557
v -0.046073 -0.681634 0.033352 0.063 0.043 0.051
v 0.398482 -0.715482 -0.167835 0.086 0.067 0.067
v -0.421496 -0.624797 0.034613 0.067 0.059 0.055
v -0.348154 -0.815064 0.023503 0.063 0.055 0.051
v -0.157192 0.742026 -0.293651 0.565 0.337 0.267
v 0.436352 -0.927360 -0.254058 0.722 0.557 0.451
v -0.648043 -0.633908 -0.244667 0.467 0.369 0.290
v -0.799809 -0.668172 -0.273830 0.839 0.655 0.518
v -0.015079 0.891591 0.059958 0.878 0.710 0.608
v -0.075008 0.339842 -0.112115 0.686 0.522 0.424
v 0.233473 0.011916 -0.362444 0.859 0.690 0.533
v -0.791574 -0.101583 -0.344785 0.757 0.565 0.443
v -0.458512 -0.378363 -0.092711 0.055 0.039 0.031
v 0.056664 -1.077798 -0.058984 0.027 0.024 0.016
v 0.728735 -0.315060 -0.395261 0.847 0.675 0.525
v 0.186224 -0.172728 -0.232126 0.043 0.035 0.024
v -0.518846 -0.190762 -0.202054 0.094 0.059 0.043
v 0.308614 -0.323426 -0.186827 0.043 0.035 0.024
v 0.169809 0.345827 -0.008545 0.902 0.718 0.604
v -0.616424 -0.700894 -0.212113 0.027 0.020 0.008
v -0.146853 0.721384 -0.240022 0.702 0.529 0.447
v -0.753755 -0.614392 -0.263136 0.843 0.671 0.533
v 0.374688 -0.668902 -0.120538 0.059 0.051 0.051
v -0.233785 -0.265897 -0.133616 0.039 0.035 0.027
v 0.097680 0.168269 -0.230630 0.906 0.749 0.608
v 0.096483 0.932412 0.094305 0.961 0.784 0.675
v -0.085517 -0.494510 -0.031251 0.055 0.043 0.039
v 0.266614 -1.014116 -0.136643 0.094 0.067 0.075
v 0.311980 -0.577914 -0.081734 0.059 0.047 0.039
v 0.024457 0.960153 0.058558 0.859 0.671 0.561
v 0.381465 -0.050622 -0.460555 0.129 0.114 0.114
v 0.161788 -0.243425 -0.190950 0.047 0.039 0.027
v 0.110719 0.808611 0.123309 0.957 0.784 0.686
v 0.380709 -1.003305 -0.273254 0.310 0.239 0.184
v -0.101876 1.004263 -0.170597 0.373 0.294 0.227
v 0.411036 0.917064 -0.063574 0.690 0.557 0.459
v 0.157151 -0.428992 -0.090731 0.047 0.035 0.027
v 0.634750 -0.448049 -0.323096 0.914 0.749 0.580
v -0.231356 -0.108956 -0.210191 0.039 0.031 0.024
v 0.573953 -0.119240 -0.459209 0.882 0.702 0.573
v 0.474336 -0.335825 -0.272289 0.933 0.769 0.600
v -0.262182 -0.565503 0.030785 0.051 0.039 0.031
v -0.339902 -0.463174 -0.020932 0.043 0.031 0.024
v 0.094852 -0.019742 -0.278064 0.902 0.718 0.545
v 0.330818 -0.049689 -0.400289 0.067 0.063 0.051
v 0.418764 0.898006 -0.079194 0.714 0.557 0.459
v -0.426091 -0.494603 -0.019590 0.055 0.043 0.035
v 0.120462 -0.979581 -0.053223 0.031 0.024 0.024
v -0.745225 -0.221103 -0.269770 0.882 0.710 0.549
v 0.137574 -0.963519 -0.048496 0.047 0.043 0.035
v 0.584676 -0.270052 -0.318078 0.953 0.796 0.635
v -0.297678 -0.267187 -0.130238 0.039 0.035 0.024
v 0.395601 0.675008 -0.141132 0.733 0.588 0.486
v 0.738104 -0.293234 -0.442837 0.816 0.631 0.471
v -0.131909 0.684935 -0.121562 0.827 0.631 0.533
v -0.536194 -0.343440 -0.152689 0.051 0.027 0.020
v 0.093302 -0.114634 -0.240584 0.949 0.757 0.592
v -0.115229 0.431472 -0.139990 0.729 0.553 0.467
v -0.846033 -0.437237 -0.304997 0.784 0.616 0.486
v 0.366885 -0.176786 -0.303947 0.039 0.035 0.020
v 0.638934 -0.305672 -0.322619 0.941 0.784 0.627
v -0.477007 -0.092570 -0.246958 0.075 0.067 0.051
v -0.241928 -0.282596 -0.124875 0.043 0.035 0.027
v -0.071534 1.056810 -0.169279 0.263 0.188 0.129
v -0.643184 -0.805870 -0.278194 0.184 0.133 0.106
v 0.387465 -1.090170 -0.269320 0.537 0.416 0.345
v 0.489472 -0.559126 -0.263293 0.796 0.612 0.431
v -0.049761 -0.922179 -0.006302 0.039 0.035 0.031
v 0.078497 -0.707768 0.044959 0.075 0.059 0.051
v 0.211569 0.016369 -0.340077 0.851 0.694 0.549
v 0.386401 -0.883549 -0.267851 0.349 0.329 0.314
v 0.549945 -0.144084 -0.409630 0.922 0.737 0.576
v -0.235313 -0.179912 -0.177982 0.039 0.035 0.027
v -0.578831 -0.145305 -0.245507 0.933 0.776 0.608
v -0.529346 -0.777721 -0.076656 0.035 0.031 0.024
v 0.289005 -0.813161 -0.030692 0.063 0.055 0.055
v -0.186087 0.088863 -0.354159 0.835 0.655 0.498
v -0.638554 -0.822846 -0.270296 0.192 0.149 0.118
v 0.326106 -0.851524 -0.085579 0.118 0.102 0.098
v 0.433286 0.702597 -0.220884 0.498 0.384 0.314
v -0.018103 0.355573 -0.018314 0.820 0.647 0.541
v -0.928877 -0.580766 -0.408532 0.569 0.416 0.294
v 0.252301 0.324625 -0.114913 0.753 0.569 0.467
v -0.884507 -0.499654 -0.343333 0.686 0.533 0.404
v -0.131863 0.954610 -0.216311 0.263 0.200 0.141
v 0.407424 0.916915 -0.051994 0.682 0.537 0.420
v -0.095316 -0.858316 0.006685 0.039 0.035 0.035
v 0.358884 0.617202 -0.070788 0.871 0.651 0.510
v -0.041926 -0.072777 -0.256364 0.957 0.765 0.604
v 0.325305 1.068048 -0.091188 0.173 0.137 0.075
v 0.395834 -0.589464 -0.154725 0.059 0.051 0.043
v -0.881624 -0.370914 -0.360674 0.639 0.471 0.349
v -0.131451 0.455558 -0.341610 0.722 0.533 0.412
v -0.083182 0.831195 0.000999 0.773 0.612 0.510
v -0.114739 0.943144 -0.127488 0.392 0.294 0.216
v 0.565943 -0.273350 -0.316264 0.945 0.792 0.631
v 0.602067 -0.823994 -0.346074 0.863 0.667 0.514
v 0.103676 -0.602633 0.009668 0.047 0.039 0.027
v 0.118585 0.361001 0.037215 0.851 0.467 0.439
v 0.150680 -0.759984 0.044066 0.086 0.067 0.067
v -0.422673 -0.700400 0.036221 0.047 0.047 0.047
v -0.426799 -0.336163 -0.102573 0.055 0.043 0.035
v -0.713395 -0.863664 -0.142727 0.733 0.561 0.463
v -0.774057 -0.530192 -0.267105 0.839 0.675 0.541
v 0.441568 0.964175 -0.165289 0.396 0.314 0.255
v 0.294917 0.443621 -0.061085 0.863 0.686 0.573
v 0.290259 1.026055 -0.003441 0.294 0.235 0.157
v 0.431642 0.813332 -0.125222 0.573 0.447 0.365
v 0.341876 -0.531535 -0.116162 0.055 0.043 0.035
v -0.357663 -0.225675 -0.156146 0.043 0.035 0.027
v 0.273368 -0.605366 -0.044225 0.051 0.043 0.035
v -0.132915 -0.528910 -0.012352 0.051 0.043 0.035
v -0.089601 -0.586046 0.006248 0.055 0.043 0.039
v -0.324721 -0.540685 0.025997 0.047 0.035 0.031
v 0.273698 0.074067 -0.414894 0.867 0.682 0.518
v 0.365987 -0.540266 -0.131025 0.051 0.043 0.035
v -0.172856 0.653657 -0.323400 0.631 0.310 0.231
v -0.215923 0.001948 -0.308255 0.886 0.710 0.557
v -0.895206 -0.377266 -0.401987 0.600 0.443 0.314
v 0.151376 0.482675 0.059095 0.706 0.459 0.384
v 0.076396 -0.375859 -0.112421 0.051 0.043 0.035
v -0.104422 0.965035 -0.125301 0.420 0.318 0.239
v 0.042586 0.561149 0.060560 0.851 0.671 0.565
v -0.614203 -0.511318 -0.219765 0.439 0.322 0.224
v 0.357866 -0.223691 -0.265576 0.043 0.039 0.024
v 0.085569 0.477780 0.148569 0.694 0.502 0.439
v 0.066428 -1.002071 -0.048206 0.043 0.039 0.031
v 0.369096 -0.028805 -0.481416 0.133 0.110 0.114
v 0.164584 -0.539899 -0.034169 0.051 0.035 0.031
v 0.104668 -0.814799 0.039867 0.082 0.067 0.063
v 0.287195 -0.897774 -0.077158 0.129 0.110 0.106
v 0.425176 0.627138 -0.286020 0.937 0.765 0.667
v -0.073155 0.268911 -0.259387 0.741 0.584 0.447
v -0.541149 -0.123516 -0.249983 0.937 0.784 0.616
v -0.148620 0.793751 -0.192550 0.361 0.263 0.192
v -0.598501 -0.779957 -0.190131 0.031 0.027 0.020
v 0.732146 -0.374491 -0.398680 0.827 0.659 0.490
v 0.379883 0.736677 -0.049392 0.839 0.675 0.553
v -0.078586 -0.433127 -0.063630 0.055 0.043 0.035
v 0.526309 -0.462644 -0.275450 0.914 0.741 0.557
v 0.356894 0.538923 -0.177565 0.765 0.580 0.463
v 0.029088 -0.956948 -0.025879 0.043 0.039 0.035
v 0.264385 1.099009 -0.094050 0.431 0.322 0.227
v -0.898089 -0.468528 -0.379238 0.600 0.447 0.322
v 0.220330 0.054385 -0.346584 0.847 0.675 0.522
v -0.506035 -0.446803 -0.097075 0.051 0.043 0.031
v 0.169332 0.830294 0.120877 0.969 0.792 0.686
v -0.062762 -0.572893 0.000321 0.055 0.043 0.039
v -0.049759 0.721790 0.060095 0.757 0.573 0.494
v -0.847667 -0.493884 -0.307595 0.784 0.624 0.494
v -0.682512 -0.033310 -0.291075 0.941 0.769 0.620
v 0.053832 1.015165 0.039167 0.596 0.439 0.345
v -0.885288 -0.349912 -0.376298 0.624 0.455 0.345
v 0.629192 -0.731976 -0.351277 0.859 0.671 0.514
v 0.365346 -0.261975 -0.243842 0.039 0.035 0.024
v -0.510824 -0.491433 -0.078083 0.055 0.047 0.043
v -0.677252 -0.494437 -0.239601 0.859 0.698 0.549
v -0.181944 -0.272509 -0.134805 0.035 0.031 0.024
v -0.181196 -0.252291 -0.144691 0.039 0.035 0.027
v -0.419315 -0.182838 -0.188848 0.039 0.035 0.024
v 0.613881 -0.645581 -0.330545 0.886 0.714 0.549
v 0.210210 0.651441 0.054155 0.467 0.290 0.220
v 0.416896 -0.806269 -0.274960 0.153 0.102 0.063
v 0.123401 -0.528298 -0.031514 0.055 0.043 0.035
v 0.070097 -0.948737 -0.027931 0.059 0.051 0.043
v -0.271357 -0.539886 0.020499 0.047 0.039 0.031
v 0.139286 0.271746 -0.006606 0.910 0.714 0.612
v 0.154824 -0.042077 -0.303324 0.902 0.729 0.569
v -0.008230 0.869135 0.070961 0.882 0.714 0.612
v 0.383151 0.959316 -0.029987 0.553 0.408 0.310
v -0.160543 0.729073 -0.269506 0.380 0.125 0.082
v 0.213361 0.304900 -0.065524 0.882 0.698 0.588
v 0.284499 -0.296825 -0.192551 0.039 0.035 0.024
v -0.479732 -0.179249 -0.194781 0.035 0.031 0.016
v 0.396334 -0.733441 -0.163399 0.075 0.059 0.059
v -0.637050 -0.777721 -0.267480 0.220 0.157 0.125
v 0.144551 -0.790812 0.042240 0.086 0.078 0.075
v 0.310351 0.638507 0.018732 0.765 0.573 0.455
v 0.410569 0.823616 -0.070372 0.698 0.549 0.447
v -0.422292 -0.154138 -0.207211 0.039 0.031 0.024
v 0.036742 0.409401 0.054816 0.529 0.220 0.188
v -0.129707 0.974498 -0.242628 0.373 0.290 0.224
v 0.060513 0.540454 0.105557 0.757 0.553 0.475
v -0.176061 -0.934489 -0.002000 0.035 0.031 0.027
v 0.282903 -1.058538 -0.174759 0.067 0.055 0.039
v 0.627682 -0.189580 -0.381495 0.894 0.718 0.553
v 0.033001 0.317885 0.009662 0.875 0.682 0.584
v -0.704897 -0.047998 -0.290976 0.914 0.749 0.596
v 0.147722 0.623745 0.067074 0.863 0.678 0.561
v 0.255725 0.298814 -0.286077 0.875 0.702 0.545
v -0.127203 0.492772 -0.147529 0.757 0.576 0.482
v -0.468536 0.005082 -0.319971 0.067 0.051 0.035
v -0.135144 0.621941 -0.195122 0.725 0.541 0.439
v -0.147110 -0.287119 -0.130693 0.043 0.039 0.031
v -0.157934 0.781492 -0.237550 0.337 0.247 0.184
v -0.577912 -0.794972 -0.153619 0.031 0.035 0.024
v 0.357403 0.717971 -0.010870 0.855 0.698 0.584
v -0.130017 0.597985 -0.094596 0.686 0.502 0.400
v 0.423021 -1.093367 -0.267550 0.741 0.565 0.459
v 0.049603 -0.991115 -0.040623 0.043 0.039 0.031
v 0.079735 0.140992 -0.236828 0.894 0.733 0.596
v 0.312190 -1.003253 -0.200963 0.145 0.129 0.133
v 0.560007 -0.159390 -0.396728 0.914 0.733 0.569
v -0.042058 -0.967466 -0.018165 0.043 0.035 0.031
v 0.169140 -1.064486 -0.092145 0.035 0.027 0.020
v -0.440818 -0.258603 -0.148246 0.043 0.039 0.027
v -0.397227 0.044960 -0.401875 0.031 0.027 0.020
v 0.059359 0.316808 0.018033 0.898 0.690 0.584
v 0.111215 0.144552 -0.246566 0.918 0.765 0.616
v 0.231554 -1.027774 -0.112388 0.051 0.047 0.035
v 0.295921 -0.300834 -0.194759 0.043 0.039 0.027
v -0.333847 0.104922 -0.480282 0.059 0.055 0.051
v -0.585226 -0.270172 -0.197117 0.878 0.706 0.541
v -0.198407 -0.123684 -0.198169 0.043 0.035 0.027
v 0.065346 -0.912535 -0.008946 0.043 0.035 0.043
v -0.039928 0.319579 -0.058549 0.722 0.545 0.471
v -0.012869 0.392717 -0.003114 0.890 0.702 0.592
v -0.391756 -0.222605 -0.160833 0.039 0.035 0.027
v 0.368315 -0.798858 -0.112520 0.110 0.106 0.094
v 0.283835 -0.206401 -0.249791 0.039 0.031 0.016
v -0.114603 -0.409915 -0.072520 0.051 0.043 0.035
v -0.469193 -0.386079 -0.094942 0.051 0.039 0.031
v 0.632133 -0.373112 -0.320901 0.922 0.761 0.588
v 0.242085 -0.902689 -0.045584 0.094 0.078 0.075
v 0.018174 -0.076088 -0.272054 0.937 0.757 0.588
v -0.803217 -0.105666 -0.365968 0.706 0.522 0.396
v 0.130255 -0.775967 0.045707 0.082 0.071 0.071
v -0.170486 -0.596770 0.021480 0.051 0.039 0.031
v -0.123224 0.576593 -0.067765 0.718 0.537 0.435
v 0.223855 -0.071868 -0.308915 0.875 0.694 0.576
v -0.789766 -0.075152 -0.371248 0.722 0.514 0.404
v 0.412097 -0.733962 -0.223710 0.094 0.071 0.078
v -0.036193 0.095044 -0.260532 0.906 0.745 0.576
v 0.631293 -0.149556 -0.449364 0.882 0.698 0.545
v 0.285496 0.364227 -0.135340 0.765 0.596 0.486
v 0.419693 0.841627 -0.084775 0.529 0.380 0.294
v 0.404524 -0.923444 -0.267732 0.471 0.384 0.306
v 0.619016 -0.716781 -0.342981 0.871 0.682 0.529
v -0.797333 -0.170908 -0.313763 0.827 0.643 0.502
v 0.376756 -0.206287 -0.285028 0.039 0.035 0.020
v -0.006573 -0.904374 -0.003003 0.047 0.043 0.039
v 0.425647 1.001045 -0.161414 0.329 0.255 0.192
v 0.125861 0.642454 0.087277 0.922 0.741 0.631
v 0.280676 0.392675 -0.081612 0.878 0.710 0.592
v -0.492548 -0.716675 -0.007733 0.082 0.067 0.071
v -0.095484 -0.560374 -0.002924 0.051 0.047 0.035
v 0.410696 0.715838 -0.147051 0.710 0.553 0.455
v 0.397261 0.752176 -0.078755 0.776 0.612 0.510
v 0.454734 -0.210340 -0.330084 0.114 0.114 0.110
v 0.072249 0.370152 0.045555 0.827 0.427 0.396
v -0.387161 -0.049687 -0.283488 0.039 0.031 0.024
v -0.124943 0.871393 -0.104649 0.424 0.302 0.224
v -0.105920 0.789845 -0.052706 0.773 0.624 0.522
v -0.122974 0.323593 -0.311377 0.741 0.561 0.412
v 0.302012 0.533585 0.000923 0.922 0.725 0.596
v 0.324097 -0.875970 -0.099621 0.149 0.118 0.110
v -0.267461 -0.638422 0.054492 0.043 0.039 0.035
v -0.637713 -0.006179 -0.310252 0.941 0.761 0.604
v 0.157822 -0.917344 -0.020062 0.086 0.071 0.067
v 0.690122 -0.525778 -0.356785 0.875 0.698 0.525
v -0.361634 -0.188435 -0.180988 0.035 0.031 0.024
v -0.634809 -0.610153 -0.227981 0.071 0.024 0.031
v 0.286195 0.750438 0.083000 0.918 0.737 0.631
v 0.381407 -0.026389 -0.514207 0.118 0.110 0.114
v 0.034993 0.993101 0.047351 0.722 0.525 0.427
v 0.062293 0.010744 -0.273417 0.910 0.749 0.584
v 0.214583 0.708256 0.115831 0.757 0.584 0.486
v -0.123651 0.450253 -0.174067 0.671 0.502 0.408
v 0.249332 0.093784 -0.379544 0.878 0.702 0.537
v 0.227989 0.084734 -0.350307 0.820 0.651 0.486
v 0.584429 -0.146590 -0.418796 0.910 0.725 0.557
v 0.351858 -0.345694 -0.194278 0.043 0.035 0.027
v -0.950401 -0.676339 -0.408438 0.655 0.494 0.373
v 0.699291 -0.461376 -0.360502 0.875 0.702 0.522
v -0.117616 0.546901 -0.066948 0.753 0.573 0.482
v -0.194353 -0.819901 0.017925 0.055 0.047 0.051
v -0.111292 0.857071 -0.064899 0.635 0.494 0.400
v -0.426413 -0.572815 0.018038 0.059 0.047 0.043
v 0.021414 0.895901 0.082141 0.910 0.741 0.635
v -0.229849 -0.122738 -0.204000 0.043 0.035 0.027
v 0.321962 -0.751403 -0.048157 0.051 0.039 0.035
v 0.594932 -0.152077 -0.416628 0.902 0.718 0.549
v 0.086195 -0.095736 -0.255873 0.957 0.761 0.592
v 0.034507 0.547930 0.052748 0.894 0.714 0.604
v 0.159952 0.375929 0.006394 0.839 0.510 0.475
v -0.381915 0.054979 -0.413898 0.027 0.024 0.012
v 0.399553 -0.196627 -0.303400 0.035 0.031 0.020
v 0.028899 -0.344293 -0.122320 0.047 0.039 0.031
v 0.118104 -0.552835 -0.017463 0.055 0.043 0.035
v -0.441304 -0.771916 0.003516 0.063 0.047 0.043
v 0.406104 0.497703 -0.292157 0.922 0.682 0.557
v 0.487203 -0.945616 -0.264470 0.863 0.663 0.525
v -0.605980 -0.661326 -0.175769 0.035 0.031 0.024
v -0.320179 0.107222 -0.497702 0.808 0.612 0.498
v -0.500612 -0.479789 -0.072921 0.067 0.051 0.043
v 0.289089 -0.831468 -0.039112 0.075 0.063 0.059
v 0.255637 0.310187 -0.278954 0.875 0.694 0.541
v 0.335412 0.015206 -0.514284 0.149 0.129 0.106
v 0.082073 0.087649 -0.260157 0.878 0.718 0.569
v -0.142995 -0.804092 0.023937 0.051 0.047 0.043
v -0.130078 0.230108 -0.318069 0.718 0.545 0.400
v -0.148519 -0.540997 -0.004135 0.047 0.043 0.035
v -0.514001 -0.590158 -0.033863 0.047 0.039 0.031
v -0.570644 -0.622547 -0.114100 0.024 0.020 0.020
v 0.011855 -0.862905 0.017351 0.059 0.047 0.051
v -0.059863 0.750033 0.060706 0.596 0.443 0.361
v 0.557709 -0.451630 -0.292143 0.922 0.753 0.573
v -0.273213 0.021857 -0.321434 0.808 0.639 0.533
v 0.146322 -0.342636 -0.135101 0.043 0.039 0.031
v -0.374505 -0.765563 0.033394 0.043 0.043 0.035
v 0.266802 0.814278 0.093212 0.933 0.753 0.647
v 0.495034 -0.402553 -0.263303 0.914 0.741 0.557
v -0.128035 0.437441 -0.324525 0.749 0.545 0.424
v 0.171715 0.197895 -0.256984 0.918 0.765 0.600
v -0.108091 -0.577513 0.005118 0.063 0.051 0.047
v -0.695554 -0.752629 -0.281836 0.612 0.467 0.384
v 0.389734 0.590456 -0.240372 0.871 0.682 0.541
v 0.535086 -0.558159 -0.278471 0.898 0.722 0.553
v -0.267363 -0.349249 -0.088309 0.051 0.043 0.035
v 0.603025 -0.295421 -0.314513 0.945 0.792 0.635
v 0.155295 0.518286 0.076081 0.882 0.678 0.592
v 0.148948 0.522739 0.090318 0.859 0.655 0.569
v -0.336020 0.095668 -0.447674 0.047 0.043 0.035
v -0.129144 0.665965 -0.093361 0.804 0.612 0.502
v 0.480276 -0.365585 -0.264010 0.929 0.761 0.584
v 0.445171 0.564000 -0.327343 0.886 0.616 0.514
v -0.512267 -0.283995 -0.156273 0.059 0.043 0.031
v -0.509751 -0.165282 -0.211397 0.090 0.055 0.043
v 0.289699 0.549649 0.013540 0.929 0.725 0.592
v 0.149792 -0.289010 -0.164724 0.051 0.043 0.035
v 0.538371 -0.109678 -0.455002 0.882 0.694 0.553
v -0.873255 -0.347104 -0.349968 0.663 0.494 0.369
v 0.217953 0.065662 -0.338875 0.863 0.694 0.537
v 0.497046 -0.637531 -0.274007 0.816 0.635 0.471
v -0.240238 -0.321150 -0.105475 0.043 0.035 0.027
v 0.680495 -0.425486 -0.345746 0.890 0.722 0.545
v 0.111716 0.664638 0.093730 0.863 0.690 0.576
v 0.028553 0.248922 -0.019521 0.584 0.400 0.329
v 0.385972 0.540357 -0.292118 0.906 0.698 0.573
v 0.433111 -0.192425 -0.328983 0.063 0.059 0.047
v -0.050253 -0.310112 -0.128811 0.047 0.039 0.031
v -0.879086 -0.282302 -0.414294 0.635 0.459 0.322
v 0.096642 0.523100 0.148288 0.973 0.788 0.702
v 0.129454 -0.023157 -0.293851 0.894 0.718 0.557
v 0.107417 -0.518336 -0.033732 0.059 0.051 0.043
v 0.449831 -0.244893 -0.308994 0.212 0.173 0.161
v -0.695745 -0.065174 -0.276459 0.933 0.773 0.608
v 0.352086 0.973125 0.000689 0.459 0.380 0.286
v 0.066036 0.679617 0.081414 0.525 0.353 0.255
v -0.168358 0.182590 -0.384760 0.757 0.569 0.416
v -0.123156 0.589207 -0.063504 0.733 0.537 0.439
v -0.105212 0.399377 -0.141583 0.706 0.537 0.439
v -0.004870 0.914771 0.059985 0.875 0.702 0.588
v 0.128666 0.139058 -0.256870 0.906 0.753 0.600
v -0.147083 0.758124 -0.183722 0.416 0.298 0.227
v 0.043572 0.515451 0.080612 0.820 0.600 0.518
v -0.087818 0.724236 0.008740 0.741 0.561 0.478
v 0.342905 0.533595 -0.093183 0.753 0.576 0.451
v -0.100591 -0.734621 0.032082 0.071 0.055 0.059
v -0.387806 0.074891 -0.455038 0.047 0.035 0.027
v -0.886518 -0.637513 -0.323871 0.741 0.553 0.404
v -0.115964 -0.048220 -0.250261 0.929 0.714 0.553
v 0.366275 0.910415 0.020872 0.831 0.659 0.553
v -0.763119 -0.314969 -0.262848 0.875 0.702 0.549
v 0.448531 0.619031 -0.319717 0.843 0.565 0.459
v 0.648252 -0.399084 -0.327977 0.910 0.749 0.580
v -0.697673 -0.702595 -0.272945 0.675 0.537 0.435
v -0.305931 -0.551031 0.030234 0.055 0.039 0.039
v -0.901165 -0.538926 -0.359262 0.639 0.486 0.365
v 0.389619 -0.771130 -0.153948 0.098 0.063 0.075
v 0.146255 -0.900403 -0.006692 0.082 0.071 0.067
v -0.097511 0.372473 -0.262292 0.706 0.525 0.388
v -0.315634 -0.203715 -0.168009 0.039 0.035 0.027
v 0.683634 -0.202620 -0.414205 0.882 0.714 0.553
v -0.667454 -0.552855 -0.241643 0.769 0.608 0.471
v -0.431449 -0.163717 -0.201726 0.035 0.027 0.020
v 0.679506 -0.527013 -0.350436 0.882 0.714 0.541
v -0.751569 -0.075468 -0.305397 0.843 0.675 0.537
v -0.884239 -0.615203 -0.325954 0.745 0.557 0.416
v 0.223557 0.791040 0.113230 0.953 0.773 0.682
v 0.200357 0.705125 0.118372 0.800 0.635 0.541
v -0.004111 1.038387 -0.040661 0.427 0.318 0.231
v 0.267684 -0.777267 -0.003469 0.082 0.067 0.063
v -0.015719 0.264412 -0.055546 0.635 0.463 0.380
v -0.157258 0.851553 -0.286689 0.294 0.216 0.153
v -0.622964 0.017206 -0.338970 0.941 0.745 0.588
v -0.015544 -1.059183 -0.039085 0.027 0.024 0.016
v -0.098524 0.626450 -0.015227 0.835 0.620 0.498
v -0.293806 -0.387954 -0.065139 0.047 0.035 0.027
v 0.717709 -0.260513 -0.399523 0.855 0.682 0.525
v -0.304949 -0.579084 0.041981 0.047 0.043 0.035
v -0.539744 -0.498558 -0.118692 0.035 0.031 0.024
v -0.202553 -0.349585 -0.094243 0.051 0.035 0.031
v 0.297693 0.773328 0.074821 0.906 0.718 0.612
v -0.039272 0.549768 0.023129 0.949 0.741 0.627
v -0.223998 -0.652124 0.048313 0.059 0.051 0.051
v 0.280652 0.882761 0.080674 0.937 0.749 0.639
v -0.868348 -0.572238 -0.318740 0.757 0.580 0.439
v -0.141487 0.700596 -0.186778 0.655 0.498 0.420
v 0.000135 -0.745751 0.036559 0.090 0.075 0.075
v -0.440737 0.012141 -0.337418 0.035 0.024 0.016
v 0.017021 0.555610 0.044180 0.945 0.745 0.627
v -0.851010 -0.694859 -0.288667 0.827 0.627 0.482
v -0.622718 -0.433471 -0.225348 0.741 0.573 0.408
v -0.494809 -0.829643 -0.062043 0.114 0.094 0.086
v 0.122425 0.438401 0.064546 0.894 0.702 0.596
v 0.061557 0.238239 -0.194688 0.412 0.290 0.196
v -0.009487 0.407869 0.004819 0.541 0.353 0.275
v -0.288915 -0.675875 0.063135 0.063 0.047 0.043
v 0.342940 -0.935485 -0.185800 0.110 0.078 0.071
v -0.203649 -0.459883 -0.033961 0.043 0.031 0.024
v 0.552169 -0.512103 -0.284679 0.918 0.753 0.580
v 0.288185 0.768402 0.081292 0.918 0.733 0.627
v 0.261130 0.163552 -0.389108 0.855 0.671 0.506
v 0.000540 -0.135253 -0.208138 0.757 0.620 0.549
v -0.302504 -0.469264 -0.017276 0.043 0.031 0.027
v 0.137279 -0.150648 -0.223629 0.059 0.047 0.031
v 0.088254 -0.753251 0.046684 0.110 0.094 0.090
v -0.499281 -0.784675 -0.043259 0.071 0.055 0.051
v -0.586774 -0.208800 -0.222075 0.929 0.769 0.596
v 0.346450 0.768321 0.028804 0.894 0.737 0.624
v 0.139133 -0.366104 -0.122132 0.043 0.039 0.031
v -0.145017 -0.437261 -0.055653 0.051 0.043 0.035
v 0.350255 0.558458 -0.091195 0.800 0.612 0.482
v 0.305684 0.414719 -0.115751 0.827 0.655 0.529
v 0.179364 -0.418474 -0.099461 0.047 0.039 0.031
v 0.451523 0.720637 -0.285486 0.302 0.227 0.173
v 0.225808 -0.257305 -0.197994 0.039 0.035 0.024
v 0.041142 -0.396320 -0.098500 0.047 0.039 0.035
v -0.232142 0.114019 -0.403221 0.835 0.643 0.482
v -0.828351 -0.497945 -0.294351 0.820 0.659 0.514
v -0.692154 -0.589881 -0.249996 0.808 0.639 0.510
v 0.377360 0.999092 -0.059935 0.392 0.322 0.231
v 0.067024 0.550762 0.111163 0.780 0.588 0.498
v -0.126054 0.269546 -0.318098 0.725 0.549 0.396
v 0.082944 -0.722393 0.046013 0.075 0.063 0.059
v 0.430356 0.975461 -0.148132 0.376 0.298 0.239
v 0.652521 -0.410014 -0.331392 0.906 0.745 0.576
v 0.196992 0.241091 -0.254160 0.906 0.753 0.592
v 0.404108 0.558286 -0.305467 0.906 0.651 0.557
v 0.512475 -0.095503 -0.482290 0.839 0.655 0.537
v -0.281627 -0.867448 0.007149 0.043 0.035 0.031
v -0.617097 -0.720013 -0.221785 0.027 0.020 0.016
v -0.007434 0.429708 0.023294 0.714 0.541 0.459
v -0.512924 -0.713428 -0.030020 0.078 0.078 0.078
v 0.643387 -0.750704 -0.363341 0.851 0.663 0.502
v 0.123104 -0.075708 -0.278754 0.941 0.753 0.592
v 0.237064 0.293387 -0.258429 0.847 0.678 0.537
v 0.130825 -0.518028 -0.038360 0.055 0.047 0.039
v -0.071086 -0.403945 -0.079354 0.055 0.043 0.035
v 0.018962 0.487713 0.040320 0.875 0.675 0.569
v -0.192238 -0.890140 0.004800 0.047 0.043 0.035
v 0.415836 -1.059316 -0.261788 0.718 0.545 0.443
v -0.741187 -0.311414 -0.254091 0.878 0.706 0.553
v -0.476211 0.021371 -0.335874 0.090 0.067 0.047
v -0.411090 -0.250522 -0.146480 0.043 0.035 0.027
v 0.142894 0.345554 0.009130 0.894 0.714 0.620
v 0.454176 0.954194 -0.191265 0.290 0.200 0.129
v 0.293535 0.416439 -0.083835 0.867 0.690 0.576
v 0.460703 0.771419 -0.251799 0.361 0.286 0.227
v 0.189024 -0.568741 -0.025411 0.063 0.051 0.047
v 0.297801 -0.847646 -0.054497 0.086 0.071 0.063
v 0.522298 -0.296304 -0.304690 0.941 0.792 0.627
v -0.623337 -0.293168 -0.211009 0.871 0.694 0.533
v -0.548638 0.035920 -0.368124 0.949 0.761 0.616
v -0.098667 0.394125 -0.123989 0.722 0.565 0.475
v 0.196870 -0.137552 -0.252445 0.043 0.031 0.020
v 0.106040 -0.322254 -0.140960 0.047 0.035 0.031
v 0.418184 -0.750256 -0.247961 0.094 0.055 0.047
v 0.222972 -0.773116 0.022947 0.082 0.075 0.071
v -0.351641 -0.899391 -0.018129 0.035 0.031 0.024
v -0.289688 0.021883 -0.317193 0.051 0.027 0.016
v 0.042085 0.706282 0.097420 0.545 0.388 0.294
v -0.132506 0.118099 -0.311546 0.804 0.635 0.502
v 0.421563 0.866025 -0.083707 0.651 0.506 0.400
v -0.131979 0.202685 -0.320332 0.722 0.549 0.404
v 0.222441 -0.661720 0.007424 0.059 0.043 0.039
v -0.009233 0.110372 -0.252580 0.894 0.729 0.573
v -0.854446 -0.289141 -0.338054 0.702 0.533 0.396
v 0.105410 -0.950372 -0.034944 0.051 0.039 0.035
v -0.257386 0.004427 -0.297077 0.780 0.596 0.486
v 0.152156 -0.680799 0.034676 0.055 0.043 0.035
v 0.394449 0.622867 -0.200748 0.651 0.478 0.388
v 0.284547 0.928471 0.067133 0.875 0.678 0.580
v -0.118304 -0.460572 -0.046154 0.051 0.043 0.039
v 0.256796 0.138916 -0.383979 0.863 0.675 0.514
v -0.086083 0.808439 0.001505 0.757 0.596 0.494
v -0.021163 0.693570 0.054788 0.576 0.424 0.357
v 0.053935 -0.712513 0.043452 0.067 0.047 0.043
v 0.230653 -0.734835 0.020139 0.055 0.039 0.035
v -0.415093 -0.044886 -0.287881 0.035 0.027 0.020
v 0.112155 -0.252790 -0.176290 0.051 0.043 0.031
v -0.132800 0.595000 -0.194630 0.714 0.522 0.435
v 0.175538 0.494332 0.046965 0.906 0.702 0.604
v -0.093254 0.358054 -0.263991 0.733 0.553 0.412
v 0.298090 -0.769861 -0.024695 0.071 0.055 0.051
v -0.507035 0.058211 -0.409420 0.875 0.682 0.553
v 0.243495 0.007031 -0.371117 0.875 0.702 0.553
v -0.597134 -0.531693 -0.187444 0.024 0.020 0.012
v 0.239408 0.143274 -0.345980 0.800 0.624 0.459
v 0.283908 -0.275162 -0.204450 0.047 0.039 0.027
v 0.367082 -0.939767 -0.268353 0.208 0.169 0.141
v -0.723794 -0.860805 -0.153299 0.753 0.580 0.478
v 0.518986 -0.307642 -0.300082 0.941 0.788 0.627
v -0.198208 0.016042 -0.318697 0.875 0.698 0.541
v 0.103267 -0.507844 -0.039118 0.051 0.043 0.035
v 0.204716 0.138111 -0.297593 0.886 0.725 0.565
v 0.055286 0.229857 -0.057253 0.596 0.424 0.314
v -0.064571 0.185599 -0.260636 0.784 0.627 0.482
v -0.597708 -0.751515 -0.185706 0.016 0.004 0.000
v 0.391320 -0.986580 -0.267061 0.431 0.341 0.259
v 0.228532 0.061302 -0.356493 0.847 0.675 0.518
v 0.646256 -0.725376 -0.360640 0.851 0.659 0.502
v 0.340402 -0.560902 -0.107149 0.043 0.039 0.027
v 0.018239 0.147807 -0.235937 0.843 0.678 0.537
v -0.158583 -0.720582 0.036372 0.090 0.086 0.082
v 0.026114 0.445525 0.048899 0.859 0.686 0.584
v 0.277444 -0.949188 -0.105603 0.106 0.082 0.078
v -0.095061 0.082680 -0.282958 0.863 0.694 0.545
v -0.229363 -0.833393 0.017560 0.031 0.031 0.027
v 0.325944 0.892603 0.052895 0.820 0.616 0.514
v -0.158040 0.795525 -0.242326 0.282 0.196 0.133
v -0.689441 -0.119637 -0.259526 0.906 0.757 0.592
v 0.672714 -0.317275 -0.336999 0.910 0.745 0.584
v -0.542536 -0.866267 -0.123904 0.098 0.067 0.059
v 0.233346 -0.133297 -0.268832 0.047 0.035 0.024
v -0.496722 0.030372 -0.357063 0.839 0.651 0.541
v -0.099937 -0.397013 -0.080417 0.051 0.043 0.039
v 0.395386 -1.051719 -0.262732 0.576 0.439 0.361
v 0.046844 0.951173 0.072599 0.914 0.729 0.608
v -0.002825 0.983151 0.028151 0.745 0.565 0.475
v -0.188497 -0.772022 0.037162 0.125 0.110 0.114
v -0.474862 -0.367341 -0.105401 0.051 0.035 0.031
v -0.145416 0.856806 -0.196256 0.302 0.220 0.153
v -0.614983 -0.391487 -0.216983 0.737 0.569 0.404
v 0.090395 -0.409581 -0.095894 0.051 0.043 0.039
v -0.775572 -0.488379 -0.266556 0.847 0.678 0.541
v 0.346474 -0.947507 -0.208642 0.122 0.090 0.082
v -0.171821 -0.088218 -0.203137 0.078 0.059 0.043
v -0.133134 0.763937 -0.145060 0.631 0.486 0.400
v -0.036581 -0.894037 0.000207 0.047 0.039 0.039
v 0.086531 0.443709 0.075576 0.863 0.659 0.573
v -0.009184 0.224697 -0.223531 0.694 0.557 0.435
v -0.080419 0.438424 -0.064618 0.765 0.588 0.506
v 0.127325 -0.096678 -0.261585 0.945 0.753 0.592
v 0.328350 -0.648673 -0.072768 0.051 0.039 0.035
v -0.685807 -0.097900 -0.262585 0.929 0.776 0.608
v 0.207491 -0.942412 -0.055595 0.098 0.071 0.067
v 0.413296 -0.209510 -0.302104 0.055 0.051 0.035
v -0.555877 -0.642622 -0.079364 0.027 0.027 0.020
v -0.082184 0.992059 -0.087473 0.486 0.369 0.271
v 0.540901 -0.983771 -0.309648 0.878 0.675 0.529
v 0.337650 0.499677 -0.138463 0.796 0.631 0.502
v -0.230075 -0.905607 0.003552 0.035 0.031 0.027
v -0.148985 0.620704 -0.251487 0.788 0.573 0.463
v -0.015103 0.847525 0.071380 0.886 0.718 0.624
v -0.661957 -0.876355 -0.083818 0.812 0.588 0.471
v -0.813950 -0.324461 -0.288132 0.827 0.655 0.498
v 0.280562 0.089643 -0.443286 0.867 0.675 0.494
v 0.096150 -0.303517 -0.149049 0.051 0.043 0.039
v -0.049812 0.037676 -0.267452 0.914 0.737 0.565
v -0.593223 -0.670977 -0.151989 0.024 0.016 0.020
v -0.853061 -0.532726 -0.310085 0.788 0.616 0.478
v 0.361625 -0.035425 -0.458981 0.133 0.114 0.110
v -0.043038 1.019987 -0.054477 0.576 0.439 0.345
v 0.147723 0.699341 0.119286 0.910 0.737 0.639
v -0.555356 -0.422047 -0.159799 0.043 0.031 0.027
v 0.125484 1.077902 -0.025982 0.247 0.188 0.125
v 0.164071 0.475164 0.045289 0.941 0.761 0.655
v -0.139610 0.606736 -0.239762 0.722 0.533 0.431
v -0.389602 -0.145306 -0.211618 0.035 0.031 0.024
v 0.241710 -0.480866 -0.085533 0.051 0.043 0.031
v -0.127250 -0.234176 -0.156909 0.047 0.043 0.035
v 0.025091 -0.115237 -0.236717 0.949 0.753 0.580
v -0.433654 -0.463746 -0.040153 0.051 0.039 0.031
v 0.395486 0.621049 -0.214143 0.667 0.498 0.400
v 0.084796 0.602261 0.092467 0.749 0.553 0.455
v -0.659783 -0.864346 -0.124283 0.651 0.498 0.400
v -0.544519 -0.380419 -0.153156 0.063 0.035 0.031
v 0.348932 0.998078 -0.017978 0.400 0.333 0.251
v 0.262837 -0.232629 -0.224690 0.043 0.039 0.024
v 0.171507 0.262669 -0.048005 0.839 0.655 0.545
v 0.360887 -0.364962 -0.189716 0.043 0.039 0.031
v 0.599508 -0.411189 -0.310695 0.925 0.765 0.588
v -0.337628 -0.316737 -0.103139 0.047 0.035 0.031
v 0.569912 -0.594109 -0.299709 0.902 0.733 0.569
v 0.171379 0.695280 0.114633 0.863 0.682 0.600
v 0.184211 -0.072070 -0.300632 0.906 0.725 0.565
v -0.215892 -0.747316 0.045377 0.102 0.090 0.090
v -0.172653 -0.824339 0.015124 0.067 0.059 0.059
v 0.156570 -1.080495 -0.089848 0.035 0.027 0.024
v -0.146788 0.187707 -0.346079 0.686 0.510 0.361
v 0.325833 0.591852 -0.019428 0.898 0.722 0.588
v 0.391372 0.737547 -0.076463 0.812 0.659 0.533
v -0.340023 -0.234805 -0.149558 0.039 0.035 0.031
v 0.645620 -0.348889 -0.323741 0.918 0.761 0.600
v 0.368103 0.996025 -0.042307 0.384 0.318 0.227
v -0.401505 -0.080774 -0.258233 0.035 0.031 0.020
v 0.075988 -0.043760 -0.276640 0.937 0.745 0.573
v -0.097744 0.412900 -0.106614 0.761 0.592 0.510
v -0.567906 -0.646402 -0.101995 0.031 0.027 0.024
v 0.057931 0.467365 0.070736 0.694 0.525 0.447
v -0.762387 -0.708065 -0.268792 0.847 0.671 0.533
v -0.495513 -0.250224 -0.165693 0.047 0.035 0.027
v -0.715901 -0.100023 -0.272647 0.906 0.749 0.584
v 0.256952 0.170131 -0.378345 0.851 0.667 0.498
v -0.793557 -0.126679 -0.328873 0.769 0.612 0.471
v 0.463896 0.774633 -0.288084 0.216 0.165 0.118
v 0.391288 0.629034 -0.173468 0.686 0.537 0.435
v 0.450461 -0.367916 -0.241400 0.902 0.725 0.553
v 0.330813 0.542941 -0.039904 0.871 0.678 0.533
v -0.016256 0.424009 0.013478 0.729 0.557 0.471
v 0.250531 0.063483 -0.383394 0.882 0.710 0.549
v -0.304002 -0.193024 -0.173900 0.031 0.027 0.020
v 0.269955 0.606001 0.032298 0.710 0.502 0.384
v -0.658135 -0.799647 -0.290571 0.176 0.125 0.090
v 0.410864 -0.781398 -0.243586 0.122 0.106 0.102
v -0.040155 0.183659 -0.250111 0.773 0.624 0.482
v -0.457848 -0.449864 -0.058925 0.047 0.039 0.031
v 0.383157 0.469178 -0.271743 0.882 0.643 0.533
v -0.595359 0.032574 -0.360175 0.941 0.745 0.596
v 0.060624 -0.973125 -0.036261 0.039 0.035 0.035
v -0.384503 0.010112 -0.339990 0.031 0.024 0.016
v 0.387892 -0.946379 -0.273071 0.173 0.133 0.110
v 0.155841 -0.122445 -0.242142 0.090 0.071 0.055
v 0.226595 -0.974210 -0.084217 0.055 0.047 0.039
v 0.369808 -0.246174 -0.255637 0.047 0.039 0.027
v 0.504960 -1.040458 -0.288745 0.867 0.671 0.537
v -0.695785 -0.536989 -0.245096 0.847 0.678 0.537
v 0.347257 -0.918175 -0.175444 0.122 0.098 0.098
v -0.087459 0.360482 -0.126089 0.690 0.525 0.431
v 0.336240 -0.806613 -0.073647 0.082 0.067 0.055
v 0.345669 0.526882 -0.131518 0.765 0.600 0.482
v -0.461973 -0.857594 -0.057971 0.043 0.024 0.020
v 0.178494 -1.071765 -0.097023 0.031 0.027 0.020
v 0.209546 1.016173 0.046461 0.333 0.259 0.173
v -0.794317 -0.458744 -0.274033 0.843 0.682 0.545
v -0.750947 -0.745372 -0.260775 0.835 0.659 0.529
v -0.427702 0.075121 -0.494399 0.098 0.075 0.078
v 0.164137 -0.013899 -0.310087 0.894 0.725 0.569
v 0.071286 0.042126 -0.268476 0.906 0.753 0.600
v 0.514876 -0.157974 -0.387387 0.929 0.757 0.596
v -0.546649 -0.746847 -0.091175 0.043 0.039 0.035
v -0.349148 -0.118792 -0.228588 0.031 0.027 0.020
v -0.602653 -0.585023 -0.179978 0.024 0.012 0.008
v -0.278307 -0.522460 0.012375 0.063 0.051 0.047
v 0.441965 0.659564 -0.254000 0.933 0.725 0.631
v -0.156146 0.548982 -0.275598 0.690 0.478 0.384
v 0.488447 -0.423692 -0.250413 0.902 0.722 0.533
v -0.818994 -0.231423 -0.314783 0.788 0.612 0.467
v 0.493514 -0.714423 -0.278959 0.820 0.639 0.498
v 0.354179 -0.879744 -0.151457 0.122 0.090 0.082
v -0.485922 -0.275227 -0.151126 0.059 0.043 0.035
v 0.051090 -0.460247 -0.063769 0.051 0.039 0.035
v -0.864401 -0.286435 -0.357382 0.675 0.502 0.369
v -0.662768 -0.328026 -0.222791 0.886 0.718 0.561
v 0.210372 0.981940 0.069380 0.733 0.565 0.463
v 0.035968 1.045219 -0.008740 0.467 0.369 0.275
v 0.279764 -0.496596 -0.093473 0.047 0.039 0.031
v 0.408075 -0.695204 -0.198549 0.090 0.067 0.063
v 0.166418 0.795940 0.124352 0.961 0.788 0.690
v 0.441378 -0.866840 -0.264904 0.678 0.522 0.404
v -0.178179 0.758862 -0.279360 0.525 0.278 0.212
v -0.399962 -0.857137 -0.023218 0.082 0.059 0.063
v -0.187193 -0.906566 0.002390 0.031 0.027 0.020
v 0.431104 0.822400 -0.117691 0.502 0.373 0.286
v -0.445031 0.001815 -0.324175 0.039 0.027 0.020
v 0.345330 -0.636982 -0.092003 0.059 0.043 0.031
v 0.421360 0.919129 -0.088937 0.584 0.455 0.353
v -0.407849 -0.030340 -0.299972 0.035 0.031 0.024
v -0.017859 -0.912388 -0.004622 0.055 0.043 0.043
v 0.342065 -1.067362 -0.279626 0.129 0.110 0.086
v 0.153349 0.104861 -0.276584 0.914 0.761 0.592
v 0.248223 -0.651077 -0.009164 0.051 0.043 0.031
v -0.124156 0.690677 -0.089841 0.824 0.639 0.533
v -0.463609 -0.442005 -0.066203 0.043 0.035 0.027
v -0.355493 -0.558093 0.031028 0.051 0.039 0.035
v -0.425301 -0.871334 -0.043888 0.090 0.071 0.071
v -0.785755 -0.393903 -0.268891 0.859 0.702 0.561
v -0.100333 -0.501639 -0.027163 0.055 0.043 0.035
v -0.909929 -0.519387 -0.389232 0.580 0.435 0.318
v 0.290375 -0.166979 -0.275802 0.039 0.035 0.024
v 0.182331 -0.520030 -0.048965 0.047 0.039 0.035
v -0.556634 0.022579 -0.348033 0.961 0.773 0.616
v -0.119064 0.657595 -0.059163 0.792 0.616 0.510
v -0.089746 0.126693 -0.277108 0.812 0.639 0.494
v -0.328107 -0.348556 -0.086392 0.047 0.035 0.027
v -0.645452 -0.177025 -0.246571 0.922 0.761 0.588
v -0.165871 0.067941 -0.327160 0.820 0.643 0.490
v -0.046449 -0.512153 -0.025935 0.047 0.039 0.031
v 0.357112 -0.932983 -0.221276 0.145 0.114 0.106
v 0.195432 -0.634650 0.007026 0.059 0.043 0.039
v -0.252779 -0.376145 -0.075174 0.039 0.031 0.024
v 0.406362 -0.668431 -0.185544 0.086 0.075 0.078
v -0.108724 0.783214 -0.062715 0.765 0.608 0.514
v 0.250731 0.488777 0.022180 0.925 0.702 0.604
v -0.076193 0.894225 -0.006454 0.733 0.561 0.467
v -0.242504 0.142440 -0.462700 0.824 0.639 0.467
v -0.261524 0.103905 -0.414764 0.851 0.663 0.502
v -0.444797 0.027279 -0.355404 0.027 0.024 0.016
v -0.509768 -0.549669 -0.047880 0.047 0.039 0.031
v 0.041616 0.038013 -0.267755 0.914 0.749 0.592
v 0.535344 -0.117117 -0.437633 0.871 0.678 0.525
v -0.571710 -0.380680 -0.181450 0.063 0.051 0.043
v 0.321376 -0.945227 -0.156703 0.106 0.075 0.067
v -0.516611 -0.436738 -0.112827 0.039 0.027 0.027
v -0.446237 -0.342394 -0.104560 0.055 0.043 0.035
v 0.181877 0.867968 0.114588 0.969 0.792 0.686
v 0.292103 -0.225968 -0.239825 0.043 0.035 0.027
v 0.130613 0.245055 -0.202179 0.714 0.584 0.467
v -0.538346 -0.765623 -0.085201 0.031 0.020 0.020
v -0.174916 -0.510247 -0.013484 0.051 0.043 0.035
v 0.662301 -0.559376 -0.343389 0.875 0.710 0.533
v 0.190910 0.642542 0.043682 0.486 0.310 0.224
v -0.251056 0.083541 -0.386731 0.878 0.690 0.529
v -0.555871 -0.788328 -0.117981 0.047 0.039 0.043
v -0.116108 0.419294 -0.169294 0.663 0.494 0.400
v -0.094879 0.984640 -0.116489 0.345 0.247 0.169
v 0.063577 0.444888 0.073004 0.867 0.682 0.584
v -0.289411 -0.771098 0.044816 0.075 0.067 0.075
v 0.698477 -0.430275 -0.357958 0.875 0.698 0.525
v 0.273924 -0.993016 -0.132788 0.106 0.086 0.071
v 0.326477 0.493466 -0.084147 0.765 0.584 0.467
v 0.384939 -0.384732 -0.191597 0.043 0.035 0.024
v -0.178150 -0.489946 -0.022918 0.047 0.035 0.031
v 0.088162 -0.085991 -0.263374 0.945 0.753 0.588
v 0.233832 0.118249 -0.347860 0.816 0.647 0.482
v -0.052184 -0.338656 -0.114971 0.047 0.035 0.031
v -0.456612 0.065162 -0.436777 0.031 0.027 0.020
v 0.606975 -0.462108 -0.311110 0.925 0.761 0.588
v -0.398751 -0.811449 0.002916 0.125 0.118 0.114
v -0.163892 0.674213 -0.324818 0.631 0.400 0.337
v -0.456372 -0.053593 -0.273340 0.027 0.016 0.004
v -0.242709 -0.384577 -0.071622 0.043 0.035 0.027
v 0.246920 0.455580 0.011514 0.918 0.725 0.627
v -0.077578 0.086239 -0.273316 0.843 0.675 0.522
v -0.119595 0.545686 -0.080029 0.729 0.553 0.467
v -0.539217 -0.407129 -0.146457 0.035 0.024 0.020
v 0.144162 0.681967 0.108554 0.839 0.675 0.561
v -0.868874 -0.338113 -0.343940 0.671 0.502 0.369
v -0.397652 -0.071199 -0.265884 0.031 0.027 0.020
v 0.341212 0.523227 -0.108970 0.757 0.592 0.471
v -0.352143 0.099722 -0.473398 0.039 0.035 0.024
v -0.127087 0.138185 -0.309358 0.784 0.616 0.478
v 0.280216 -0.565597 -0.065196 0.047 0.039 0.031
v -0.232077 -0.067607 -0.222918 0.051 0.043 0.027
v 0.177042 -0.921938 -0.029712 0.086 0.071 0.067
v -0.375775 -0.704657 0.053196 0.063 0.055 0.051
v 0.307310 0.543842 -0.001373 0.918 0.718 0.584
v 0.538441 -0.170550 -0.380670 0.925 0.749 0.588
v -0.227031 -0.591614 0.032576 0.047 0.039 0.035
v -0.165939 0.749833 -0.297916 0.698 0.486 0.427
v 0.266062 0.132053 -0.407316 0.863 0.671 0.498
v 0.069518 -0.083031 -0.263538 0.957 0.765 0.596
v -0.897984 -0.428171 -0.392276 0.580 0.435 0.306
v 0.141569 -0.928817 -0.022598 0.090 0.075 0.078
v -0.527977 -0.619767 -0.039841 0.043 0.035 0.039
v 0.156572 1.024114 0.047601 0.361 0.271 0.192
v 0.555136 -0.743229 -0.309239 0.875 0.686 0.529
v 0.217359 -0.371068 -0.132931 0.047 0.039 0.027
v -0.066589 -0.900758 -0.000849 0.039 0.039 0.031
v 0.297423 0.522077 0.002150 0.918 0.722 0.600
v -0.127509 0.973998 -0.222491 0.325 0.255 0.192
v 0.253715 1.004080 0.039761 0.298 0.227 0.137
v -0.547775 -0.845327 -0.120435 0.047 0.027 0.020
v -0.057171 -0.793088 0.028231 0.086 0.078 0.082
v -0.523124 -0.608656 -0.036975 0.055 0.047 0.051
v -0.106354 0.901982 -0.071645 0.612 0.467 0.369
v -0.421891 -0.220350 -0.166530 0.043 0.039 0.027
v -0.030256 0.618828 0.032446 0.914 0.725 0.596
v 0.281214 0.441588 -0.035394 0.867 0.686 0.584
v 0.009005 0.204312 -0.219978 0.686 0.549 0.420
v 0.259635 -0.241459 -0.217613 0.043 0.039 0.024
v -0.215806 -0.797436 0.033046 0.075 0.063 0.067
v -0.132264 -0.395957 -0.078505 0.051 0.043 0.035
v 0.425020 0.964048 -0.126670 0.412 0.325 0.251
v -0.516810 -0.873403 -0.108581 0.078 0.055 0.055
v -0.109846 -0.439457 -0.057264 0.047 0.043 0.035
v 0.157370 0.224834 -0.233353 0.906 0.749 0.600
v 0.034240 -0.190869 -0.192286 0.055 0.047 0.035
v -0.562168 -0.007146 -0.317563 0.945 0.769 0.608
v 0.679839 -0.551883 -0.353067 0.867 0.702 0.529
v 0.299402 0.384790 -0.140837 0.788 0.612 0.482
v -0.765362 -0.719603 -0.266239 0.847 0.667 0.537
v 0.495046 -1.048163 -0.284581 0.867 0.671 0.541
v -0.561144 -0.262744 -0.184855 0.600 0.482 0.404
v -0.763409 -0.500364 -0.261379 0.851 0.678 0.541
v 0.163034 0.702712 0.119388 0.902 0.733 0.635
v 0.417000 0.657262 -0.215128 0.467 0.337 0.251
v 0.507351 -1.064981 -0.295403 0.871 0.675 0.545
v 0.575486 -0.777496 -0.326443 0.867 0.682 0.525
v 0.601587 -0.778306 -0.341309 0.871 0.682 0.525
v 0.180455 1.094432 -0.052993 0.259 0.173 0.098
v -0.355981 -0.615520 0.051665 0.047 0.039 0.035
v 0.462421 0.773786 -0.274522 0.255 0.196 0.145
v -0.068692 0.729242 0.046664 0.796 0.643 0.569
v 0.250704 -1.052391 -0.135602 0.043 0.035 0.027
v -0.607281 -0.526902 -0.206859 0.031 0.024 0.016
v 0.050870 -0.143770 -0.208615 0.094 0.059 0.043
v -0.016779 0.305398 -0.029473 0.796 0.624 0.529
v 0.212451 0.403480 0.006391 0.902 0.729 0.624
v -0.426301 -0.016892 -0.310855 0.035 0.031 0.020
v -0.623618 -0.819948 -0.237474 0.165 0.129 0.098
v 0.290041 -0.922871 -0.099477 0.122 0.106 0.094
v 0.153020 -0.578820 -0.010212 0.055 0.043 0.039
v -0.555193 -0.874687 -0.139833 0.078 0.051 0.043
v 0.242151 -0.977396 -0.095681 0.063 0.047 0.039
v 0.190598 -0.414806 -0.103019 0.047 0.043 0.035
v -0.096258 0.054637 -0.282995 0.882 0.722 0.569
v 0.147920 -0.412524 -0.098845 0.047 0.039 0.031
v -0.199558 -0.337902 -0.100408 0.039 0.031 0.027
v 0.378935 -0.764293 -0.123962 0.067 0.047 0.047
v 0.192428 -0.196563 -0.221377 0.051 0.047 0.035
v -0.390320 0.035000 -0.381425 0.024 0.020 0.012
v 0.397280 -0.425068 -0.182849 0.047 0.039 0.027
v 0.265997 -0.740776 0.001522 0.043 0.039 0.031
v -0.104547 0.573322 -0.028916 0.776 0.596 0.494
v -0.021160 -0.430952 -0.072535 0.055 0.047 0.039
v 0.724534 -0.275078 -0.404867 0.839 0.667 0.510
v -0.095572 0.725580 -0.013536 0.773 0.612 0.525
v 0.327373 0.958464 0.035273 0.561 0.420 0.318
v -0.061795 0.306806 -0.242209 0.722 0.553 0.408
v -0.953810 -0.673061 -0.424703 0.588 0.435 0.325
v -0.346818 -0.244875 -0.143740 0.035 0.031 0.024
v -0.375004 -0.620513 0.048343 0.059 0.043 0.043
v 0.641055 -0.687003 -0.351196 0.855 0.675 0.518
v -0.048518 -0.348976 -0.110330 0.047 0.039 0.035
v 0.459469 0.651292 -0.290575 0.698 0.424 0.306
v -0.468518 -0.470550 -0.052845 0.051 0.043 0.035
v 0.291678 0.423752 -0.073998 0.859 0.686 0.573
v -0.435515 -0.363232 -0.092034 0.055 0.043 0.035
v -0.693128 0.028201 -0.389422 0.843 0.627 0.502
v 0.446555 -0.058872 -0.524312 0.090 0.082 0.086
v 0.125223 0.231631 -0.050243 0.588 0.424 0.329
v 0.468007 -0.209330 -0.336644 0.898 0.749 0.635
v 0.079461 1.055611 -0.003177 0.227 0.161 0.090
v -0.265956 -0.174822 -0.182589 0.035 0.031 0.024
v -0.210924 -0.334070 -0.101318 0.047 0.039 0.031
v -0.131390 0.635161 -0.092716 0.769 0.573 0.463
v -0.109468 -0.481100 -0.036610 0.059 0.043 0.039
v -0.047761 0.604020 0.022194 0.949 0.753 0.620
v -0.811031 -0.512385 -0.284477 0.839 0.667 0.529
v 0.466248 -0.117121 -0.408839 0.067 0.055 0.047
v 0.108996 0.200543 -0.219543 0.878 0.729 0.584
v 0.559963 -0.382142 -0.300420 0.929 0.769 0.600
v 0.239512 0.033697 -0.369961 0.875 0.710 0.549
v -0.137849 -0.332903 -0.109437 0.039 0.031 0.027
v -0.119700 0.433786 -0.157450 0.710 0.529 0.435
v -0.047652 -0.181219 -0.183231 0.059 0.043 0.031
v 0.220520 -0.004997 -0.348404 0.843 0.667 0.525
v 0.544164 -0.722007 -0.299217 0.878 0.694 0.537
v 0.271759 -0.862614 -0.041028 0.071 0.059 0.059
v 0.445965 -0.643821 -0.281953 0.220 0.141 0.082
v -0.854980 -0.722796 -0.271497 0.804 0.604 0.459
v -0.063540 0.103206 -0.266883 0.890 0.722 0.561
v -0.792041 -0.738452 -0.257638 0.851 0.659 0.525
v 0.441967 -0.268324 -0.292273 0.141 0.118 0.110
v 0.023044 0.847495 0.094102 0.918 0.757 0.655
v 0.000492 0.748826 0.102183 0.608 0.447 0.357
v 0.275654 1.011671 0.022483 0.373 0.306 0.224
v 0.401096 -0.041463 -0.507805 0.122 0.114 0.118
v 0.413119 -0.536942 -0.177879 0.090 0.086 0.086
v -0.047621 0.856977 0.041695 0.878 0.714 0.608
v -0.058158 0.891918 0.018547 0.843 0.671 0.565
v 0.139856 -0.511397 -0.043399 0.055 0.043 0.035
v 0.254750 -0.605896 -0.033697 0.051 0.043 0.039
v -0.531169 -0.692047 -0.047277 0.039 0.035 0.035
v -0.136778 0.654136 -0.134922 0.753 0.553 0.451
v -0.327935 -0.224343 -0.155679 0.035 0.027 0.024
v -0.272131 -0.921063 -0.002494 0.027 0.024 0.016
v -0.349842 -0.470712 -0.016700 0.059 0.047 0.039
v 0.044511 -0.737200 0.043089 0.075 0.063 0.067
v 0.353174 -0.724342 -0.084296 0.055 0.043 0.031
v 0.327293 0.459764 -0.143955 0.800 0.624 0.510
v -0.061303 0.600450 0.016404 0.933 0.733 0.604
v -0.310978 -0.758390 0.049563 0.075 0.063 0.067
v 0.160533 -0.053033 -0.304369 0.902 0.725 0.565
v -0.118103 0.425644 -0.297765 0.745 0.541 0.404
v -0.033371 0.069681 -0.262518 0.914 0.745 0.580
v -0.086844 -0.287762 -0.135398 0.043 0.035 0.031
v 0.547169 -0.882226 -0.316550 0.871 0.655 0.510
v -0.414425 -0.099662 -0.243458 0.043 0.035 0.027
v 0.318255 0.456246 -0.111640 0.800 0.631 0.510
v 0.320208 -1.025779 -0.235255 0.145 0.114 0.106
v 0.451292 0.778068 -0.209311 0.345 0.259 0.176
v -0.071016 -0.477120 -0.040978 0.055 0.039 0.039
v -0.623772 -0.748158 -0.241696 0.043 0.024 0.024
v 0.347586 0.712119 0.006807 0.867 0.714 0.600
v -0.486916 -0.693531 0.001337 0.063 0.055 0.051
v -0.390610 -0.307845 -0.110852 0.051 0.039 0.031
v 0.282923 0.960495 0.055341 0.706 0.537 0.439
v -0.355807 -0.487365 -0.007331 0.051 0.039 0.035
v -0.126876 0.576129 -0.091263 0.702 0.518 0.416
v -0.580387 -0.645501 -0.128219 0.027 0.024 0.016
v -0.774415 -0.711173 -0.267776 0.831 0.647 0.510
v -0.612869 0.009649 -0.328757 0.937 0.741 0.588
v -0.134458 0.803800 -0.146596 0.514 0.388 0.306
v 0.146321 0.307283 -0.003195 0.906 0.722 0.616
v 0.392420 -0.773663 -0.165018 0.075 0.043 0.035
v 0.537182 -0.748707 -0.298815 0.875 0.682 0.529
v -0.659582 -0.603751 -0.243218 0.620 0.494 0.392
v -0.108943 -0.221978 -0.162742 0.047 0.039 0.031
v 0.008070 0.949400 0.053775 0.878 0.690 0.584
v 0.580570 -0.660280 -0.313886 0.886 0.714 0.549
v 0.217080 -1.092208 -0.119426 0.031 0.027 0.020
v 0.526998 -0.345567 -0.295435 0.945 0.784 0.616
v 0.270330 -1.028306 -0.146776 0.063 0.047 0.043
v 0.157171 -1.068700 -0.088568 0.031 0.027 0.020
v -0.019100 0.185296 -0.239658 0.757 0.612 0.475
v 0.037452 0.633937 0.048945 0.733 0.525 0.431
v 0.418840 0.761382 -0.130587 0.706 0.569 0.494
v -0.141846 0.914591 -0.213046 0.333 0.259 0.204
v 0.328503 0.991921 0.005302 0.365 0.278 0.196
v -0.536710 -0.586737 -0.066558 0.024 0.024 0.020
v -0.255707 0.125177 -0.440422 0.796 0.612 0.455
v 0.572158 -0.697215 -0.312522 0.886 0.710 0.549
v -0.548247 -0.594636 -0.081629 0.031 0.020 0.020
v -0.750285 -0.763236 -0.247128 0.831 0.651 0.518
v 0.438047 0.908377 -0.129333 0.475 0.361 0.278
v -0.318142 0.104003 -0.464090 0.651 0.506 0.420
v -0.168575 0.034354 -0.315800 0.855 0.678 0.518
v -0.363208 -0.034079 -0.293350 0.031 0.024 0.020
v -0.091652 0.374638 -0.121017 0.722 0.553 0.463
v 0.244618 1.039857 0.010554 0.278 0.216 0.137
v 0.310868 -0.201806 -0.262595 0.039 0.035 0.024
v -0.702176 -0.790191 -0.260807 0.639 0.494 0.404
v -0.264963 -0.578838 0.036027 0.039 0.031 0.024
v 0.028450 0.223492 -0.208136 0.569 0.435 0.329
v 0.335522 0.652371 0.000709 0.839 0.671 0.573
v 0.319540 -0.454597 -0.129869 0.043 0.039 0.027
v 0.229909 -0.936627 -0.063220 0.098 0.063 0.063
v 0.432016 0.992670 -0.169376 0.278 0.212 0.153
v -0.509877 -0.332069 -0.138284 0.047 0.031 0.024
v 0.183426 -0.678837 0.027029 0.055 0.039 0.035
v -0.258923 -0.274498 -0.127549 0.035 0.031 0.024
v 0.427568 0.883146 -0.097195 0.620 0.482 0.384
v -0.094468 0.321949 -0.272427 0.761 0.592 0.443
v -0.123580 0.951969 -0.170710 0.286 0.204 0.125
v 0.193034 0.092445 -0.305870 0.875 0.722 0.561
v -0.874509 -0.654706 -0.311724 0.784 0.596 0.451
v -0.062618 0.404719 -0.050271 0.741 0.565 0.490
v -0.783328 -0.226717 -0.288259 0.863 0.686 0.525
v 0.369008 -0.134375 -0.341847 0.035 0.031 0.020
v -0.660342 -0.678050 -0.264830 0.455 0.349 0.278
v 0.438516 -0.238627 -0.304892 0.098 0.086 0.075
v 0.026918 0.340663 0.011738 0.808 0.624 0.529
v 0.533142 -0.316070 -0.302588 0.945 0.792 0.631
v 0.027291 0.284147 0.000517 0.890 0.694 0.600
v 0.137748 -0.041260 -0.297230 0.918 0.745 0.584
v -0.623444 -0.635642 -0.211227 0.031 0.016 0.004
v 0.152250 -0.908936 -0.013300 0.075 0.063 0.063
v 0.062793 0.604072 0.066303 0.827 0.639 0.529
v -0.672637 -0.392996 -0.227619 0.871 0.706 0.553
v 0.228427 0.139661 -0.324980 0.824 0.655 0.490
v -0.138866 0.314016 -0.356652 0.706 0.525 0.384
v -0.592108 -0.709823 -0.161031 0.039 0.035 0.027
v -0.035197 -0.458498 -0.054790 0.059 0.043 0.039
v 0.673551 -0.567600 -0.350736 0.871 0.698 0.522
v 0.404292 0.694837 -0.147575 0.682 0.533 0.435
v -0.317480 0.006307 -0.313559 0.027 0.020 0.012
v -0.670574 -0.368424 -0.225573 0.875 0.706 0.557
v -0.461211 -0.574681 0.004630 0.047 0.043 0.035
v 0.145675 0.551290 0.093453 0.886 0.702 0.600
v -0.166258 -0.688939 0.037821 0.055 0.039 0.043
v -0.412076 -0.115470 -0.232375 0.035 0.031 0.024
v -0.363055 0.084982 -0.448681 0.043 0.027 0.024
v -0.123842 0.564602 -0.082089 0.714 0.537 0.443
v 0.312943 0.780032 0.063601 0.890 0.686 0.576
v -0.439265 0.066445 -0.453644 0.059 0.051 0.047
v -0.683375 -0.405683 -0.230886 0.875 0.706 0.565
v 0.060392 0.296652 0.012849 0.945 0.733 0.631
v -0.381240 -0.292383 -0.117409 0.043 0.035 0.027
v 0.399005 1.004833 -0.107780 0.400 0.333 0.275
v -0.131797 0.498959 -0.171809 0.722 0.537 0.435
v 0.210662 -0.512518 -0.060863 0.051 0.039 0.031
v 0.401966 -0.705104 -0.178278 0.063 0.039 0.039
v -0.705064 -0.129998 -0.263470 0.902 0.749 0.584
v -0.014301 -0.269236 -0.151000 0.047 0.039 0.027
v -0.910488 -0.531112 -0.385634 0.588 0.447 0.325
v 0.653775 -0.339978 -0.326115 0.914 0.757 0.596
v -0.250117 -0.603705 0.041055 0.047 0.035 0.035
v 0.120903 0.671421 0.101542 0.882 0.706 0.592
v 0.189419 0.113507 -0.294361 0.886 0.733 0.569
v 0.619381 -0.350122 -0.316124 0.925 0.773 0.604
v -0.473503 -0.774906 -0.014573 0.082 0.063 0.063
v -0.573204 -0.487610 -0.167033 0.031 0.027 0.020
v 0.710299 -0.239599 -0.410262 0.859 0.686 0.533
v 0.404683 -0.213708 -0.294037 0.039 0.035 0.020
v -0.172638 0.114709 -0.353867 0.765 0.588 0.435
v 0.335544 0.467494 -0.184544 0.780 0.600 0.475
v -0.611637 -0.852023 -0.216952 0.208 0.322 0.184
v 0.123165 -0.303828 -0.152728 0.039 0.035 0.027
v 0.706273 -0.373926 -0.362081 0.859 0.682 0.514
v -0.935744 -0.679616 -0.371097 0.776 0.580 0.427
v 0.243533 -0.051759 -0.339189 0.890 0.714 0.553
v 0.318345 -0.155230 -0.296908 0.035 0.031 0.016
v 0.139620 -0.205844 -0.203485 0.051 0.039 0.027
v 0.592644 -0.206450 -0.354740 0.922 0.745 0.584
v -0.891762 -0.708294 -0.314959 0.769 0.569 0.424
v 0.135501 -0.418330 -0.094656 0.047 0.035 0.027
v -0.478638 -0.467402 -0.061095 0.047 0.039 0.031
v -0.688672 -0.182492 -0.254843 0.910 0.749 0.584
v 0.373180 -0.312861 -0.220872 0.047 0.035 0.027
v -0.042162 0.304901 -0.071795 0.706 0.541 0.451
v 0.462177 -0.125642 -0.398737 0.067 0.063 0.047
v 0.216252 1.064882 -0.008963 0.341 0.255 0.173
v 0.003216 -0.238333 -0.167765 0.051 0.043 0.035
v 0.255232 0.390560 -0.045754 0.886 0.718 0.608
v 0.418357 0.501299 -0.312004 0.800 0.541 0.416
v 0.159193 -0.969163 -0.059015 0.055 0.039 0.035
v 0.277330 0.549890 0.022564 0.933 0.722 0.588
v 0.230873 0.620903 0.043462 0.353 0.263 0.192
v 0.196060 -0.598627 -0.011546 0.055 0.043 0.031
v 0.259241 0.332010 -0.121332 0.745 0.565 0.459
v -0.259456 -0.201382 -0.167220 0.047 0.039 0.027
v -0.578193 -0.256804 -0.197966 0.902 0.733 0.565
v -0.660324 -0.617160 -0.245543 0.592 0.471 0.369
v 0.223332 1.027832 0.031755 0.302 0.231 0.157
v 0.418069 0.911333 -0.079842 0.635 0.502 0.400
v 0.524421 -0.096804 -0.501070 0.843 0.663 0.529
v 0.300956 0.828540 0.072747 0.918 0.737 0.620
v -0.303965 -0.641903 0.060642 0.067 0.063 0.055
v 0.114505 0.994821 0.065742 0.702 0.537 0.443
v -0.428543 -0.761246 0.015633 0.063 0.047 0.043
v 0.313099 -0.312267 -0.195570 0.051 0.043 0.031
v -0.274601 -0.033782 -0.259116 0.031 0.027 0.020
v 0.661248 -0.713244 -0.368601 0.843 0.655 0.490
v 0.638668 -0.205988 -0.368470 0.906 0.729 0.561
v 0.397540 0.485428 -0.282106 0.914 0.682 0.561
v 0.610085 -0.169257 -0.399500 0.902 0.718 0.549
v 0.414494 -0.320802 -0.233914 0.086 0.071 0.059
v -0.008810 -0.242189 -0.164377 0.051 0.043 0.035
v 0.160188 0.246371 -0.074020 0.616 0.443 0.341
v -0.729855 -0.401597 -0.243537 0.855 0.694 0.553
v -0.087147 -0.973978 -0.016086 0.075 0.059 0.055
v -0.000978 -0.592364 0.007166 0.051 0.043 0.039
v 0.398200 -0.785774 -0.208350 0.075 0.071 0.059
v 0.410335 0.674417 -0.178452 0.592 0.463 0.369
v -0.054642 0.460299 -0.012426 0.780 0.604 0.522
v -0.584714 -0.668401 -0.135880 0.031 0.031 0.024
v 0.184614 0.579303 0.045374 0.945 0.769 0.655
v -0.753862 -0.030658 -0.357207 0.788 0.596 0.463
v -0.064238 -0.215224 -0.168996 0.059 0.047 0.039
v -0.038828 -0.245697 -0.158651 0.043 0.039 0.031
v 0.131654 0.996559 0.066548 0.675 0.522 0.424
v 0.414702 0.991910 -0.127470 0.404 0.314 0.235
v 0.619573 -0.216828 -0.352189 0.925 0.749 0.588
v 0.097461 -0.544804 -0.018271 0.059 0.043 0.039
v 0.449088 0.844871 -0.157020 0.439 0.341 0.255
v 0.134924 0.758526 0.127223 0.961 0.784 0.690
v -0.040151 -0.727112 0.034870 0.086 0.071 0.071
v -0.040914 -0.837733 0.017703 0.051 0.043 0.043
v -0.097430 0.658469 -0.020679 0.831 0.643 0.525
v 0.365317 0.637681 -0.078218 0.851 0.667 0.525
v 0.476375 -0.394531 -0.251548 0.918 0.745 0.561
v -0.822170 -0.546710 -0.289729 0.831 0.655 0.518
v 0.116666 0.238498 -0.018809 0.808 0.596 0.502
v -0.318494 -0.105593 -0.232621 0.031 0.024 0.020
v 0.251389 0.215357 -0.329310 0.835 0.663 0.502
v -0.123355 0.830502 -0.103000 0.675 0.541 0.459
v 0.361890 -0.146584 -0.327355 0.043 0.035 0.024
v 0.259545 -0.985127 -0.112110 0.106 0.086 0.078
v -0.814770 -0.468355 -0.285880 0.827 0.659 0.522
v 0.151983 -0.714678 0.041302 0.075 0.067 0.063
v -0.275834 -0.833262 0.018469 0.043 0.031 0.039
v -0.007936 1.071097 -0.103765 0.310 0.227 0.165
v 0.386243 -0.086178 -0.403566 0.047 0.043 0.027
v 0.123281 0.376964 0.035836 0.804 0.412 0.400
v 0.030139 -0.930964 -0.016247 0.051 0.043 0.035
v -0.015694 0.933613 0.042782 0.871 0.694 0.584
v 0.492079 -0.534677 -0.261380 0.757 0.573 0.404
v 0.388454 -1.010904 -0.269349 0.447 0.357 0.275
v -0.273735 -0.812926 0.028324 0.047 0.035 0.039
v -0.466356 -0.749007 0.001372 0.067 0.051 0.047
v -0.243914 -0.026974 -0.248130 0.055 0.043 0.031
v -0.251188 0.059439 -0.367373 0.890 0.714 0.549
v 0.355890 -0.574345 -0.117159 0.047 0.035 0.027
v 0.595518 -0.811518 -0.341121 0.863 0.667 0.518
v -0.052642 0.517070 0.009722 0.878 0.678 0.573
v 0.499292 -0.355416 -0.278989 0.937 0.773 0.604
v -0.170909 -0.287274 -0.128552 0.039 0.031 0.027
v 0.395367 -0.367241 -0.203008 0.051 0.043 0.027
v 0.128895 -0.426362 -0.089551 0.047 0.035 0.027
v 0.420718 -0.617302 -0.208075 0.094 0.078 0.075
v -0.437026 -0.207509 -0.176087 0.039 0.035 0.024
v -0.176437 -0.395788 -0.073694 0.051 0.043 0.035
v 0.039298 0.481990 0.056085 0.761 0.573 0.494
v 0.100058 0.677107 0.096797 0.745 0.580 0.467
v 0.478789 -1.101625 -0.287029 0.855 0.659 0.529
v -0.032129 -0.558307 -0.006617 0.051 0.039 0.035
v 0.305703 0.433122 -0.095004 0.859 0.678 0.557
v -0.309224 -0.813028 0.030462 0.051 0.043 0.043
v -0.026978 -0.121181 -0.215659 0.929 0.741 0.576
v 0.428385 0.638818 -0.286072 0.875 0.694 0.627
v 0.063124 -0.737980 0.045110 0.086 0.078 0.082
v -0.427098 0.065828 -0.454172 0.043 0.035 0.031
v 0.634304 -0.477806 -0.323022 0.914 0.749 0.576
v 0.334760 -0.661436 -0.074794 0.051 0.039 0.031
v 0.535854 -0.627804 -0.284845 0.882 0.706 0.545
v 0.498032 -0.232996 -0.328196 0.945 0.788 0.627
v 0.258511 0.120340 -0.390995 0.875 0.686 0.525
v 0.001069 0.093255 -0.255264 0.898 0.733 0.569
v -0.676896 -0.532862 -0.241623 0.835 0.663 0.529
v 0.548012 -0.359634 -0.300044 0.945 0.780 0.612
v -0.105237 -0.925917 -0.005448 0.035 0.031 0.027
v -0.704177 -0.355672 -0.236016 0.882 0.714 0.565
v 0.413164 0.895449 -0.067061 0.678 0.529 0.427
v 0.348351 0.506728 -0.196689 0.769 0.596 0.475
v 0.239394 -0.617162 -0.019902 0.055 0.043 0.031
v -0.098068 0.695927 -0.026724 0.784 0.631 0.533
v 0.636075 -0.882532 -0.372956 0.859 0.643 0.482
v -0.132896 0.305206 -0.337143 0.706 0.522 0.376
v -0.427052 -0.722757 0.030368 0.047 0.039 0.039
v 0.434375 0.787440 -0.154647 0.494 0.384 0.302
v 0.402764 -0.253603 -0.267150 0.059 0.055 0.039
v -0.425512 -0.210791 -0.172570 0.039 0.031 0.024
v 0.266905 -0.250042 -0.214125 0.055 0.047 0.031
v -0.235849 -0.655510 0.051468 0.059 0.047 0.047
v -0.512309 -0.011514 -0.319599 0.941 0.765 0.612
v -0.445258 -0.551342 0.001875 0.055 0.047 0.043
v -0.561736 -0.442459 -0.163306 0.016 0.008 0.012
v -0.066510 0.532109 0.001725 0.855 0.659 0.553
v 0.039994 0.729416 0.115720 0.561 0.396 0.298
v 0.202479 -0.051528 -0.321114 0.890 0.714 0.553
v 0.319443 0.826972 0.059754 0.918 0.749 0.631
v 0.029160 0.596745 0.045719 0.929 0.749 0.620
v -0.116163 0.402403 -0.297503 0.761 0.561 0.420
v 0.162421 0.666684 0.087301 0.765 0.561 0.435
v 0.293864 0.573758 0.015070 0.918 0.718 0.580
v -0.148638 0.703776 -0.275637 0.655 0.431 0.349
v -0.454274 -0.218094 -0.173225 0.039 0.031 0.024
v -0.067086 -0.488233 -0.035483 0.051 0.039 0.035
v -0.477699 -0.421512 -0.083281 0.055 0.039 0.031
v 0.142205 -0.954756 -0.042582 0.051 0.035 0.031
v 0.306231 -0.962134 -0.150861 0.075 0.059 0.055
v -0.707889 -0.680493 -0.265486 0.780 0.612 0.494
v 0.091774 0.646863 0.075983 0.694 0.522 0.416
v -0.803855 -0.122185 -0.349107 0.725 0.541 0.408
v 0.151503 0.279190 -0.014285 0.906 0.710 0.608
v -0.086718 -0.109990 -0.204693 0.922 0.729 0.612
v -0.053195 0.573905 0.018791 0.914 0.702 0.584
v -0.048939 0.011049 -0.270384 0.929 0.749 0.573
v -0.307391 -0.091764 -0.239161 0.035 0.031 0.024
v 0.435190 0.724659 -0.207211 0.373 0.275 0.192
v 0.450673 -0.081049 -0.432669 0.141 0.122 0.125
v -0.711036 -0.334604 -0.240109 0.878 0.710 0.553
v 0.190101 -0.937310 -0.043694 0.094 0.078 0.075
v 0.390336 0.579820 -0.235895 0.925 0.757 0.616
v 0.581524 -0.733636 -0.324264 0.867 0.678 0.525
v 0.279858 0.789600 0.085625 0.929 0.749 0.639
v -0.142339 -0.457602 -0.045505 0.047 0.035 0.031
v 0.402036 -0.970745 -0.261904 0.541 0.420 0.337
v -0.204590 -0.739554 0.044482 0.098 0.078 0.082
v -0.149818 0.731710 -0.198068 0.494 0.357 0.282
v -0.539967 -0.702864 -0.064759 0.024 0.020 0.020
v 0.743288 -0.341839 -0.448618 0.800 0.635 0.475
v 0.232776 -0.803882 0.011074 0.086 0.071 0.071
v -0.159270 -0.278344 -0.133981 0.047 0.043 0.035
v -0.071304 0.152196 -0.265826 0.847 0.682 0.541
v -0.164404 -0.014429 -0.280684 0.898 0.710 0.553
v 0.113857 -0.581738 -0.001333 0.051 0.039 0.031
v -0.180720 0.778346 -0.280929 0.835 0.573 0.467
v 0.087196 -0.160558 -0.209061 0.051 0.039 0.027
v -0.712404 -0.834762 -0.180972 0.769 0.592 0.486
v -0.947032 -0.660581 -0.406267 0.624 0.478 0.353
v 0.078763 0.582376 0.099798 0.741 0.561 0.486
v -0.158464 0.158805 -0.358552 0.710 0.529 0.388
v -0.429234 -0.675471 0.036626 0.051 0.043 0.035
v 0.039189 -0.087303 -0.264156 0.945 0.749 0.580
v 0.396665 0.983455 -0.080008 0.420 0.337 0.243
v 0.272912 0.580947 0.027721 0.906 0.698 0.569
v 0.057664 0.953199 0.075987 0.918 0.741 0.624
v -0.126825 -0.489077 -0.031389 0.051 0.039 0.035
v -0.158244 0.772976 -0.247700 0.369 0.255 0.188
v -0.692091 -0.810383 -0.258419 0.584 0.447 0.373
v -0.068797 0.363046 -0.084037 0.745 0.569 0.494
v 0.135082 -0.876715 0.010403 0.063 0.055 0.051
v 0.222500 0.732033 0.116949 0.949 0.769 0.678
v 0.291497 0.369040 -0.197824 0.659 0.525 0.416
v -0.862857 -0.518596 -0.318794 0.757 0.604 0.471
v 0.362622 -0.957283 -0.269839 0.192 0.176 0.133
v 0.189299 0.796610 0.120548 0.969 0.804 0.714
v 0.296401 0.626509 0.019285 0.451 0.294 0.224
v -0.204485 -0.096773 -0.206842 0.055 0.043 0.031
v -0.079373 -0.069195 -0.240256 0.929 0.725 0.557
v 0.179118 0.222302 -0.249332 0.918 0.761 0.604
v -0.916198 -0.527126 -0.407805 0.565 0.420 0.302
v -0.026907 -0.494347 -0.035960 0.059 0.047 0.039
v -0.889922 -0.392360 -0.373624 0.608 0.447 0.322
v 0.429860 -0.429455 -0.199597 0.075 0.047 0.039
v -0.899987 -0.394232 -0.415961 0.573 0.427 0.294
v 0.433835 0.945194 -0.132471 0.463 0.376 0.302
v 0.373101 -0.680415 -0.116596 0.055 0.039 0.039
v -0.135257 -0.680166 0.032843 0.067 0.047 0.047
v 0.486335 -1.036465 -0.277326 0.859 0.663 0.533
v -0.044951 0.444989 -0.006518 0.784 0.608 0.518
v -0.097000 0.987483 -0.127753 0.369 0.271 0.196
v -0.605465 -0.375263 -0.209186 0.678 0.514 0.361
v 0.251032 0.313427 -0.267347 0.839 0.667 0.514
v 0.437541 0.998427 -0.190019 0.353 0.278 0.227
v 0.378390 -0.197176 -0.292668 0.039 0.035 0.020
v -0.017987 1.011084 -0.017756 0.675 0.522 0.435
v 0.594594 -0.626659 -0.317482 0.886 0.718 0.549
v -0.587823 -0.242957 -0.207249 0.902 0.733 0.565
v -0.272711 -0.092948 -0.229031 0.035 0.031 0.024
v -0.809896 -0.127424 -0.359678 0.714 0.518 0.392
v -0.095391 0.491231 -0.059799 0.765 0.600 0.506
v -0.052075 1.025969 -0.071735 0.580 0.447 0.353
v 0.346045 -0.508506 -0.124869 0.055 0.047 0.035
v 0.230347 0.433268 0.011804 0.918 0.753 0.655
v -0.142005 0.186869 -0.334464 0.710 0.533 0.388
v 0.229331 0.373416 -0.028229 0.902 0.725 0.620
v 0.503358 -0.531361 -0.264832 0.839 0.651 0.471
v 0.391609 -0.795680 -0.178865 0.067 0.047 0.039
v -0.121542 0.855888 -0.091666 0.525 0.380 0.298
v -0.725599 -0.502540 -0.248148 0.855 0.690 0.553
v 0.410864 -0.080212 -0.430786 0.125 0.122 0.125
v 0.323950 -0.671289 -0.061274 0.055 0.039 0.031
v -0.137349 0.666882 -0.155214 0.765 0.573 0.475
v -0.752801 -0.178888 -0.280062 0.871 0.698 0.541
v 0.397055 -0.224855 -0.282101 0.035 0.027 0.016
v 0.113014 0.086536 -0.268815 0.910 0.757 0.588
v 0.322117 -1.040085 -0.248925 0.118 0.102 0.106
v 0.038247 0.238695 -0.199384 0.478 0.341 0.251
v -0.676900 -0.855298 -0.145533 0.678 0.514 0.420
v 0.247634 -0.071017 -0.321253 0.122 0.067 0.035
v 0.411561 -0.791584 -0.253143 0.098 0.086 0.067
v 0.331309 -0.146499 -0.310945 0.039 0.031 0.020
v -0.133220 -0.275640 -0.137467 0.043 0.039 0.031
v -0.340988 0.102892 -0.470014 0.047 0.039 0.031
v 0.036927 -0.156473 -0.199734 0.055 0.043 0.027
v -0.267544 0.001541 -0.282164 0.055 0.039 0.024
v 0.120466 -0.954797 -0.039347 0.063 0.047 0.043
v -0.134218 0.621966 -0.120365 0.698 0.502 0.396
v -0.185241 -0.090376 -0.204377 0.063 0.047 0.035
v 0.582571 -0.168060 -0.391733 0.906 0.722 0.557
v -0.641481 -0.747221 -0.276402 0.031 0.008 0.008
v 0.329146 -0.948103 -0.172652 0.125 0.094 0.086
v 0.193514 0.655506 0.059454 0.553 0.373 0.278
v 0.356339 -1.044584 -0.283235 0.165 0.137 0.102
v 0.092952 0.992894 0.063624 0.780 0.604 0.510
v 0.335715 1.091336 -0.137914 0.604 0.533 0.455
v 0.377899 -0.848677 -0.185344 0.165 0.157 0.161
v -0.682450 -0.769481 -0.291932 0.420 0.322 0.247
v 0.224930 -0.929455 -0.055732 0.082 0.063 0.055
v 0.332265 0.464177 -0.165834 0.773 0.592 0.482
v -0.181867 -0.305728 -0.118401 0.047 0.039 0.031
v -0.133002 0.424005 -0.344709 0.729 0.533 0.400
v 0.050136 0.773537 0.118150 0.965 0.788 0.698
v 0.419117 0.744421 -0.144259 0.643 0.506 0.396
v 0.275739 1.083123 -0.073309 0.298 0.251 0.176
v -0.128799 -0.501702 -0.025115 0.059 0.047 0.043
v 0.331685 0.755966 0.045716 0.914 0.757 0.647
v 0.550040 -0.585655 -0.288561 0.890 0.722 0.557
v 0.438674 0.726143 -0.218331 0.322 0.235 0.161
v -0.005217 0.253367 -0.212498 0.635 0.510 0.392
v -0.365693 0.018398 -0.347832 0.020 0.020 0.012
v 0.459612 -0.844453 -0.272754 0.737 0.561 0.435
v 0.041264 -0.239333 -0.172387 0.047 0.043 0.031
v 0.026238 -0.879630 0.009580 0.047 0.039 0.039
v 0.147371 -0.259616 -0.179730 0.043 0.035 0.024
v -0.213298 -0.295091 -0.120959 0.043 0.035 0.027
v -0.318335 -0.788993 0.038456 0.059 0.047 0.051
v 0.430647 1.010642 -0.186702 0.282 0.212 0.161
v 0.158023 0.333059 -0.004537 0.898 0.725 0.612
v 0.128569 -0.864319 0.018425 0.071 0.063 0.059
v -0.032620 0.795954 0.072817 0.886 0.714 0.627
v -0.474312 -0.644423 0.012176 0.055 0.051 0.043
v -0.333258 -0.743272 0.052992 0.071 0.047 0.047
v -0.116829 0.681713 -0.065277 0.812 0.651 0.541
v -0.123310 0.034059 -0.290596 0.894 0.714 0.549
v -0.703063 -0.634146 -0.257166 0.812 0.639 0.514
v -0.241459 0.144947 -0.473917 0.851 0.647 0.482
v 0.428292 -0.311213 -0.250489 0.098 0.078 0.067
v 0.189203 -0.529391 -0.046010 0.055 0.039 0.035
v -0.677471 -0.846307 -0.197376 0.663 0.510 0.416
v 0.474531 -0.076451 -0.490825 0.129 0.125 0.125
v 0.471763 0.630333 -0.317375 0.929 0.694 0.580
v -0.775996 -0.386831 -0.264033 0.855 0.702 0.561
v -0.005826 0.570483 0.035802 0.953 0.753 0.627
v -0.906021 -0.525250 -0.376833 0.616 0.463 0.341
v -0.654718 -0.788098 -0.288264 0.157 0.102 0.086
v 0.303719 0.970848 0.040266 0.529 0.408 0.310
v 0.276484 0.727275 0.090517 0.918 0.741 0.647
v 0.097687 -1.005028 -0.057814 0.043 0.039 0.031
v -0.334034 -0.243218 -0.144510 0.039 0.035 0.027
v 0.235815 -1.004750 -0.106403 0.055 0.047 0.039
v -0.587067 -0.407922 -0.200712 0.051 0.035 0.027
v 0.392538 0.688062 -0.122195 0.792 0.635 0.522
v -0.233896 0.129386 -0.420690 0.792 0.604 0.443
v 0.185376 -0.984450 -0.073994 0.055 0.047 0.043
v -0.283371 -0.583007 0.040649 0.051 0.035 0.031
v -0.075052 0.410934 -0.068627 0.761 0.580 0.506
v -0.282508 -0.724796 0.058519 0.094 0.082 0.090
v 0.391314 -0.786166 -0.170057 0.094 0.071 0.078
v 0.338720 0.482570 -0.178173 0.776 0.600 0.478
v -0.275716 -0.160955 -0.191054 0.035 0.031 0.024
v 0.393627 -0.278329 -0.247295 0.039 0.031 0.020
v -0.924191 -0.616895 -0.374612 0.631 0.475 0.353
v 0.212668 -1.060686 -0.109854 0.035 0.031 0.024
v -0.517386 -0.489094 -0.087246 0.078 0.078 0.071
v -0.797812 -0.718561 -0.267478 0.843 0.659 0.522
v 0.224484 0.394892 -0.005759 0.906 0.729 0.627
v 0.244367 -0.949501 -0.080177 0.086 0.063 0.063
v 0.308638 0.396996 -0.334367 0.816 0.643 0.494
v -0.106557 0.416362 -0.128027 0.745 0.565 0.482
v 0.427227 -0.355888 -0.226447 0.075 0.055 0.047
v -0.428369 -0.545790 0.006293 0.051 0.039 0.035
v 0.269325 0.535071 0.022760 0.925 0.698 0.576
v -0.663590 -0.351730 -0.222139 0.878 0.710 0.553
v 0.581623 -0.767349 -0.328939 0.867 0.682 0.529
v 0.645037 -0.647350 -0.347204 0.867 0.690 0.525
v 0.054541 0.553218 0.080490 0.765 0.573 0.490
v -0.705190 -0.612945 -0.254793 0.820 0.647 0.514
v -0.525966 -0.718890 -0.047758 0.031 0.027 0.020
v 0.557261 -0.848972 -0.322477 0.859 0.663 0.514
v 0.439653 -0.892100 -0.258980 0.706 0.537 0.427
v -0.008801 1.089879 -0.141391 0.243 0.180 0.122
v 0.267510 0.102033 -0.405925 0.867 0.675 0.518
v -0.658509 -0.743946 -0.289232 0.275 0.204 0.157
v 0.084507 -0.627135 0.020143 0.051 0.039 0.035
v -0.887998 -0.324719 -0.403531 0.612 0.447 0.314
v -0.105949 -0.634611 0.022249 0.051 0.039 0.035
v 0.130408 0.465894 0.071918 0.906 0.706 0.635
v -0.600603 -0.029667 -0.293378 0.933 0.761 0.600
v -0.479991 0.027964 -0.344762 0.094 0.078 0.051
v 0.339702 -0.885118 -0.125018 0.137 0.106 0.098
v -0.536226 0.060126 -0.428984 0.890 0.694 0.549
v -0.039959 -1.010788 -0.028016 0.039 0.035 0.027
v 0.634475 -0.241872 -0.340687 0.933 0.769 0.608
v -0.706700 -0.554178 -0.248696 0.851 0.686 0.549
v 0.125418 -0.336216 -0.136035 0.047 0.035 0.027
v 0.278730 0.296533 -0.336691 0.812 0.627 0.471
v 0.187897 -1.002877 -0.084540 0.043 0.039 0.031
v -0.219114 0.019850 -0.327942 0.886 0.710 0.545
v -0.095087 0.755326 -0.011695 0.780 0.620 0.525
v -0.750996 -0.059116 -0.318336 0.831 0.643 0.525
v -0.079737 0.310988 -0.258125 0.757 0.576 0.439
v 0.186475 -0.217083 -0.209101 0.043 0.039 0.024
v -0.923289 -0.565774 -0.399059 0.584 0.431 0.310
v 0.135463 -0.461675 -0.069741 0.047 0.035 0.031
v 0.405789 0.549943 -0.297813 0.847 0.565 0.459
v 0.074889 -1.058207 -0.062025 0.039 0.035 0.027
v 0.221403 0.952924 0.077804 0.898 0.702 0.596
v -0.822067 -0.313757 -0.295566 0.816 0.639 0.486
v -0.190563 0.591643 -0.303201 0.827 0.557 0.482
v -0.790990 -0.193680 -0.301688 0.835 0.655 0.494
v -0.279062 -0.638309 0.056155 0.047 0.043 0.035
v 0.478788 -1.005986 -0.265418 0.859 0.663 0.525
v -0.043253 0.403360 -0.022556 0.753 0.576 0.486
v 0.546699 -0.230244 -0.334654 0.929 0.765 0.600
v -0.611396 -0.565623 -0.201629 0.024 0.012 0.004
v -0.875368 -0.326489 -0.361949 0.647 0.478 0.349
v -0.854882 -0.472271 -0.312960 0.773 0.604 0.475
v -0.135777 0.336798 -0.352376 0.702 0.518 0.380
v 0.084694 0.820266 0.118155 0.957 0.776 0.682
v 0.339885 0.734599 0.030289 0.894 0.733 0.624
v -0.851476 -0.231469 -0.368939 0.663 0.486 0.349
v -0.107514 0.745875 -0.056711 0.792 0.639 0.533
v -0.661258 -0.512619 -0.238477 0.831 0.659 0.514
v -0.611422 -0.830704 -0.211592 0.184 0.255 0.141
v 0.135465 -0.254757 -0.179676 0.047 0.039 0.027
v -0.617164 -0.464050 -0.224934 0.643 0.486 0.345
v 0.200196 -0.786412 0.030306 0.086 0.075 0.071
v 0.195997 -0.119310 -0.259131 0.063 0.051 0.035
v -0.499316 0.062179 -0.444547 0.714 0.549 0.451
v -0.618453 -0.637313 -0.201087 0.031 0.024 0.016
v -0.024941 0.468579 0.022172 0.878 0.678 0.569
v 0.042010 -1.020935 -0.046513 0.043 0.043 0.031
v 0.504940 -0.520070 -0.264080 0.851 0.663 0.482
v -0.154902 -0.695280 0.036096 0.063 0.051 0.055
v -0.028139 0.502933 0.025345 0.890 0.686 0.584
v -0.333653 -0.073855 -0.256934 0.035 0.027 0.020
v -0.659216 -0.019060 -0.299321 0.941 0.769 0.612
v -0.179830 -0.863365 0.008129 0.039 0.031 0.035
v 0.073705 0.795463 0.119165 0.957 0.784 0.690
v 0.016865 -0.479211 -0.049121 0.055 0.043 0.035
v 0.160132 -0.111393 -0.249556 0.569 0.459 0.404
v 0.370964 -0.642848 -0.120653 0.059 0.043 0.039
v 0.227421 0.098489 -0.345863 0.820 0.655 0.490
v -0.927756 -0.653496 -0.366619 0.749 0.553 0.404
v -0.510195 -0.402278 -0.119202 0.051 0.039 0.031
v 0.097675 0.119196 -0.252792 0.878 0.710 0.565
v 0.401566 -0.496819 -0.170573 0.059 0.055 0.043
v 0.457311 0.753171 -0.273659 0.302 0.239 0.188
v 0.325820 -0.178376 -0.283927 0.035 0.031 0.024
v -0.785260 -0.552037 -0.271875 0.843 0.675 0.541
v 0.421750 -0.768327 -0.273659 0.071 0.055 0.035
v -0.261744 -0.789899 0.039805 0.086 0.078 0.082
v -0.627571 -0.391279 -0.220005 0.812 0.635 0.463
v 0.010286 -0.516423 -0.027635 0.047 0.035 0.027
v -0.363148 -0.199900 -0.173421 0.039 0.031 0.024
v -0.040205 0.666060 0.032456 0.604 0.439 0.373
v -0.127950 -0.060820 -0.236945 0.949 0.741 0.584
v 0.233573 0.301470 -0.105202 0.776 0.596 0.490
v 0.503966 -0.441938 -0.261851 0.894 0.714 0.522
v 0.184931 0.620133 0.039191 0.800 0.588 0.494
v 0.338584 -0.010954 -0.453989 0.165 0.137 0.129
v -0.156031 0.751284 -0.246032 0.557 0.376 0.302
v 0.362638 0.526713 -0.223880 0.808 0.627 0.510
v -0.692599 -0.518064 -0.243674 0.855 0.686 0.545
v 0.429574 0.848400 -0.103860 0.525 0.384 0.286
v 0.335586 0.482566 -0.154710 0.800 0.627 0.502
v -0.064724 -0.412735 -0.075555 0.047 0.035 0.031
v -0.127796 -0.438688 -0.056339 0.051 0.043 0.035
v -0.096580 0.639815 -0.015032 0.843 0.651 0.522
v 0.184200 1.016738 0.051957 0.447 0.365 0.278
v -0.477102 -0.509068 -0.038913 0.055 0.043 0.035
v -0.052160 0.931633 0.008607 0.827 0.655 0.549
v 0.173261 0.748300 0.126607 0.953 0.780 0.686
v -0.050468 -0.192010 -0.179644 0.059 0.047 0.035
v 0.541817 -0.604001 -0.285059 0.886 0.714 0.549
v -0.814371 -0.537978 -0.285642 0.835 0.667 0.525
v -0.947714 -0.692209 -0.389173 0.784 0.584 0.435
v 0.340522 0.677710 0.011756 0.741 0.569 0.467
v 0.157824 -0.351987 -0.131753 0.047 0.039 0.031
v 0.270599 0.852909 0.090595 0.937 0.753 0.643
v 0.418165 0.874736 -0.076455 0.678 0.518 0.416
v -0.087561 1.034653 -0.171908 0.294 0.220 0.153
v -0.941641 -0.672214 -0.386105 0.761 0.580 0.431
v -0.061955 -0.950060 -0.012592 0.039 0.035 0.035
v -0.703052 -0.141983 -0.261618 0.898 0.741 0.580
v 0.337742 0.783755 0.041736 0.914 0.761 0.639
v 0.266726 0.428035 -0.027727 0.878 0.702 0.600
v -0.529719 0.036425 -0.369153 0.953 0.753 0.600
v 0.557960 -0.823064 -0.320969 0.863 0.667 0.514
v -0.146338 -0.908418 -0.000743 0.035 0.031 0.024
v -0.305709 -0.031956 -0.275674 0.043 0.031 0.024
v -0.045950 0.064019 -0.264773 0.922 0.753 0.580
v 0.231052 -0.963505 -0.080262 0.075 0.055 0.051
v -0.209918 -0.657774 0.045442 0.075 0.063 0.067
v 0.317195 0.657640 0.030033 0.847 0.671 0.569
v -0.138831 0.687208 -0.172302 0.718 0.537 0.443
v -0.161714 0.169840 -0.369723 0.741 0.565 0.408
v -0.126594 0.833666 -0.113850 0.631 0.510 0.424
v 0.276551 -0.347273 -0.161220 0.039 0.035 0.024
v 0.595374 -0.594758 -0.313328 0.890 0.722 0.557
v 0.646082 -0.502034 -0.329636 0.914 0.749 0.576
v -0.397423 -0.493426 -0.012675 0.055 0.039 0.035
v -0.602325 -0.788544 -0.196543 0.031 0.031 0.027
v -0.452773 -0.533542 -0.009649 0.059 0.047 0.039
v 0.044454 0.976759 0.059469 0.859 0.663 0.561
v -0.395923 -0.519349 0.002959 0.047 0.039 0.035
v 0.404734 0.641171 -0.202359 0.553 0.431 0.333
v 0.350228 -0.332617 -0.200512 0.051 0.039 0.031
v -0.282248 0.115539 -0.454720 0.804 0.616 0.471
v 0.215652 -0.950685 -0.064698 0.110 0.090 0.082
v -0.114274 0.048810 -0.289913 0.898 0.729 0.573
v -0.667979 -0.304383 -0.227717 0.890 0.722 0.561
v -0.498747 -0.382380 -0.115887 0.059 0.039 0.031
v 0.050170 0.528314 0.090813 0.780 0.565 0.494
v -0.167474 -0.842770 0.010857 0.051 0.051 0.047
v -0.111005 -0.145850 -0.187114 0.055 0.039 0.027
v -0.436837 -0.416714 -0.066669 0.047 0.035 0.027
v 0.020212 -0.328523 -0.128393 0.047 0.043 0.035
v 0.201550 -1.000907 -0.088936 0.043 0.039 0.031
v 0.189249 0.907583 0.103082 0.965 0.776 0.667
v -0.312270 -0.024417 -0.283824 0.031 0.027 0.020
v -0.763310 -0.032896 -0.376517 0.745 0.565 0.439
v 0.431935 -0.067156 -0.471444 0.110 0.098 0.106
v 0.017915 -0.167832 -0.195240 0.055 0.043 0.035
v -0.725783 -0.525180 -0.250019 0.851 0.686 0.549
v 0.037304 -0.727745 0.042609 0.063 0.051 0.055
v -0.224181 -0.621227 0.040776 0.047 0.039 0.035
v -0.011274 0.257625 -0.088374 0.541 0.376 0.278
v -0.269585 -0.899056 0.001335 0.039 0.035 0.027
v 0.164852 0.930678 0.098682 0.953 0.761 0.655
v 0.559765 -0.240109 -0.329530 0.941 0.776 0.616
v 0.105376 -0.721608 0.046026 0.078 0.063 0.059
v 0.090200 -0.582546 0.000799 0.055 0.039 0.035
v 0.208676 0.341576 -0.032989 0.890 0.714 0.612
v 0.121215 0.078367 -0.272565 0.914 0.757 0.596
v 0.152464 -0.269462 -0.175633 0.055 0.047 0.035
v -0.058028 -0.426849 -0.069345 0.047 0.039 0.035
v -0.630074 -0.378254 -0.217543 0.816 0.627 0.459
v 0.150034 0.116377 -0.271466 0.914 0.761 0.596
v -0.545448 -0.642362 -0.061019 0.043 0.039 0.031
v 0.194484 -0.651743 0.014724 0.051 0.043 0.035
v -0.042156 1.028385 -0.065865 0.557 0.420 0.314
v -0.253739 -0.939293 -0.003618 0.063 0.039 0.039
v -0.637042 -0.082453 -0.264606 0.941 0.776 0.612
v -0.275497 0.086031 -0.402984 0.867 0.678 0.522
v -0.640277 -0.622567 -0.237433 0.475 0.373 0.290
v -0.118460 0.810844 -0.090479 0.741 0.576 0.486
v -0.096316 1.001626 -0.146466 0.345 0.263 0.196
v 0.368364 -0.423215 -0.169677 0.047 0.039 0.031
v -0.293669 -0.509827 0.007066 0.047 0.035 0.031
v 0.321806 -0.740015 -0.047391 0.055 0.043 0.035
v 0.525551 -0.821451 -0.299669 0.871 0.675 0.522
v -0.101308 -0.285598 -0.135194 0.047 0.039 0.031
v 0.201610 -0.917583 -0.036054 0.086 0.071 0.067
v -0.114241 0.904898 -0.095360 0.463 0.337 0.255
v 0.571887 -0.420685 -0.300649 0.933 0.765 0.588
v -0.241661 -0.578099 0.031438 0.051 0.039 0.035
v -0.369995 -0.588782 0.039716 0.059 0.051 0.047
v -0.557307 -0.596781 -0.099234 0.020 0.016 0.016
v -0.255420 -0.006257 -0.275798 0.102 0.063 0.043
v -0.727897 -0.140127 -0.272039 0.882 0.718 0.557
v 0.319878 0.481907 -0.074684 0.792 0.616 0.498
v -0.121334 0.765255 -0.106263 0.769 0.612 0.510
v 0.250444 1.047722 -0.001029 0.267 0.208 0.133
v -0.100430 0.752780 -0.030800 0.769 0.612 0.525
v -0.138576 0.664667 -0.176326 0.737 0.545 0.443
v -0.633369 -0.281028 -0.217659 0.890 0.722 0.561
v 0.187646 0.712598 0.122096 0.918 0.737 0.643
v 0.484781 -0.886539 -0.269971 0.847 0.647 0.502
v 0.367821 -0.401498 -0.177253 0.047 0.035 0.027
v 0.069444 0.596629 0.076887 0.824 0.627 0.522
v -0.204720 0.133013 -0.396450 0.792 0.604 0.443
v -0.724383 -0.425978 -0.242407 0.859 0.698 0.557
v -0.012831 -0.599636 0.010455 0.055 0.051 0.043
v -0.869204 -0.288560 -0.368104 0.647 0.486 0.345
v 0.002730 0.298575 -0.011562 0.843 0.659 0.565
v -0.438714 -0.141082 -0.216191 0.035 0.031 0.020
v 0.052186 -0.435288 -0.078722 0.055 0.051 0.043
v -0.375055 -0.050014 -0.281918 0.043 0.039 0.031
v -0.879811 -0.358434 -0.360852 0.647 0.478 0.357
v -0.931827 -0.604695 -0.399143 0.592 0.443 0.329
v -0.607123 -0.623689 -0.179192 0.024 0.020 0.016
v 0.384335 -0.036933 -0.492010 0.125 0.114 0.118
v -0.546415 -0.875871 -0.129904 0.082 0.063 0.051
v 0.024994 -0.992700 -0.035905 0.055 0.051 0.043
v -0.052252 0.477059 -0.002918 0.800 0.604 0.518
v 0.035408 0.658220 0.054089 0.416 0.267 0.227
v 0.433192 -0.964272 -0.252479 0.741 0.569 0.459
v -0.098330 0.514643 -0.050121 0.757 0.584 0.498
v -0.002402 -0.452128 -0.062848 0.051 0.039 0.035
v -0.350643 -0.786764 0.029953 0.043 0.035 0.035
v -0.515074 -0.477278 -0.091097 0.043 0.035 0.031
v -0.616297 -0.031861 -0.289712 0.953 0.784 0.624
v 0.147281 0.026877 -0.297223 0.894 0.737 0.580
v 0.192086 -0.236821 -0.200948 0.047 0.039 0.027
v -0.860005 -0.458163 -0.317671 0.757 0.588 0.467
v 0.440865 -0.852074 -0.268794 0.647 0.502 0.388
v 0.112624 -0.876232 0.012987 0.071 0.055 0.059
v 0.582615 -0.177892 -0.381749 0.914 0.729 0.565
v -0.567464 -0.866182 -0.150414 0.082 0.059 0.047
v 0.177990 0.257591 -0.083309 0.647 0.490 0.388
v 0.411648 -0.850589 -0.278652 0.255 0.200 0.149
v 0.435161 0.564522 -0.307182 0.949 0.718 0.627
v -0.021598 -0.623958 0.019761 0.055 0.047 0.039
v -0.109308 -0.965682 -0.012592 0.078 0.063 0.059
v 0.344982 1.058760 -0.092379 0.294 0.247 0.176
v -0.240534 -0.255956 -0.138312 0.043 0.035 0.031
v 0.363241 0.785099 0.009520 0.890 0.745 0.635
v -0.059199 -0.479361 -0.040898 0.051 0.043 0.035
v -0.130636 0.590353 -0.109125 0.686 0.502 0.404
v 0.705948 -0.268538 -0.376320 0.878 0.710 0.545
v -0.189682 0.183909 -0.424006 0.749 0.557 0.388
v 0.557611 -0.327273 -0.305591 0.937 0.792 0.624
v 0.606633 -0.314003 -0.314028 0.937 0.784 0.620
v 0.366689 0.876836 0.013216 0.871 0.690 0.580
v 0.351812 -0.781861 -0.083253 0.055 0.039 0.031
v 0.188017 -0.903016 -0.020892 0.094 0.078 0.075
v 0.152448 0.244306 -0.053292 0.686 0.514 0.420
v 0.384104 0.666326 -0.117764 0.792 0.631 0.514
v -0.182724 0.022902 -0.316838 0.855 0.671 0.510
v -0.039312 -0.289478 -0.138939 0.051 0.043 0.039
v 0.429120 -0.733321 -0.282159 0.031 0.016 0.012
v 0.424000 0.981865 -0.138426 0.365 0.290 0.224
v -0.061146 0.904353 0.010283 0.827 0.655 0.557
v -0.624623 -0.054031 -0.276541 0.945 0.784 0.624
v 0.367899 0.569757 -0.172679 0.765 0.580 0.463
v -0.524484 -0.790978 -0.078029 0.039 0.035 0.035
v 0.574420 -0.723711 -0.318266 0.867 0.678 0.525
v 0.235914 -0.562412 -0.046117 0.051 0.043 0.035
v 0.194715 -0.318811 -0.156935 0.039 0.031 0.024
v 0.222895 0.223190 -0.283368 0.886 0.718 0.553
v 0.422511 0.902975 -0.089128 0.663 0.514 0.416
v 0.265122 -0.939446 -0.089113 0.118 0.106 0.086
v -0.111161 -0.248346 -0.151653 0.055 0.043 0.039
v -0.427096 -0.653626 0.036198 0.051 0.047 0.039
v 0.174337 -0.621484 0.007344 0.063 0.051 0.043
v 0.156940 -0.135451 -0.235704 0.059 0.043 0.027
v -0.171671 0.162929 -0.378135 0.765 0.580 0.427
v 0.270113 -0.310282 -0.180057 0.039 0.035 0.024
v 0.206428 -0.274507 -0.184204 0.047 0.039 0.027
v -0.340228 -0.344904 -0.088308 0.043 0.031 0.027
v 0.166441 -0.942893 -0.039016 0.075 0.063 0.063
v 0.125957 0.029468 -0.286274 0.875 0.714 0.553
v -0.430701 -0.690144 0.034198 0.055 0.051 0.043
v -0.266257 0.024631 -0.332585 0.886 0.706 0.565
v 0.603848 -0.178463 -0.386710 0.902 0.718 0.553
v 0.449135 0.807641 -0.189442 0.373 0.286 0.216
v -0.004135 0.349302 -0.008942 0.839 0.655 0.557
v 0.160932 0.096851 -0.283068 0.910 0.757 0.592
v 0.145679 -0.161991 -0.222911 0.055 0.043 0.031
v 0.362840 -0.449076 -0.156918 0.047 0.043 0.035
v -0.242893 -0.896735 0.003945 0.039 0.035 0.027
v 0.297829 0.562588 0.009605 0.922 0.722 0.588
v 0.203457 0.287053 -0.068438 0.839 0.663 0.545
v -0.076240 -0.715409 0.033210 0.071 0.059 0.059
v 0.345802 1.077007 -0.122844 0.310 0.259 0.176
v -0.192103 -0.476355 -0.027208 0.051 0.039 0.035
v -0.331270 -0.053402 -0.270787 0.027 0.024 0.012
v -0.025097 0.093745 -0.258465 0.906 0.741 0.576
v -0.876308 -0.308443 -0.373335 0.635 0.471 0.345
v -0.133443 0.523104 -0.170697 0.749 0.569 0.475
v 0.343674 -0.753218 -0.071062 0.051 0.043 0.031
v 0.117951 -0.044249 -0.288252 0.910 0.725 0.565
v 0.335095 -0.000133 -0.470155 0.157 0.133 0.125
v 0.440769 -1.045747 -0.262682 0.792 0.612 0.502
v -0.709859 -0.274970 -0.247689 0.898 0.729 0.569
v -0.177549 -0.776504 0.034448 0.122 0.106 0.110
v 0.002420 -0.331003 -0.125034 0.051 0.047 0.035
v 0.539844 -0.150555 -0.400283 0.922 0.741 0.580
v 0.202177 -0.187287 -0.230639 0.047 0.035 0.027
v -0.153180 -0.397165 -0.075860 0.043 0.039 0.031
v -0.736766 -0.834788 -0.185440 0.816 0.631 0.522
v -0.010563 0.257999 -0.066066 0.576 0.408 0.318
v 0.187860 -0.919332 -0.031891 0.078 0.063 0.067
v 0.083281 0.848858 0.114263 0.957 0.769 0.671
v -0.679096 -0.521672 -0.241640 0.851 0.682 0.545
v -0.891369 -0.410245 -0.372055 0.612 0.455 0.329
v -0.007672 1.057528 -0.080071 0.451 0.357 0.271
v 0.056062 -0.480040 -0.052085 0.059 0.043 0.039
v -0.124672 0.624550 -0.065209 0.745 0.557 0.459
v 0.298468 0.584482 0.012035 0.914 0.718 0.576
v 0.086421 1.029226 0.032111 0.376 0.298 0.220
v -0.316685 -0.820198 0.024869 0.031 0.027 0.020
v -0.195747 -0.308557 -0.115809 0.039 0.035 0.027
v -0.236911 -0.727291 0.051869 0.094 0.078 0.078
v -0.702935 -0.431567 -0.236770 0.867 0.702 0.561
v -0.203700 0.689258 -0.334562 0.792 0.510 0.416
v 0.369302 0.967435 -0.015084 0.545 0.427 0.325
v 0.356427 0.549485 -0.142808 0.745 0.576 0.459
v 0.381832 0.707410 -0.077792 0.812 0.655 0.529
v -0.189394 0.749230 -0.317915 0.753 0.498 0.412
v -0.680252 -0.871809 -0.107488 0.663 0.510 0.408
v 0.334088 -0.973510 -0.214382 0.173 0.141 0.133
v 0.221051 0.639772 0.049466 0.255 0.161 0.118
v 0.487067 -0.092663 -0.465041 0.824 0.647 0.541
v -0.944731 -0.640209 -0.415447 0.604 0.459 0.337
v 0.265925 0.246120 -0.344664 0.816 0.639 0.478
v 0.378610 0.686503 -0.085578 0.831 0.667 0.541
v 0.040539 0.180194 -0.221502 0.769 0.624 0.490
v -0.364949 -0.171902 -0.192477 0.035 0.027 0.020
v 0.313927 -0.736376 -0.039337 0.055 0.043 0.035
v -0.185477 -0.193423 -0.170538 0.047 0.043 0.035
v -0.189541 0.105697 -0.366165 0.835 0.651 0.498
v -0.457915 -0.796467 -0.019736 0.075 0.059 0.055
v 0.103870 0.466746 0.105129 0.647 0.424 0.404
v -0.656860 -0.539333 -0.238336 0.753 0.580 0.459
v 0.194770 -1.025215 -0.093212 0.043 0.035 0.027
v -0.131533 0.574141 -0.143719 0.737 0.557 0.467
v 0.253184 -0.698409 0.003307 0.063 0.047 0.043
v 0.394686 0.755917 -0.068471 0.761 0.608 0.498
v 0.222481 0.412257 0.008477 0.894 0.714 0.612
v 0.446368 0.582392 -0.316621 0.843 0.553 0.447
v 0.020334 -0.791914 0.033179 0.082 0.075 0.082
v -0.342406 0.020661 -0.343406 0.027 0.020 0.008
v -0.332501 -0.804112 0.031652 0.067 0.063 0.055
v -0.682515 -0.839937 -0.207491 0.671 0.514 0.427
v -0.019865 0.494971 0.027868 0.910 0.706 0.600
v -0.230323 -0.369663 -0.081134 0.043 0.035 0.027
v 0.082185 -0.481577 -0.053128 0.063 0.047 0.043
v -0.343289 -0.210589 -0.165123 0.043 0.039 0.031
v 0.089788 -0.961532 -0.037121 0.043 0.035 0.031
v 0.079315 0.478436 0.138553 0.612 0.463 0.416
v -0.065672 -0.353056 -0.106294 0.051 0.043 0.035
v 0.449394 0.784175 -0.200019 0.439 0.341 0.267
v -0.082276 0.683259 -0.002308 0.741 0.569 0.486
v -0.326670 0.106160 -0.488822 0.235 0.165 0.129
v 0.410879 0.519590 -0.301141 0.863 0.616 0.514
v 0.021760 -0.577734 0.000441 0.047 0.039 0.031
v 0.358631 -0.893360 -0.177318 0.122 0.102 0.094
v -0.066133 0.844840 0.025605 0.792 0.635 0.529
v -0.118404 0.692802 -0.074511 0.812 0.643 0.545
v -0.279350 0.092068 -0.412557 0.859 0.671 0.514
v -0.674010 -0.212663 -0.246959 0.906 0.745 0.576
v 0.300214 -0.274028 -0.211616 0.043 0.035 0.024
v -0.515845 -0.671300 -0.023280 0.129 0.110 0.110
v -0.050290 -1.052260 -0.031894 0.031 0.031 0.024
v 0.113020 -0.561883 -0.011903 0.055 0.043 0.035
v -0.362172 -0.337151 -0.092909 0.051 0.043 0.031
v 0.134368 0.322057 0.007988 0.910 0.729 0.627
v -0.513482 -0.259385 -0.166350 0.051 0.043 0.031
v 0.395721 -0.601593 -0.155126 0.082 0.059 0.051
v -0.640796 -0.428719 -0.229683 0.835 0.667 0.498
v 0.403254 0.892237 -0.045907 0.780 0.616 0.514
v -0.269646 0.016099 -0.312285 0.682 0.545 0.490
v 0.429990 -0.530992 -0.202079 0.086 0.059 0.051
v -0.378029 0.099263 -0.514805 0.090 0.078 0.071
v 0.397804 -0.451313 -0.178044 0.047 0.039 0.031
v 0.659366 -0.224892 -0.363343 0.918 0.741 0.580
v 0.512034 -0.850632 -0.292041 0.863 0.667 0.514
v -0.260434 0.133928 -0.490255 0.863 0.671 0.510
v 0.224622 0.333837 -0.056127 0.863 0.682 0.573
v 0.451094 0.924137 -0.164533 0.365 0.275 0.204
v -0.558902 -0.475785 -0.153472 0.024 0.016 0.008
v 0.212845 0.278620 -0.241317 0.839 0.678 0.537
v -0.689306 -0.157864 -0.257615 0.906 0.749 0.584
v -0.048535 0.890717 0.029327 0.847 0.686 0.576
v -0.595774 -0.330332 -0.196489 0.741 0.573 0.431
v -0.113597 0.886805 -0.080468 0.545 0.408 0.329
v 0.209421 -0.960569 -0.067639 0.090 0.075 0.075
v -0.034998 0.337054 -0.044004 0.741 0.592 0.510
v 0.266570 0.148800 -0.404662 0.867 0.682 0.510
v -0.286455 0.122148 -0.490868 0.855 0.655 0.506
v -0.411404 -0.824965 -0.009821 0.098 0.075 0.078
v -0.029581 0.399788 -0.008193 0.831 0.651 0.545
v 0.521762 -0.486028 -0.271681 0.910 0.733 0.553
v -0.580269 -0.355608 -0.188640 0.067 0.047 0.043
v -0.173350 0.143511 -0.370661 0.757 0.584 0.427
v -0.024148 0.814327 0.073767 0.882 0.710 0.620
v 0.454024 0.755401 -0.238976 0.318 0.235 0.176
v 0.573917 -0.472307 -0.297543 0.922 0.753 0.580
v 0.159932 -0.205334 -0.208082 0.047 0.039 0.027
v 0.644143 -0.613246 -0.340880 0.878 0.710 0.545
v -0.063002 0.247961 -0.254985 0.729 0.573 0.439
v -0.184768 -0.828671 0.014883 0.039 0.031 0.035
v -0.812145 -0.720100 -0.267864 0.847 0.647 0.510
v 0.455593 0.861611 -0.175068 0.349 0.259 0.196
v -0.455489 -0.432662 -0.065973 0.051 0.039 0.035
v -0.582470 -0.822669 -0.163197 0.047 0.047 0.039
v 0.208078 -1.078678 -0.111594 0.035 0.027 0.020
v -0.527099 -0.733546 -0.055121 0.039 0.039 0.035
v 0.144900 1.060359 0.003161 0.310 0.243 0.176
v -0.570521 -0.229057 -0.205406 0.922 0.761 0.588
v -0.265011 -0.065870 -0.237899 0.043 0.027 0.020
v 0.269976 0.247446 -0.361133 0.788 0.608 0.447
v 0.241888 0.812085 0.105363 0.949 0.769 0.671
v -0.300067 -0.171715 -0.187143 0.039 0.031 0.027
v -0.915073 -0.660706 -0.348828 0.729 0.549 0.396
v -0.804624 -0.294869 -0.286732 0.843 0.671 0.506
v -0.795699 -0.386186 -0.274034 0.847 0.686 0.545
v -0.016511 0.862582 0.067077 0.882 0.714 0.620
v -0.825520 -0.620010 -0.286172 0.839 0.655 0.514
v 0.293447 -0.747595 -0.019174 0.063 0.051 0.047
v -0.053511 0.377181 -0.050021 0.729 0.565 0.490
v -0.590566 -0.547427 -0.173090 0.020 0.016 0.008
v 0.235825 0.129582 -0.346473 0.804 0.631 0.467
v -0.159666 -0.138894 -0.191558 0.055 0.043 0.031
v 0.370632 -1.022166 -0.278336 0.145 0.114 0.071
v 0.114574 0.255989 -0.002886 0.851 0.624 0.529
v 0.434698 0.976836 -0.159591 0.306 0.231 0.165
v 0.625967 -0.553965 -0.323727 0.898 0.733 0.561
v 0.579660 -0.118463 -0.482178 0.835 0.647 0.506
v -0.301343 -0.723725 0.060672 0.078 0.071 0.071
v -0.237290 0.074592 -0.372915 0.890 0.706 0.537
v 0.423154 -0.970216 -0.252183 0.702 0.537 0.439
v 0.075444 0.929851 0.090954 0.941 0.761 0.651
v 0.345306 0.802663 0.034456 0.914 0.757 0.639
v 0.382091 0.487608 -0.266210 0.945 0.737 0.604
v 0.357582 1.028490 -0.068964 0.251 0.212 0.141
v 0.259987 -0.014483 -0.379230 0.882 0.710 0.545
v 0.666034 -0.357154 -0.333053 0.902 0.741 0.576
v 0.608219 -0.573353 -0.317067 0.898 0.729 0.561
v 0.318831 0.029595 -0.495189 0.867 0.682 0.533
v -0.617340 -0.827913 -0.222528 0.161 0.161 0.098
v 0.263778 0.218263 -0.375002 0.800 0.620 0.455
v 0.029593 0.677804 0.061746 0.686 0.510 0.431
v -0.755035 -0.578132 -0.262373 0.855 0.682 0.549
v 0.029696 -0.389950 -0.100382 0.051 0.047 0.039
v -0.224413 -0.693685 0.051934 0.078 0.071 0.071
v 0.328350 0.442322 -0.193527 0.757 0.588 0.467
v 0.269907 -0.383543 -0.140675 0.043 0.039 0.031
v 0.295998 0.733283 0.076572 0.918 0.741 0.639
v 0.290179 -0.308265 -0.187900 0.043 0.039 0.027
v 0.205382 0.839331 0.114296 0.961 0.788 0.690
v -0.025273 -0.095372 -0.247010 0.910 0.706 0.525
v 0.247507 0.756253 0.105363 0.941 0.753 0.663
v 0.094963 0.236619 -0.017755 0.722 0.510 0.431
v -0.650402 -0.598564 -0.238846 0.565 0.451 0.357
v 0.260677 0.487128 0.015509 0.914 0.706 0.600
v 0.263322 -0.129837 -0.284770 0.043 0.031 0.020
v 0.335004 0.462561 -0.206860 0.737 0.561 0.443
v 0.068877 0.089586 -0.257134 0.875 0.710 0.565
v 0.045634 0.622149 0.048591 0.843 0.659 0.561
v -0.051724 -0.115102 -0.215725 0.941 0.749 0.588
v 0.110214 -0.489755 -0.050649 0.051 0.039 0.031
v 0.372153 -0.015030 -0.534818 0.114 0.106 0.110
v -0.113066 -0.880342 0.002747 0.047 0.039 0.039
v -0.078071 0.838284 0.008123 0.780 0.616 0.510
v -0.591456 -0.570636 -0.168662 0.020 0.012 0.008
v 0.463603 0.904460 -0.205892 0.341 0.263 0.208
v -0.365874 -0.816664 0.016639 0.086 0.067 0.067
v 0.014295 1.011127 0.018579 0.561 0.416 0.318
v 0.395417 -0.772334 -0.176771 0.051 0.027 0.027
v -0.447397 -0.044509 -0.280904 0.031 0.027 0.016
v 0.300515 -0.495697 -0.103375 0.047 0.039 0.031
v -0.435126 -0.701504 0.030297 0.071 0.067 0.059
v 0.340336 -0.958190 -0.208691 0.125 0.094 0.086
v -0.142325 0.761445 -0.171251 0.478 0.361 0.275
v -0.043717 -0.759571 0.031876 0.082 0.063 0.067
v 0.351019 -0.469062 -0.141992 0.043 0.039 0.031
v 0.439990 -0.585348 -0.239455 0.075 0.067 0.043
v -0.035416 0.296028 -0.065709 0.702 0.537 0.447
v 0.504130 -0.752701 -0.284170 0.851 0.663 0.514
v 0.463011 0.779811 -0.264669 0.286 0.224 0.169
v 0.201847 0.968250 0.076544 0.898 0.706 0.608
v 0.201988 0.188008 -0.280397 0.902 0.749 0.580
v 0.247391 0.430982 -0.000880 0.906 0.729 0.631
v -0.441165 -0.791882 -0.008428 0.071 0.047 0.051
v 0.179876 -0.994514 -0.078139 0.043 0.035 0.031
v -0.167951 -0.267170 -0.138720 0.043 0.039 0.031
v -0.806659 -0.253192 -0.296552 0.831 0.655 0.494
v 0.262857 -0.081254 -0.321000 0.071 0.055 0.039
v -0.555547 -0.667260 -0.081433 0.031 0.031 0.027
v 0.325071 -0.918628 -0.136157 0.114 0.090 0.090
v -0.142501 0.680703 -0.254948 0.859 0.651 0.529
v -0.159365 0.830027 -0.277812 0.243 0.169 0.102
v 0.426425 -0.932727 -0.252563 0.690 0.529 0.435
v 0.270854 -1.061986 -0.160464 0.059 0.047 0.039
v 0.019751 0.834920 0.094676 0.914 0.745 0.651
v -0.174051 -0.018776 -0.276431 0.894 0.694 0.541
v 0.346547 1.036002 -0.064196 0.341 0.271 0.196
v -0.107499 0.395435 -0.152981 0.655 0.494 0.396
v 0.611753 -0.441019 -0.313768 0.925 0.761 0.584
v 0.443077 0.888785 -0.140451 0.424 0.325 0.247
v -0.428074 -0.036450 -0.292023 0.035 0.031 0.020
v 0.049177 -0.269635 -0.159201 0.047 0.039 0.027
v -0.750162 -0.317529 -0.256771 0.882 0.710 0.561
v -0.779184 -0.080151 -0.341594 0.776 0.569 0.459
v -0.155502 0.830309 -0.223524 0.278 0.196 0.137
v 0.309957 0.688946 0.065547 0.671 0.506 0.420
v -0.243514 -0.337107 -0.096878 0.047 0.039 0.031
v 0.130557 0.975878 0.078002 0.886 0.706 0.604
v 0.319387 0.464755 -0.104382 0.792 0.620 0.490
v -0.602610 -0.595996 -0.177813 0.024 0.016 0.012
v -0.115628 0.453691 -0.123105 0.769 0.592 0.506
v -0.457097 -0.757038 0.002895 0.063 0.047 0.039
v -0.543232 -0.325451 -0.160911 0.055 0.035 0.027
v 0.329408 -0.257814 -0.232856 0.051 0.047 0.031
v -0.628220 -0.610174 -0.218941 0.035 0.024 0.020
v -0.656308 -0.284399 -0.226553 0.890 0.725 0.561
v -0.580261 -0.311074 -0.186128 0.086 0.051 0.035
v 0.259870 -0.318439 -0.172186 0.039 0.035 0.027
v 0.303619 -0.811356 -0.042292 0.078 0.063 0.067
v -0.826577 -0.590231 -0.289118 0.824 0.647 0.506
v 0.226123 -0.281714 -0.184699 0.043 0.039 0.027
v 0.238714 -0.455500 -0.096129 0.047 0.039 0.031
v 0.058360 0.810863 0.112952 0.961 0.784 0.690
v -0.295053 -0.792819 0.040669 0.094 0.082 0.086
v 0.354308 0.953855 0.013655 0.518 0.400 0.298
v 0.056507 -1.042960 -0.054436 0.031 0.031 0.024
v 0.159739 -0.775354 0.041749 0.086 0.082 0.075
v 0.169403 -0.872172 0.007590 0.075 0.059 0.063
v -0.055015 0.319680 -0.212925 0.620 0.459 0.349
v -0.187070 -0.047367 -0.238735 0.933 0.733 0.584
v -0.117781 -0.808258 0.022753 0.063 0.055 0.051
v 0.290024 0.832307 0.079642 0.925 0.741 0.627
v 0.697401 -0.227964 -0.400968 0.882 0.706 0.545
v -0.776138 -0.614033 -0.268664 0.847 0.671 0.537
v 0.179183 -0.099684 -0.265585 0.839 0.686 0.584
v -0.357879 -0.179185 -0.186966 0.035 0.031 0.024
v -0.137502 0.653887 -0.146181 0.745 0.545 0.451
v -0.054167 0.787104 0.056157 0.863 0.698 0.608
v 0.460260 -0.805370 -0.276622 0.718 0.545 0.431
v 0.426390 -0.049238 -0.533752 0.110 0.102 0.110
v 0.339027 -0.178247 -0.290108 0.035 0.031 0.016
v 0.089719 0.668283 0.086399 0.604 0.435 0.329
v -0.438658 -0.841207 -0.033262 0.059 0.043 0.039
v 0.040164 -0.427175 -0.082079 0.055 0.047 0.039
v 0.071070 -0.215179 -0.187511 0.047 0.035 0.024
v 0.261033 -0.589198 -0.044296 0.051 0.039 0.031
v 0.228312 -0.314715 -0.166518 0.043 0.039 0.031
v -0.293619 -0.208260 -0.164360 0.039 0.035 0.027
v 0.619506 -0.783745 -0.352688 0.859 0.663 0.506
v 0.265136 1.005872 0.033278 0.357 0.290 0.204
v 0.252460 0.335100 -0.090658 0.843 0.651 0.533
v -0.729720 -0.110502 -0.278243 0.886 0.718 0.557
v 0.315242 0.535461 -0.016136 0.906 0.706 0.576
v -0.754825 -0.552721 -0.260892 0.851 0.678 0.545
v -0.290074 -0.134922 -0.208017 0.039 0.035 0.027
v -0.437106 -0.289964 -0.129759 0.051 0.039 0.031
v -0.215242 -0.020000 -0.271719 0.894 0.682 0.537
v -0.641774 0.027431 -0.356299 0.914 0.710 0.561
v -0.068229 0.970076 -0.037926 0.620 0.478 0.380
v -0.084401 -0.451360 -0.052948 0.055 0.043 0.039
v -0.104021 0.726359 -0.042453 0.773 0.616 0.518
v -0.025908 -0.833567 0.021782 0.059 0.051 0.051
v 0.656734 -0.607706 -0.346990 0.875 0.702 0.537
v -0.162306 -0.224227 -0.158932 0.047 0.035 0.027
v 0.302601 -0.878194 -0.078193 0.122 0.114 0.098
v 0.164521 0.143147 -0.271045 0.922 0.765 0.592
v 0.261122 -0.901560 -0.058303 0.098 0.078 0.078
v -0.752608 -0.148884 -0.284642 0.855 0.686 0.525
v -0.489405 -0.586973 -0.010697 0.051 0.039 0.035
v 0.142184 0.403517 0.045449 0.894 0.596 0.541
v 0.073843 -0.550273 -0.013585 0.055 0.039 0.035
v 0.604858 -0.420911 -0.312079 0.925 0.765 0.588
v -0.469381 0.033702 -0.352837 0.059 0.039 0.027
v -0.398552 -0.122953 -0.227003 0.039 0.035 0.024
v -0.477696 -0.781470 -0.022614 0.078 0.059 0.059
v -0.315596 -0.060773 -0.260845 0.031 0.027 0.016
v 0.173754 -0.881696 -0.000490 0.078 0.071 0.067
v -0.117136 0.446463 -0.297541 0.714 0.518 0.388
v 0.302851 0.507468 -0.010332 0.898 0.702 0.580
v 0.008672 -1.029272 -0.040356 0.035 0.031 0.024
v 0.401597 -1.101407 -0.268296 0.655 0.498 0.408
v 0.195304 -0.306137 -0.164243 0.039 0.035 0.024
v -0.872238 -0.692083 -0.303892 0.800 0.596 0.451
v 0.387149 0.981741 -0.058753 0.451 0.349 0.255
v -0.831534 -0.711114 -0.273976 0.855 0.659 0.514
v -0.407524 -0.600244 0.033164 0.059 0.047 0.043
v -0.750507 -0.704154 -0.268809 0.847 0.675 0.537
v 0.127893 0.267491 -0.003078 0.906 0.706 0.604
v -0.184171 -0.008625 -0.292298 0.878 0.686 0.529
v -0.469691 -0.532183 -0.021134 0.047 0.039 0.031
v 0.372413 0.584014 -0.163254 0.773 0.596 0.478
v 0.440913 -0.350579 -0.242759 0.894 0.722 0.569
v 0.151166 1.038843 0.032769 0.333 0.259 0.176
v 0.442305 -0.819759 -0.277233 0.624 0.475 0.365
v -0.567093 -0.773498 -0.133110 0.031 0.027 0.027
v 0.263974 0.684508 0.086209 0.733 0.569 0.478
v -0.889580 -0.697527 -0.316591 0.776 0.576 0.431
v 0.688954 -0.478788 -0.353146 0.882 0.710 0.533
v 0.048532 -0.856326 0.021528 0.063 0.051 0.051
v -0.792313 -0.323078 -0.275673 0.855 0.686 0.537
v 0.628533 -0.753671 -0.354536 0.863 0.671 0.514
v -0.789364 -0.589657 -0.273375 0.839 0.663 0.529
v -0.691623 -0.773454 -0.286141 0.510 0.388 0.314
v 0.105847 1.058689 0.002695 0.302 0.239 0.173
v -0.373205 -0.801216 0.018237 0.063 0.047 0.043
v 0.443684 -0.307904 -0.269493 0.890 0.745 0.620
v -0.540000 -0.150927 -0.237720 0.949 0.796 0.624
v -0.674422 -0.847503 -0.222817 0.584 0.443 0.369
v -0.504340 0.023118 -0.351365 0.933 0.757 0.635
v -0.596913 -0.472492 -0.207235 0.016 0.008 0.004
v 0.429830 -0.899330 -0.259925 0.643 0.498 0.392
v -0.327184 -0.778924 0.038361 0.047 0.043 0.035
v 0.267089 0.028187 -0.398626 0.898 0.725 0.569
v -0.080230 0.756023 0.031228 0.486 0.349 0.275
v -0.107791 -0.388461 -0.084490 0.047 0.043 0.035
v 0.314303 -0.144094 -0.302441 0.035 0.027 0.016
v -0.327603 -0.366038 -0.077044 0.047 0.035 0.027
v 0.310525 -0.058450 -0.374370 0.059 0.039 0.027
v 0.443398 -0.326337 -0.258357 0.898 0.729 0.584
v 0.149890 0.337326 0.001875 0.910 0.729 0.624
v -0.339508 -0.601331 0.049253 0.055 0.043 0.039
v -0.334506 -0.275894 -0.125407 0.039 0.035 0.024
v -0.141501 0.693288 -0.252051 0.737 0.525 0.431
v -0.347749 -0.684130 0.061446 0.059 0.047 0.047
v 0.330724 -1.004598 -0.240159 0.098 0.075 0.075
v 0.657874 -0.364913 -0.329902 0.906 0.749 0.580
v -0.685092 -0.605243 -0.250029 0.788 0.620 0.494
v -0.213206 -0.168561 -0.182290 0.043 0.039 0.031
v 0.413762 0.882219 -0.067468 0.710 0.561 0.459
v 0.481880 -0.497643 -0.243742 0.812 0.620 0.439
v 0.593670 -0.862405 -0.344754 0.875 0.663 0.514
v 0.426856 0.895350 -0.097931 0.612 0.478 0.376
v -0.060593 0.457417 -0.022841 0.780 0.616 0.529
v 0.343128 0.495011 -0.185406 0.776 0.600 0.475
v 0.279899 -1.042580 -0.165274 0.055 0.043 0.035
v -0.591041 0.055789 -0.405406 0.910 0.694 0.553
v -0.159848 -0.556446 0.004645 0.051 0.043 0.035
v -0.071479 0.399375 -0.068386 0.729 0.553 0.478
v -0.039588 -0.635225 0.022704 0.055 0.047 0.043
v 0.339281 -0.200169 -0.274702 0.043 0.035 0.024
v -0.773574 -0.517443 -0.266317 0.847 0.678 0.549
v 0.206890 0.118311 -0.307382 0.863 0.698 0.541
v -0.664026 0.045232 -0.411198 0.851 0.635 0.498
v 0.078326 -1.017176 -0.055338 0.043 0.039 0.031
v 0.173046 0.609097 0.047786 0.894 0.714 0.604
v 0.335376 -0.280038 -0.222400 0.047 0.035 0.027
v -0.173494 0.013404 -0.308057 0.859 0.678 0.514
v 0.095854 0.307299 0.014856 0.937 0.737 0.639
v 0.195056 -0.946135 -0.051724 0.098 0.071 0.075
v -0.091542 0.113591 -0.278697 0.831 0.655 0.510
v 0.250708 -0.831437 -0.009554 0.078 0.063 0.063
v 0.358353 -0.788155 -0.093656 0.063 0.047 0.043
v -0.070827 -0.663623 0.028147 0.059 0.047 0.051
v -0.602501 -0.198182 -0.231309 0.925 0.765 0.592
v 0.078699 -0.460842 -0.065527 0.055 0.043 0.039
v 0.558820 -0.119625 -0.447630 0.894 0.718 0.576
v -0.151803 0.561110 -0.267055 0.800 0.576 0.502
v 0.520503 -0.639948 -0.281096 0.863 0.682 0.525
v -0.581998 -0.844115 -0.165653 0.098 0.071 0.063
v -0.704372 -0.494497 -0.242927 0.867 0.702 0.561
v 0.292691 -0.050016 -0.365847 0.071 0.059 0.039
v 0.162271 -0.509094 -0.048931 0.059 0.047 0.039
v -0.832439 -0.271406 -0.315156 0.776 0.604 0.459
v 0.623689 -0.882298 -0.363980 0.867 0.647 0.494
v 0.078049 -0.187671 -0.200442 0.055 0.043 0.031
v -0.128813 0.479945 -0.163247 0.729 0.545 0.455
v 0.266197 -0.611087 -0.037794 0.051 0.039 0.031
v 0.089388 -1.069092 -0.067394 0.043 0.039 0.031
v 0.321435 -0.530329 -0.103280 0.047 0.043 0.031
v -0.398205 -0.053172 -0.280699 0.035 0.031 0.024
v 0.143257 0.916217 0.105612 0.961 0.784 0.678
v -0.676961 -0.282687 -0.234804 0.898 0.729 0.569
v 0.153898 0.938605 0.096070 0.961 0.780 0.671
v -0.004806 -0.574084 -0.000475 0.051 0.039 0.035
v 0.164452 0.493834 0.048226 0.898 0.702 0.604
v 0.066393 0.633296 0.060024 0.718 0.549 0.447
v 0.630697 -0.261115 -0.329200 0.949 0.788 0.639
v 0.441638 -0.099287 -0.398358 0.039 0.035 0.020
v -0.062994 -1.063408 -0.030585 0.035 0.027 0.031
v 0.373980 -0.366371 -0.194622 0.047 0.039 0.027
v 0.402314 -0.885244 -0.273756 0.380 0.282 0.212
v -0.420771 -0.774592 0.011160 0.075 0.067 0.059
v -0.596545 -0.856158 -0.189670 0.231 0.345 0.200
v -0.123476 -0.417954 -0.067661 0.047 0.043 0.035
v 0.329491 -0.456872 -0.134561 0.047 0.039 0.027
v 0.336221 -0.938426 -0.175560 0.129 0.098 0.090
v -0.329844 0.103045 -0.468619 0.094 0.078 0.059
v 0.453666 -0.556660 -0.242985 0.098 0.082 0.082
v -0.024163 -0.878543 0.003729 0.059 0.051 0.047
v 0.083835 0.775005 0.122941 0.961 0.784 0.694
v 0.327252 -0.056182 -0.391913 0.075 0.051 0.051
v -0.580443 -0.527775 -0.164192 0.027 0.016 0.012
v -0.586821 -0.555183 -0.166062 0.024 0.016 0.016
v -0.133297 0.279495 -0.331309 0.706 0.529 0.380
v -0.906225 -0.580864 -0.357565 0.655 0.494 0.376
v 0.190958 -1.053707 -0.098452 0.031 0.027 0.020
v 0.189266 -0.505421 -0.057861 0.051 0.039 0.039
v -0.486904 -0.458161 -0.070798 0.051 0.043 0.035
v 0.533433 -0.102659 -0.470017 0.859 0.671 0.549
v 0.147790 0.741106 0.127757 0.949 0.780 0.682
v -0.494567 0.065498 -0.464960 0.329 0.231 0.180
v 0.390395 -0.033036 -0.510812 0.122 0.118 0.114
v -0.755787 -0.727141 -0.266248 0.843 0.667 0.533
v 0.311307 -0.179628 -0.276889 0.039 0.031 0.020
v -0.112500 0.923481 -0.104853 0.486 0.376 0.290
v -0.018590 -0.722505 0.036261 0.063 0.051 0.043
v -0.343176 -0.633696 0.056944 0.063 0.055 0.051
v 0.414330 -0.219265 -0.295164 0.063 0.051 0.039
v 0.042186 0.689367 0.080637 0.475 0.298 0.208
v -0.166190 -0.069539 -0.222332 0.925 0.729 0.600
v -0.645506 -0.199080 -0.242779 0.918 0.757 0.584
v 0.366015 -0.517318 -0.135371 0.047 0.039 0.031
v -0.253141 0.010272 -0.314548 0.902 0.722 0.573
v -0.595629 -0.640658 -0.154564 0.024 0.020 0.012
v 0.257588 0.419067 -0.023211 0.886 0.710 0.608
v -0.017157 0.521086 0.031065 0.922 0.706 0.596
v 0.149238 -1.036785 -0.079455 0.031 0.024 0.020
v 0.069862 -0.102697 -0.250291 0.945 0.749 0.584
v 0.718006 -0.312669 -0.378966 0.851 0.675 0.510
v 0.501584 -0.700581 -0.279485 0.843 0.659 0.506
v 0.434040 0.960218 -0.144062 0.420 0.329 0.259
v -0.764770 -0.668509 -0.267427 0.843 0.671 0.525
v 0.425602 0.707573 -0.190026 0.447 0.329 0.243
v 0.158306 0.720947 0.125986 0.937 0.765 0.667
v 0.164986 -0.592289 -0.005325 0.063 0.043 0.039
v 0.059894 -0.500837 -0.039313 0.055 0.047 0.039
v -0.513264 -0.003200 -0.327067 0.941 0.769 0.616
v 0.293247 -0.588683 -0.065441 0.051 0.035 0.035
v -0.498769 -0.679049 -0.007871 0.078 0.063 0.059
v 0.296136 -0.095552 -0.331260 0.047 0.039 0.027
v -0.383461 -0.559756 0.025965 0.055 0.043 0.035
v 0.279753 -1.013448 -0.151434 0.067 0.082 0.055
v 0.319036 0.428884 -0.145448 0.792 0.620 0.502
v -0.133572 -0.615446 0.020289 0.047 0.039 0.031
v 0.163026 -0.906895 -0.015069 0.082 0.067 0.071
v -0.162464 -0.868699 0.006359 0.047 0.047 0.047
v 0.366307 -0.282407 -0.233148 0.047 0.039 0.027
v 0.255252 0.434429 -0.008026 0.890 0.714 0.616
v 0.554664 -0.624500 -0.294509 0.902 0.733 0.565
v 0.146912 0.485593 0.079553 0.843 0.643 0.553
v 0.253835 0.330349 -0.250636 0.729 0.565 0.443
v 0.177477 -0.958336 -0.054221 0.067 0.043 0.051
v 0.382567 -0.410035 -0.180974 0.043 0.039 0.031
v 0.336693 -0.778310 -0.066019 0.051 0.039 0.035
v 0.156509 0.055141 -0.294176 0.898 0.745 0.588
v 0.239957 0.409489 -0.011214 0.902 0.729 0.624
v -0.285197 -0.166416 -0.188792 0.035 0.031 0.024
v 0.106112 -0.980667 -0.050015 0.039 0.035 0.027
v 0.452976 0.944017 -0.177497 0.424 0.341 0.263
v -0.018630 0.286518 -0.039976 0.745 0.573 0.490
v 0.401257 0.947085 -0.050616 0.576 0.443 0.345
v 0.743211 -0.388030 -0.435991 0.796 0.620 0.455
v -0.089128 0.275664 -0.272785 0.757 0.592 0.451
v 0.387301 -0.812380 -0.179645 0.141 0.137 0.129
v 0.095280 -0.521013 -0.030971 0.051 0.043 0.035
v -0.494824 -0.429926 -0.092809 0.043 0.027 0.020
v -0.564341 -0.410375 -0.171009 0.039 0.035 0.031
v -0.137346 -0.313391 -0.118728 0.043 0.039 0.031
v -0.018829 0.125640 -0.253088 0.863 0.706 0.553
v -0.059846 -0.459880 -0.050988 0.051 0.043 0.039
v 0.414235 0.737635 -0.136706 0.698 0.545 0.447
v 0.299043 -0.799418 -0.034528 0.078 0.075 0.075
v -0.295796 -0.485066 -0.007366 0.051 0.035 0.031
v 0.246200 0.657999 0.063803 0.565 0.373 0.263
v 0.455525 0.653478 -0.278471 0.686 0.392 0.271
v -0.085247 -0.021127 -0.271171 0.918 0.729 0.573
v -0.126408 -0.135940 -0.189693 0.051 0.039 0.031
v 0.458865 0.601184 -0.330819 0.925 0.702 0.592
v -0.055457 -0.542136 -0.012555 0.059 0.047 0.043
v 0.015200 -0.805401 0.030789 0.078 0.071 0.067
v -0.406309 -0.138148 -0.216666 0.035 0.031 0.024
v 0.132730 1.032879 0.037836 0.373 0.294 0.216
v -0.045838 0.086916 -0.263366 0.918 0.753 0.588
v 0.433460 -1.090659 -0.270490 0.788 0.600 0.494
v -0.024375 -1.067307 -0.036931 0.027 0.024 0.016
v -0.063802 -0.069937 -0.244897 0.949 0.753 0.584
v 0.411383 -0.387727 -0.202091 0.047 0.035 0.027
v 0.067442 -0.483519 -0.050766 0.047 0.039 0.031
v -0.013897 -0.367326 -0.105495 0.047 0.043 0.035
v 0.072210 0.870942 0.107777 0.957 0.788 0.682
v 0.266871 0.950601 0.064770 0.847 0.639 0.545
v 0.418043 -1.076171 -0.263489 0.733 0.557 0.459
v 0.002607 1.015015 0.001296 0.522 0.384 0.298
v 0.298541 -0.026641 -0.392451 0.518 0.439 0.380
v -0.058650 0.195996 -0.257058 0.765 0.608 0.459
v 0.134970 -0.325866 -0.142284 0.043 0.035 0.027
v 0.328726 -0.501994 -0.116424 0.047 0.039 0.027
v 0.275057 0.969655 0.053573 0.624 0.478 0.380
v 0.290572 -0.505650 -0.094939 0.051 0.043 0.035
v -0.112315 0.181800 -0.293352 0.757 0.592 0.451
v 0.311648 -0.763838 -0.037555 0.051 0.039 0.039
v 0.470440 -0.146756 -0.384192 0.129 0.118 0.102
v -0.827946 -0.386389 -0.292711 0.824 0.667 0.525
v 0.221139 0.078406 -0.340174 0.847 0.682 0.522
v 0.688973 -0.553673 -0.359050 0.867 0.694 0.522
v 0.137031 0.065898 -0.281061 0.898 0.741 0.584
v -0.156621 -0.844863 0.009971 0.051 0.039 0.043
v 0.060320 -0.635513 0.023336 0.055 0.039 0.039
v 0.228579 0.499394 0.034575 0.945 0.737 0.635
v -0.305311 -0.590400 0.045754 0.055 0.043 0.039
v -0.457838 0.001970 -0.320075 0.047 0.039 0.027
v 0.044848 0.212839 -0.208194 0.565 0.435 0.333
v -0.153787 0.011675 -0.295794 0.878 0.702 0.553
v -0.137958 0.620325 -0.281963 0.827 0.561 0.486
v -0.351660 -0.022959 -0.300049 0.031 0.024 0.016
v 0.040835 1.067686 -0.038161 0.243 0.169 0.090
v 0.074967 0.128427 -0.240400 0.871 0.714 0.576
v 0.301116 0.880919 0.068698 0.929 0.745 0.635
v -0.882526 -0.394626 -0.355642 0.651 0.482 0.369
v -0.058961 -0.235415 -0.160908 0.055 0.043 0.031
v 0.037334 -0.829664 0.027475 0.071 0.063 0.059
v 0.089217 0.251632 -0.001773 0.745 0.514 0.431
v -0.253746 -0.614957 0.045116 0.043 0.035 0.027
v -0.373426 0.096725 -0.493118 0.051 0.047 0.039
v -0.041299 -0.494567 -0.034457 0.055 0.043 0.039
v -0.832277 -0.325524 -0.302202 0.796 0.616 0.475
v -0.735323 -0.468098 -0.248771 0.851 0.686 0.549
v -0.952948 -0.692381 -0.407998 0.792 0.588 0.443
v 0.479641 -0.845003 -0.277536 0.820 0.624 0.486
v -0.340328 -0.254272 -0.138103 0.039 0.031 0.024
v 0.332338 -0.688204 -0.065870 0.043 0.031 0.027
v -0.030719 0.688288 0.046812 0.333 0.204 0.161
v 0.463062 -0.891170 -0.261859 0.796 0.612 0.482
v -0.893256 -0.460453 -0.366796 0.627 0.471 0.349
v -0.431042 0.073088 -0.483189 0.055 0.039 0.039
v 0.037629 -0.652666 0.029198 0.059 0.043 0.039
v 0.216231 -0.842848 0.005545 0.078 0.067 0.063
v 0.397378 -0.754270 -0.175723 0.067 0.055 0.055
v 0.118559 -0.472912 -0.061548 0.051 0.039 0.035
v -0.671903 -0.743859 -0.292476 0.404 0.310 0.239
v 0.165580 1.036974 0.035503 0.392 0.345 0.255
v -0.060674 -0.770709 0.029912 0.075 0.063 0.071
v 0.277573 -0.916446 -0.082595 0.114 0.102 0.094
v 0.357739 -0.212783 -0.272875 0.035 0.027 0.016
v 0.397031 0.713598 -0.112319 0.792 0.639 0.529
v -0.543450 -0.822541 -0.108266 0.035 0.027 0.031
v 0.084711 0.638352 0.074988 0.722 0.537 0.427
v 0.029531 0.802341 0.106040 0.945 0.765 0.675
v -0.048742 0.957654 -0.001946 0.745 0.573 0.455
v -0.488582 -0.477774 -0.063017 0.047 0.035 0.027
v 0.384793 -0.271590 -0.247133 0.039 0.031 0.020
v 0.390466 0.711686 -0.096909 0.820 0.655 0.537
v 0.460431 0.945649 -0.204785 0.306 0.224 0.169
v 0.212224 -0.243956 -0.201851 0.039 0.031 0.024
v -0.266767 -0.145986 -0.198574 0.039 0.035 0.027
v 0.504687 -0.655538 -0.276639 0.847 0.663 0.510
v 0.472463 -1.034707 -0.270498 0.863 0.667 0.537
v 0.470297 -0.483153 -0.227616 0.863 0.682 0.510
v 0.350062 -0.687664 -0.086597 0.055 0.039 0.035
v 0.302060 -0.363656 -0.162261 0.051 0.043 0.031
v 0.464882 0.790361 -0.261365 0.259 0.200 0.149
v 0.464633 -0.659177 -0.276008 0.722 0.565 0.408
v -0.658359 -0.075287 -0.265917 0.937 0.776 0.616
v -0.113118 0.871349 -0.071044 0.600 0.459 0.369
v -0.109072 0.953317 -0.124058 0.373 0.278 0.200
v -0.045218 -0.483061 -0.040149 0.059 0.051 0.047
v 0.157738 0.986439 0.073897 0.737 0.573 0.471
v -0.766557 -0.401255 -0.259161 0.859 0.698 0.557
v -0.690715 -0.265320 -0.242628 0.898 0.733 0.573
v 0.357721 -0.421191 -0.164284 0.043 0.039 0.027
v -0.064641 -0.187670 -0.179546 0.055 0.035 0.027
v -0.495409 0.002104 -0.326587 0.800 0.639 0.533
v -0.248135 -0.636828 0.049388 0.043 0.039 0.035
v -0.016610 1.056647 -0.087168 0.439 0.337 0.251
v 0.296627 0.369624 -0.321495 0.851 0.678 0.522
v -0.713836 -0.810814 -0.211828 0.773 0.592 0.486
v 0.103350 0.466727 0.127613 0.631 0.408 0.376
v 0.257136 -0.781905 0.002523 0.078 0.067 0.067
v -0.286712 -0.745868 0.052964 0.082 0.075 0.075
v -0.009538 -0.109157 -0.239772 0.929 0.729 0.553
v 0.066293 0.335080 0.027393 0.769 0.584 0.490
v -0.850466 -0.563116 -0.306091 0.800 0.624 0.478
v 0.021000 0.425173 0.044769 0.820 0.631 0.553
v -0.256623 -0.480965 -0.014286 0.055 0.043 0.035
v 0.147035 -0.919180 -0.018073 0.098 0.082 0.082
v 0.166088 0.590267 0.058864 0.898 0.718 0.596
v -0.344897 -0.739609 0.052709 0.059 0.051 0.047
v 0.002223 0.062439 -0.262270 0.902 0.737 0.569
v 0.439922 -0.153742 -0.360570 0.067 0.063 0.047
v -0.602194 -0.669397 -0.169061 0.027 0.024 0.016
v 0.051098 -0.930903 -0.017873 0.051 0.043 0.039
v -0.042352 0.417662 -0.014301 0.765 0.588 0.494
v 0.021417 0.411777 0.041346 0.533 0.259 0.216
v 0.347828 0.618689 -0.043667 0.882 0.702 0.569
v 0.071368 0.474765 0.085373 0.624 0.427 0.400
v -0.128714 0.805970 -0.125686 0.643 0.498 0.435
v -0.184725 -0.220459 -0.158867 0.043 0.035 0.027
v -0.719359 -0.380866 -0.239753 0.871 0.702 0.557
v 0.183186 -0.320243 -0.153772 0.047 0.039 0.031
v 0.304552 -1.017648 -0.194758 0.118 0.094 0.102
v 0.081477 -0.507163 -0.037174 0.047 0.043 0.035
v -0.018151 0.901509 0.054191 0.871 0.698 0.592
v 0.393395 -0.634874 -0.153577 0.059 0.043 0.043
v 0.525520 -0.802963 -0.298836 0.871 0.678 0.525
v 0.069181 -0.204210 -0.192191 0.059 0.043 0.031
v 0.399360 -0.764143 -0.197256 0.043 0.020 0.020
v 0.521711 -0.705090 -0.285617 0.871 0.682 0.525
v -0.204878 -0.793195 0.033617 0.075 0.063 0.063
v 0.219399 0.435895 0.020502 0.910 0.741 0.647
v -0.732718 -0.227800 -0.262863 0.890 0.725 0.561
v -0.121104 0.289774 -0.307113 0.725 0.545 0.400
v -0.914275 -0.705172 -0.338505 0.765 0.561 0.416
v 0.460652 -0.107472 -0.409506 0.090 0.086 0.075
v -0.414696 -0.394947 -0.071378 0.055 0.043 0.035
v 0.450857 -0.422921 -0.221344 0.898 0.722 0.553
v -0.742078 -0.843897 -0.180768 0.800 0.624 0.502
v 0.313320 -0.639312 -0.061491 0.055 0.039 0.043
v -0.163414 -0.360456 -0.093047 0.051 0.039 0.031
v 0.203651 -0.004375 -0.333741 0.863 0.694 0.549
v -0.388228 0.042858 -0.395331 0.027 0.020 0.012
v 0.181276 1.041642 0.028683 0.416 0.345 0.251
v 0.203103 -0.086531 -0.285350 0.808 0.627 0.525
v 0.408934 0.928895 -0.062239 0.596 0.463 0.357
v 0.161353 -0.072003 -0.292512 0.925 0.737 0.580
v -0.190055 -0.016773 -0.282382 0.898 0.682 0.529
v -0.084287 -0.141836 -0.190580 0.078 0.063 0.047
v 0.547093 -0.860539 -0.316337 0.867 0.667 0.514
v -0.340330 -0.380211 -0.069801 0.047 0.035 0.027
v -0.154129 -0.352347 -0.098096 0.047 0.039 0.031
v -0.219612 -0.378049 -0.077764 0.051 0.043 0.035
v 0.448332 0.745587 -0.227771 0.349 0.267 0.192
v 0.388775 -0.358332 -0.204464 0.063 0.055 0.047
v -0.601247 -0.863617 -0.199537 0.220 0.333 0.200
v 0.019500 -0.830620 0.027170 0.071 0.059 0.059
v 0.301947 -0.531740 -0.090120 0.047 0.039 0.031
v -0.018054 -0.678422 0.034820 0.063 0.055 0.055
v 0.156168 0.311084 -0.008625 0.918 0.729 0.624
v -0.098932 -0.157825 -0.185482 0.047 0.031 0.020
v 0.247908 -0.937594 -0.076023 0.102 0.086 0.075
v -0.409327 -0.839524 -0.016066 0.051 0.035 0.035
v 0.021037 0.938825 0.066679 0.894 0.706 0.596
v -0.298360 -0.355575 -0.082707 0.043 0.031 0.027
v -0.341813 -0.404639 -0.056684 0.047 0.035 0.031
v 0.148277 -0.151090 -0.226851 0.047 0.031 0.020
v 0.111710 -0.100173 -0.256732 0.925 0.729 0.565
v 0.107697 -1.014538 -0.062744 0.035 0.031 0.024
v 0.110650 0.646491 0.090568 0.929 0.757 0.647
v 0.069095 0.427611 0.071999 0.953 0.741 0.655
v 0.537293 -0.436931 -0.283652 0.918 0.737 0.557
v -0.114267 -0.211279 -0.166653 0.047 0.035 0.027
v 0.094363 -0.723338 0.046387 0.067 0.059 0.055
v 0.162673 -0.960708 -0.052691 0.059 0.039 0.047
v -0.295284 -0.651866 0.062171 0.067 0.051 0.051
v -0.455504 -0.736855 0.012028 0.086 0.071 0.067
v 0.201276 0.222739 -0.266020 0.914 0.757 0.592
v -0.048342 0.842164 0.045829 0.890 0.718 0.620
v -0.136784 0.772765 -0.155396 0.537 0.408 0.329
v -0.891931 -0.344516 -0.407315 0.600 0.439 0.318
v 0.312810 0.707860 0.061619 0.863 0.702 0.612
v -0.094020 -0.060938 -0.241989 0.925 0.710 0.545
v -0.282349 -0.320911 -0.102315 0.051 0.043 0.035
v 0.013697 0.296117 -0.006025 0.898 0.702 0.596
v 0.374254 0.776705 -0.012916 0.847 0.694 0.584
v -0.168797 -0.756741 0.035432 0.086 0.071 0.075
v -0.040968 0.925280 0.024222 0.843 0.671 0.565
v -0.463904 0.018531 -0.336522 0.067 0.055 0.039
v -0.100409 0.257398 -0.283484 0.753 0.588 0.447
v 0.430320 -0.591216 -0.222427 0.090 0.075 0.063
v 0.393731 -0.674327 -0.154364 0.063 0.055 0.039
v 0.282604 1.047425 -0.022293 0.333 0.275 0.200
v 0.050177 0.675352 0.068942 0.439 0.267 0.169
v 0.398358 0.651485 -0.167475 0.659 0.510 0.416
v 0.214460 -0.623693 -0.005443 0.055 0.039 0.035
v -0.527767 -0.751379 -0.063513 0.024 0.024 0.024
v 0.099430 -0.636679 0.023813 0.051 0.043 0.035
v 0.122282 0.301720 0.008321 0.918 0.722 0.620
v 0.103325 -1.027634 -0.064706 0.051 0.047 0.039
v 0.473077 -0.570656 -0.262878 0.655 0.475 0.333
v -0.077215 0.922386 -0.020703 0.714 0.541 0.443
v -0.090189 0.971006 -0.085746 0.459 0.345 0.255
v 0.015649 -0.404646 -0.091315 0.047 0.043 0.035
v -0.744097 -0.091722 -0.293176 0.867 0.702 0.545
v 0.385217 0.756850 -0.045676 0.824 0.651 0.541
v 0.507519 -0.113501 -0.432034 0.855 0.663 0.518
v -0.096019 0.913214 -0.051590 0.553 0.408 0.306
v -0.132779 -0.100927 -0.198141 0.082 0.055 0.043
v 0.445050 -0.174677 -0.349673 0.055 0.055 0.039
v -0.739620 -0.390062 -0.247506 0.859 0.690 0.549
v 0.591059 -0.616772 -0.314085 0.890 0.722 0.553
v 0.330600 -1.055721 -0.269150 0.110 0.090 0.067
v 0.134308 -0.920009 -0.014939 0.090 0.075 0.071
v 0.406584 -0.684172 -0.189831 0.071 0.051 0.043
v 0.050053 -0.801894 0.036238 0.086 0.067 0.063
v 0.076589 1.061528 -0.014304 0.208 0.122 0.063
v -0.911041 -0.645312 -0.348165 0.737 0.549 0.396
v -0.673544 0.028951 -0.370530 0.875 0.671 0.541
v 0.229462 0.974277 0.067633 0.718 0.549 0.443
v -0.256717 -0.111132 -0.215126 0.043 0.039 0.027
v 0.292417 0.758447 0.078524 0.918 0.733 0.631
v -0.527779 -0.295300 -0.159443 0.055 0.043 0.031
v -0.178706 0.759529 -0.268294 0.847 0.600 0.522
v 0.112447 -1.033622 -0.068580 0.039 0.035 0.031
v -0.291941 -0.018370 -0.277880 0.027 0.024 0.016
v 0.349730 -0.959861 -0.235339 0.141 0.122 0.106
v -0.375125 -0.598303 0.041619 0.055 0.047 0.043
v -0.320878 -0.423675 -0.044687 0.047 0.035 0.027
v -0.345337 -0.362767 -0.079093 0.043 0.031 0.027
v 0.208266 0.176981 -0.288410 0.890 0.733 0.565
v 0.565877 -0.604320 -0.298514 0.898 0.733 0.565
v 0.297308 0.436446 -0.073343 0.863 0.678 0.569
v 0.442321 -0.552990 -0.229834 0.078 0.059 0.047
v 0.163898 0.064495 -0.295521 0.890 0.733 0.573
v 0.080623 -0.208504 -0.191968 0.051 0.043 0.031
v -0.131114 0.553305 -0.140381 0.753 0.573 0.486
v -0.527489 -0.382129 -0.139434 0.059 0.035 0.027
v 0.545559 -0.387013 -0.294503 0.929 0.765 0.592
v -0.165379 0.636215 -0.303608 0.620 0.341 0.259
v 0.359550 0.805318 0.018201 0.922 0.773 0.663
v 0.175147 0.527702 0.051595 0.937 0.741 0.639
v -0.109684 -1.000977 -0.018234 0.020 0.004 0.000
v -0.856788 -0.252619 -0.364913 0.659 0.486 0.353
v -0.700073 -0.622886 -0.255673 0.796 0.631 0.494
v 0.637153 -0.562040 -0.330144 0.894 0.729 0.557
v -0.713180 -0.288022 -0.246807 0.890 0.725 0.565
v -0.406403 -0.007988 -0.319856 0.035 0.027 0.020
v 0.328423 -0.706694 -0.058415 0.051 0.039 0.035
v 0.027973 -0.030122 -0.278692 0.914 0.722 0.557
v 0.018611 -0.363771 -0.111783 0.047 0.043 0.035
v -0.373276 -0.349418 -0.087267 0.047 0.035 0.031
v 0.066743 -0.456738 -0.067102 0.059 0.047 0.039
v 0.426387 0.815134 -0.110828 0.522 0.396 0.314
v -0.765201 -0.631462 -0.266118 0.851 0.671 0.537
v 0.440524 -0.667774 -0.278035 0.106 0.071 0.059
v 0.213691 0.165521 -0.295266 0.878 0.714 0.553
v -0.228689 -0.781996 0.041310 0.102 0.090 0.094
v -0.672294 -0.183234 -0.250828 0.906 0.745 0.576
v 0.092745 -0.916588 -0.009661 0.059 0.047 0.043
v -0.751640 -0.490077 -0.256065 0.847 0.678 0.537
v 0.113260 1.070591 -0.015293 0.224 0.165 0.102
v -0.401591 -0.910769 -0.039854 0.043 0.039 0.031
v 0.154775 -0.797396 0.040320 0.086 0.071 0.067
v 0.337991 -0.867501 -0.110029 0.102 0.082 0.078
v 0.641657 -0.155974 -0.450294 0.886 0.706 0.545
v -0.102370 1.012290 -0.182446 0.314 0.239 0.173
v 0.080270 0.976296 0.070585 0.890 0.710 0.608
v 0.338210 0.562018 -0.046955 0.859 0.659 0.518
v -0.067088 0.425847 -0.047823 0.737 0.569 0.486
v -0.854710 -0.223490 -0.392946 0.655 0.475 0.341
v -0.375479 -0.565793 0.030473 0.059 0.043 0.039
v -0.900608 -0.709163 -0.321914 0.757 0.549 0.404
v -0.159681 0.584257 -0.274063 0.788 0.580 0.498
v 0.702452 -0.243389 -0.389981 0.882 0.710 0.549
v -0.758519 -0.470557 -0.257861 0.851 0.690 0.549
v 0.695071 -0.237293 -0.383624 0.894 0.718 0.557
v 0.406957 -0.070000 -0.447457 0.125 0.114 0.114
v -0.110171 0.463908 -0.106768 0.776 0.600 0.514
v 0.481658 -0.271643 -0.304635 0.941 0.792 0.627
v 0.578245 -0.623489 -0.307860 0.890 0.725 0.557
v 0.236790 0.236808 -0.293314 0.878 0.706 0.549
v -0.119013 -0.534449 -0.011453 0.051 0.039 0.031
v 0.305309 -1.048667 -0.211985 0.125 0.110 0.114
v 0.342189 0.481721 -0.225338 0.722 0.541 0.431
v -0.559694 -0.369482 -0.169490 0.047 0.035 0.027
v -0.437256 -0.018854 -0.305659 0.035 0.031 0.020
v 0.265730 0.334339 -0.279338 0.827 0.651 0.494
v 0.384631 0.498399 -0.267753 0.902 0.675 0.561
v -0.729813 -0.625542 -0.259445 0.859 0.682 0.545
v 0.072634 1.075093 -0.036668 0.243 0.173 0.090
v 0.232413 0.093370 -0.355509 0.812 0.635 0.471
v -0.671598 -0.238072 -0.241266 0.902 0.741 0.576
v 0.202776 1.010349 0.053247 0.400 0.298 0.212
v -0.818512 -0.608359 -0.284160 0.835 0.659 0.522
v 0.212091 0.361982 -0.021929 0.894 0.722 0.616
v 0.095511 0.801006 0.122063 0.957 0.780 0.682
v 0.451149 -0.887487 -0.259482 0.749 0.569 0.459
v 0.499127 -0.864384 -0.282612 0.855 0.655 0.506
v -0.127757 -0.670922 0.031465 0.063 0.055 0.059
v 0.384372 0.991701 -0.064999 0.435 0.341 0.271
v 0.340515 -1.024458 -0.276734 0.122 0.094 0.075
v 0.210837 -0.073594 -0.304860 0.894 0.718 0.565
v -0.050964 -0.623002 0.018218 0.059 0.047 0.043
v 0.102712 0.149986 -0.240167 0.918 0.776 0.627
v -0.440250 -0.851261 -0.040974 0.063 0.047 0.043
v 0.296448 -0.966411 -0.141716 0.102 0.078 0.078
v -0.055239 -0.528963 -0.018006 0.051 0.043 0.035
v 0.332843 0.902911 0.048715 0.824 0.624 0.514
v -0.412835 -0.081409 -0.257832 0.039 0.035 0.027
v 0.238435 -0.653943 -0.002721 0.059 0.043 0.039
v 0.529400 -1.055000 -0.308518 0.878 0.671 0.533
v 0.459335 -0.736185 -0.281127 0.702 0.533 0.412
v 0.036715 1.027438 0.015509 0.435 0.325 0.231
v 0.166740 0.512753 0.052747 0.910 0.710 0.620
v -0.040021 1.071129 -0.138915 0.404 0.325 0.251
v 0.165216 -0.925206 -0.027633 0.090 0.075 0.071
v 0.284898 0.715917 0.084434 0.902 0.729 0.655
v -0.486971 -0.061238 -0.270464 0.082 0.051 0.035
v 0.348225 0.964197 0.011926 0.494 0.384 0.290
v 0.471110 -0.184142 -0.354728 0.859 0.718 0.612
v -0.237782 -0.590879 0.034606 0.043 0.035 0.031
v 0.050972 0.201134 -0.212510 0.667 0.533 0.412
v 0.192436 -0.226234 -0.206206 0.043 0.035 0.020
v 0.314295 -0.960791 -0.161983 0.075 0.043 0.035
v 0.233299 0.258098 -0.278147 0.878 0.706 0.557
v 0.099227 -0.378842 -0.112809 0.043 0.039 0.031
v 0.365442 -0.475134 -0.148967 0.047 0.043 0.031
v 0.343143 1.013799 -0.033321 0.306 0.267 0.192
v -0.676256 -0.798922 -0.296209 0.361 0.267 0.208
v 0.121188 1.056819 0.006637 0.235 0.169 0.094
v 0.615370 -0.740312 -0.344477 0.859 0.675 0.522
v 0.680032 -0.625874 -0.363841 0.851 0.671 0.510
v 0.414280 -0.275008 -0.259419 0.067 0.051 0.043
v 0.430985 0.775703 -0.153762 0.565 0.443 0.357
v -0.663184 -0.871394 -0.102656 0.655 0.498 0.400
v -0.071946 -0.222147 -0.165274 0.051 0.043 0.035
v -0.663399 -0.229875 -0.240907 0.910 0.749 0.580
v 0.175298 -0.302768 -0.162023 0.043 0.039 0.031
v 0.087865 -0.936065 -0.023815 0.078 0.063 0.067
v 0.236607 -0.894484 -0.037098 0.094 0.082 0.078
v -0.200727 -0.404682 -0.065807 0.047 0.035 0.027
v 0.309636 0.658078 0.037985 0.851 0.667 0.561
v 0.523433 -0.957320 -0.293161 0.871 0.667 0.522
v -0.022169 0.983447 0.008282 0.667 0.482 0.384
v 0.525551 -0.629163 -0.281314 0.875 0.694 0.541
v 0.255772 0.178476 -0.370258 0.820 0.635 0.467
v -0.138685 0.760970 -0.160849 0.561 0.424 0.341
v 0.217322 -0.605772 -0.015206 0.055 0.043 0.039
v -0.372918 -0.911545 -0.028373 0.031 0.027 0.020
v 0.072688 0.191580 -0.214490 0.765 0.624 0.490
v 0.363089 -0.567798 -0.124372 0.055 0.043 0.031
v -0.352824 -0.502191 0.002396 0.051 0.035 0.031
v -0.558131 -0.532847 -0.134668 0.027 0.020 0.020
v 0.343444 0.604927 -0.041709 0.875 0.694 0.553
v -0.333986 -0.556359 0.032719 0.051 0.039 0.035
v 0.244320 -0.863431 -0.022214 0.071 0.059 0.059
v -0.456975 -0.202091 -0.181349 0.035 0.031 0.024
v -0.428224 -0.136312 -0.218556 0.039 0.031 0.024
v -0.813596 -0.401919 -0.284135 0.839 0.675 0.541
v 0.400303 -0.659143 -0.167784 0.082 0.059 0.055
v 0.014125 0.225698 -0.210486 0.616 0.486 0.376
v 0.402978 0.727193 -0.115981 0.765 0.612 0.502
v 0.531774 -0.122335 -0.427922 0.886 0.698 0.545
v -0.356054 -0.358854 -0.081125 0.043 0.035 0.027
v -0.089679 1.022818 -0.155440 0.298 0.224 0.165
v 0.294381 0.860709 0.076455 0.929 0.745 0.627
v -0.500792 -0.111354 -0.242666 0.447 0.337 0.255
v 0.172846 -0.038293 -0.313713 0.882 0.706 0.545
v -0.641584 -0.363775 -0.217627 0.843 0.675 0.510
v 0.446429 -0.412799 -0.220134 0.867 0.694 0.533
v 0.364547 -0.768183 -0.099443 0.067 0.051 0.043
v 0.613364 -0.899259 -0.358975 0.867 0.655 0.498
v 0.268691 0.497589 0.013528 0.922 0.722 0.604
v -0.014931 0.272004 -0.046859 0.671 0.494 0.412
v 0.506642 -1.018319 -0.280901 0.867 0.671 0.533
v 0.054840 -0.891051 0.004435 0.047 0.039 0.039
v 0.282156 -0.762056 -0.011279 0.055 0.047 0.043
v 0.382975 0.936089 -0.014113 0.694 0.569 0.467
v 0.152275 0.394445 0.027366 0.741 0.396 0.380
v -0.008706 0.262183 -0.046162 0.627 0.455 0.373
v 0.086441 -0.106715 -0.248281 0.937 0.741 0.576
v 0.394909 -0.127181 -0.360320 0.031 0.027 0.012
v 0.307012 -0.303083 -0.198099 0.043 0.035 0.024
v -0.486506 -0.513593 -0.044326 0.047 0.039 0.031
v -0.069818 -0.117427 -0.202994 0.925 0.737 0.639
v 0.520852 -1.098432 -0.303618 0.875 0.667 0.533
v 0.186160 -0.462510 -0.077831 0.043 0.035 0.024
v 0.145568 -0.945017 -0.035521 0.067 0.043 0.043
v 0.334341 -0.064969 -0.390745 0.055 0.047 0.031
v 0.466043 -0.383296 -0.247283 0.918 0.745 0.565
v -0.304731 -0.910295 -0.006888 0.039 0.031 0.027
v 0.186492 -0.003663 -0.323490 0.875 0.714 0.561
v -0.061690 0.003644 -0.267878 0.890 0.690 0.529
v -0.047374 0.299285 -0.093512 0.651 0.478 0.380
v 0.334930 1.082143 -0.120380 0.400 0.333 0.255
v 0.247589 -0.966672 -0.093066 0.118 0.094 0.102
v -0.448351 -0.397699 -0.080276 0.055 0.043 0.035
v 0.417130 0.684133 -0.186000 0.573 0.435 0.337
v 0.460804 0.925312 -0.197576 0.349 0.282 0.227
v -0.190084 0.768110 -0.291740 0.847 0.576 0.478
v -0.329292 -0.858611 0.001111 0.035 0.031 0.031
v 0.234766 -0.633163 -0.010244 0.051 0.043 0.039
v -0.653548 -0.187585 -0.246241 0.910 0.749 0.576
v 0.255630 -0.249619 -0.210635 0.039 0.035 0.024
v -0.120882 0.999452 -0.237514 0.200 0.118 0.075
v 0.406169 0.637834 -0.215142 0.557 0.416 0.322
v -0.186895 0.192705 -0.447558 0.820 0.612 0.439
v -0.701986 -0.848055 -0.165109 0.769 0.580 0.471
v 0.385975 0.727527 -0.072174 0.812 0.643 0.522
v -0.508073 -0.782415 -0.052113 0.067 0.051 0.047
v 0.073186 0.106095 -0.249637 0.847 0.682 0.545
v -0.676607 -0.666917 -0.262110 0.616 0.486 0.388
v -0.130762 0.655135 -0.094682 0.808 0.616 0.490
v -0.776823 -0.673441 -0.269187 0.847 0.667 0.533
v -0.003490 -0.856579 0.017018 0.059 0.051 0.051
v 0.379471 0.663973 -0.106835 0.827 0.655 0.533
v 0.428326 0.615889 -0.288199 0.945 0.780 0.675
v 0.277807 -0.234555 -0.228775 0.047 0.039 0.027
v 0.433956 0.767683 -0.168332 0.588 0.467 0.384
v 0.522154 -0.097498 -0.490238 0.835 0.651 0.529
v -0.828529 -0.173237 -0.367028 0.698 0.510 0.376
v 0.389835 0.951000 -0.034787 0.631 0.494 0.376
v 0.133987 0.280485 -0.002447 0.910 0.710 0.612
v 0.048420 0.550203 0.071949 0.780 0.592 0.510
v -0.006473 -0.012482 -0.275832 0.906 0.722 0.557
v -0.014898 0.260959 -0.076184 0.569 0.412 0.310
v 0.125841 0.313561 0.010023 0.914 0.737 0.627
v -0.287068 -0.688128 0.062570 0.067 0.059 0.051
v 0.062339 0.225362 -0.202721 0.475 0.345 0.251
v -0.029375 -0.018063 -0.272151 0.902 0.706 0.537
v -0.502718 -0.566357 -0.031941 0.051 0.043 0.039
v -0.864844 -0.382058 -0.329618 0.722 0.553 0.420
v 0.330452 0.814399 0.049827 0.918 0.749 0.635
v -0.081535 0.030177 -0.275979 0.875 0.686 0.533
v 0.613479 -0.397608 -0.315216 0.922 0.761 0.588
v 0.039055 -0.140920 -0.209674 0.243 0.184 0.165
v 0.199045 0.032497 -0.327845 0.882 0.725 0.573
v -0.913132 -0.610178 -0.361158 0.647 0.486 0.353
v -0.559155 -0.651124 -0.086220 0.027 0.027 0.027
v -0.135489 0.621038 -0.131236 0.694 0.510 0.412
v -0.279098 -0.001602 -0.284856 0.039 0.027 0.020
v 0.188882 0.977525 0.075233 0.843 0.643 0.553
v -0.736778 -0.730705 -0.268196 0.827 0.651 0.522
v -0.168202 -0.424103 -0.060154 0.043 0.039 0.031
v -0.426534 -0.448848 -0.045981 0.055 0.039 0.035
v -0.385836 -0.471064 -0.022248 0.047 0.031 0.027
v 0.111700 0.881428 0.113377 0.965 0.784 0.682
v -0.829298 -0.166190 -0.380554 0.655 0.475 0.345
v 0.018727 0.183208 -0.224546 0.757 0.612 0.471
v -0.070828 -1.005644 -0.023346 0.035 0.031 0.024
v -0.073279 1.021110 -0.098018 0.498 0.373 0.282
v -0.475640 -0.441510 -0.072489 0.047 0.031 0.024
v 0.069108 0.227195 -0.053385 0.596 0.424 0.318
v 0.251844 0.555552 0.033098 0.945 0.725 0.600
v -0.262361 -0.908268 0.000404 0.031 0.027 0.024
v 0.396739 -0.690547 -0.160036 0.078 0.059 0.063
v -0.330452 0.022716 -0.338258 0.027 0.020 0.012
v 0.035468 0.103330 -0.248000 0.867 0.690 0.545
v -0.092090 0.392978 -0.108835 0.737 0.569 0.490
v 0.279595 -0.247758 -0.220292 0.043 0.039 0.027
v -0.457085 0.009233 -0.328444 0.039 0.031 0.027
v -0.340365 0.064504 -0.397820 0.031 0.020 0.012
v -0.757066 -0.844152 -0.188235 0.816 0.631 0.514
v -0.138451 0.205163 -0.330940 0.706 0.525 0.384
v -0.524934 -0.363077 -0.140853 0.055 0.039 0.031
v -0.337492 -0.433706 -0.039563 0.043 0.035 0.027
v -0.513213 -0.736151 -0.037242 0.031 0.031 0.031
v 0.681071 -0.439315 -0.346653 0.894 0.725 0.549
v 0.306865 -0.914611 -0.111025 0.133 0.118 0.110
v 0.290431 -0.255665 -0.218807 0.043 0.039 0.027
v -0.580234 -0.473162 -0.178817 0.020 0.016 0.012
v -0.168861 -0.813144 0.020125 0.055 0.047 0.047
v 0.101328 0.656816 0.088254 0.780 0.608 0.502
v -0.212507 0.104211 -0.380222 0.859 0.675 0.502
v -0.900950 -0.510183 -0.370882 0.612 0.459 0.341
v 0.286067 -1.033934 -0.169924 0.157 0.133 0.141
v 0.232119 0.479030 0.027759 0.933 0.729 0.631
v 0.204780 0.562514 0.041842 0.941 0.745 0.639
v -0.097637 1.017308 -0.173821 0.302 0.227 0.169
v -0.208293 -0.488368 -0.017795 0.059 0.043 0.039
v 0.017995 -0.142422 -0.205370 0.098 0.071 0.067
v -0.895501 -0.410108 -0.389027 0.592 0.439 0.310
v -0.223525 0.069853 -0.363352 0.890 0.706 0.533
v -0.182522 -0.134994 -0.193965 0.043 0.035 0.027
v -0.109026 0.246330 -0.291080 0.753 0.580 0.443
v -0.710451 -0.462595 -0.241419 0.859 0.694 0.553
v -0.430613 -0.187154 -0.187501 0.043 0.039 0.031
v 0.424329 0.945059 -0.102908 0.494 0.380 0.278
v 0.393293 0.773673 -0.050975 0.796 0.643 0.529
v 0.222428 0.286067 -0.246159 0.843 0.682 0.545
v -0.115694 0.265411 -0.299243 0.737 0.569 0.424
v -0.023450 -0.923377 -0.007442 0.039 0.039 0.035
v 0.288368 0.519880 0.008762 0.929 0.733 0.608
v 0.442281 0.867324 -0.134433 0.443 0.333 0.247
v 0.145112 -0.695192 0.038732 0.063 0.055 0.051
v -0.873568 -0.724229 -0.286074 0.784 0.588 0.439
v -0.432838 -0.642904 0.032750 0.051 0.043 0.047
v 0.328501 -0.305600 -0.205759 0.047 0.039 0.027
v -0.410932 -0.905212 -0.043408 0.031 0.027 0.020
v 0.536911 -0.876799 -0.308689 0.871 0.667 0.514
v 0.652852 -0.291686 -0.330041 0.941 0.784 0.627
v -0.741887 -0.526882 -0.255243 0.847 0.682 0.545
v 0.392418 -0.963955 -0.269031 0.424 0.318 0.251
v -0.590601 -0.859081 -0.180512 0.231 0.349 0.212
v 0.155085 0.202139 -0.243572 0.922 0.765 0.612
v 0.113317 -0.108663 -0.248400 0.945 0.753 0.588
v 0.400027 0.707383 -0.125431 0.741 0.580 0.478
v 0.401380 -0.061025 -0.462497 0.129 0.118 0.122
v -0.877515 -0.418456 -0.342115 0.663 0.502 0.388
v 0.113959 0.470778 0.088819 0.851 0.643 0.604
v -0.609339 -0.006655 -0.313432 0.941 0.757 0.600
v -0.578380 0.007715 -0.330030 0.937 0.757 0.596
v 0.670649 -0.484286 -0.342131 0.886 0.718 0.541
v 0.064349 0.930436 0.087918 0.933 0.749 0.643
v 0.504406 -0.154971 -0.387059 0.925 0.749 0.596
v -0.146298 -0.791039 0.028561 0.075 0.059 0.059
v -0.011723 0.484711 0.029920 0.906 0.702 0.596
v 0.276899 0.373220 -0.095090 0.855 0.667 0.537
v -0.895888 -0.429537 -0.381403 0.588 0.439 0.314
v -0.374151 -0.578600 0.035366 0.063 0.051 0.043
v 0.500583 -0.252848 -0.318058 0.949 0.800 0.635
v -0.467264 -0.195879 -0.185393 0.047 0.039 0.027
v 0.216238 0.354349 -0.032274 0.878 0.698 0.592
v -0.181809 -0.282767 -0.129767 0.043 0.039 0.031
v -0.159920 0.611106 -0.274469 0.812 0.553 0.447
v 0.504821 -0.775490 -0.285557 0.847 0.655 0.506
v -0.155083 0.762656 -0.205172 0.392 0.278 0.208
v -0.485169 -0.877583 -0.088770 0.078 0.059 0.051
v 0.370423 -0.236905 -0.262142 0.043 0.035 0.024
v 0.317462 1.021688 -0.021984 0.373 0.322 0.239
v 0.502786 -0.464122 -0.259985 0.886 0.698 0.510
v -0.161130 -0.602338 0.021056 0.051 0.039 0.031
v 0.257548 0.101097 -0.391128 0.867 0.682 0.525
v 0.290190 -0.485092 -0.102756 0.051 0.047 0.031
v 0.291826 -1.014350 -0.169999 0.125 0.102 0.110
v -0.060932 -0.982675 -0.020170 0.043 0.039 0.031
v -0.681968 -0.719989 -0.283592 0.541 0.420 0.333
v -0.503906 -0.823217 -0.064774 0.114 0.082 0.075
v -0.566812 -0.667238 -0.102403 0.031 0.031 0.027
v 0.345030 -0.826868 -0.094139 0.094 0.090 0.082
v 0.457558 0.853791 -0.193882 0.306 0.231 0.165
v 0.088113 0.462453 0.090790 0.518 0.271 0.224
v 0.399949 0.661809 -0.163317 0.690 0.553 0.455
v 0.276204 0.358949 -0.110304 0.804 0.620 0.498
v 0.450604 0.875026 -0.159163 0.306 0.216 0.149
v 0.226995 0.573892 0.038274 0.925 0.722 0.600
v 0.318071 0.494447 -0.053033 0.824 0.651 0.533
v -0.163044 0.775722 -0.262959 0.420 0.263 0.184
v 0.072749 -1.026532 -0.055844 0.039 0.035 0.027
v 0.220016 0.262932 -0.260473 0.886 0.722 0.573
v -0.530643 -0.842919 -0.100402 0.082 0.059 0.051
v -0.066426 0.377993 -0.071649 0.729 0.553 0.478
v 0.529049 -0.576418 -0.276947 0.875 0.694 0.533
v 0.207680 -0.120568 -0.263380 0.075 0.063 0.047
v 0.003037 0.851654 0.082184 0.886 0.722 0.627
v -0.312841 -0.158457 -0.196700 0.035 0.031 0.024
v 0.373430 -0.632490 -0.124603 0.055 0.039 0.031
v 0.186633 0.185258 -0.271194 0.910 0.753 0.584
v 0.120719 0.456891 0.074999 0.886 0.698 0.612
v 0.611502 -0.860274 -0.354876 0.863 0.651 0.498
v 0.071772 -0.687985 0.040416 0.059 0.055 0.047
v -0.530370 -0.468521 -0.118774 0.035 0.027 0.024
v -0.355589 -0.039327 -0.287333 0.031 0.027 0.020
v -0.672381 0.006938 -0.330904 0.906 0.722 0.573
v -0.339853 -0.580914 0.042124 0.055 0.043 0.035
v -0.501295 0.013314 -0.338909 0.925 0.749 0.627
v -0.597158 -0.209141 -0.225231 0.922 0.761 0.588
v -0.389367 -0.393141 -0.067654 0.043 0.031 0.027
v 0.341433 -0.742565 -0.068571 0.055 0.043 0.039
v 0.252574 -0.267156 -0.200022 0.043 0.039 0.027
v -0.050175 0.419711 -0.023079 0.773 0.600 0.518
v 0.069610 -0.466296 -0.061506 0.051 0.043 0.035
v -0.195217 -0.809608 0.021383 0.059 0.051 0.055
v 0.491739 -0.773092 -0.280358 0.824 0.631 0.490
v -0.870913 -0.603273 -0.316818 0.769 0.588 0.439
v -0.132617 0.504795 -0.181880 0.729 0.545 0.443
v -0.143555 0.738442 -0.175559 0.525 0.392 0.310
v -0.245224 -0.412142 -0.055454 0.043 0.035 0.031
v -0.152793 0.165442 -0.351949 0.686 0.510 0.369
v -0.651807 -0.352923 -0.219178 0.867 0.698 0.537
v 0.547904 -0.205103 -0.352400 0.925 0.757 0.596
v 0.245405 0.401252 -0.023379 0.898 0.722 0.620
v 0.122721 -0.999433 -0.062188 0.035 0.031 0.024
v -0.481141 -0.558172 -0.016080 0.051 0.039 0.035
v 0.228067 0.452853 0.022138 0.929 0.753 0.663
v 0.354448 0.521179 -0.198464 0.776 0.604 0.486
v -0.137511 0.280643 -0.343942 0.702 0.522 0.380
v 0.606363 -0.833407 -0.349428 0.863 0.659 0.506
v -0.643276 -0.674351 -0.254202 0.380 0.282 0.224
v 0.467733 -0.756552 -0.281766 0.733 0.557 0.427
v 0.037038 -0.685488 0.038486 0.067 0.055 0.059
v 0.269979 -1.072887 -0.163323 0.055 0.039 0.035
v -0.009462 -0.072798 -0.268627 0.941 0.757 0.592
v 0.132575 -0.820495 0.038414 0.075 0.063 0.059
v 0.040326 -0.674460 0.035891 0.051 0.047 0.039
v -0.172264 0.207728 -0.417562 0.741 0.549 0.392
v -0.640212 -0.020938 -0.296519 0.953 0.788 0.627
v 0.467502 -0.494560 -0.227405 0.839 0.667 0.502
v 0.555839 -0.565409 -0.289740 0.902 0.733 0.565
v 0.512016 -0.416520 -0.273218 0.910 0.737 0.557
v 0.412089 -0.746568 -0.226930 0.071 0.047 0.055
v 0.203632 -0.796344 0.027439 0.078 0.075 0.059
v -0.083566 0.175980 -0.269925 0.804 0.643 0.498
v 0.337013 0.602694 -0.032912 0.894 0.714 0.580
v 0.178181 -0.940554 -0.041584 0.102 0.086 0.082
v 0.213344 1.047082 0.015031 0.314 0.243 0.165
v -0.783587 -0.514806 -0.270814 0.843 0.682 0.545
v -0.144698 0.797070 -0.180773 0.463 0.353 0.275
v 0.527575 -0.832243 -0.301399 0.871 0.671 0.518
v 0.319405 -1.076295 -0.257611 0.165 0.145 0.137
v -0.104317 0.588473 -0.025594 0.792 0.600 0.498
v 0.642039 -0.874264 -0.376753 0.855 0.635 0.478
v 0.306040 0.456107 -0.069869 0.831 0.647 0.537
v 0.060380 0.868059 0.105135 0.953 0.784 0.678
v 0.305170 -0.680325 -0.039694 0.055 0.039 0.035
v 0.401121 -0.672443 -0.170664 0.075 0.059 0.055
v 0.320964 -0.979297 -0.193345 0.137 0.114 0.114
v -0.130298 0.543564 -0.134719 0.757 0.576 0.486
v 0.008021 0.189559 -0.225594 0.745 0.592 0.451
v 0.597910 -0.277792 -0.316730 0.949 0.796 0.635
v 0.354574 -0.008425 -0.490135 0.129 0.114 0.098
v -0.587969 -0.765194 -0.167198 0.016 0.012 0.004
v -0.114424 -0.236278 -0.156542 0.043 0.035 0.027
v -0.004033 -0.418268 -0.081529 0.051 0.043 0.039
v 0.399481 -0.077239 -0.431038 0.129 0.114 0.122
v 0.161755 -1.019465 -0.080043 0.039 0.027 0.024
v 0.104313 0.112317 -0.258442 0.898 0.733 0.584
v -0.160895 -0.881700 0.004302 0.031 0.031 0.027
v 0.413465 0.618684 -0.252360 0.863 0.675 0.549
v 0.452169 0.851091 -0.166889 0.376 0.282 0.208
v 0.126638 -0.134530 -0.228125 0.067 0.055 0.035
v 0.099216 -0.331717 -0.135718 0.047 0.043 0.035
v 0.591184 -0.734969 -0.330007 0.867 0.678 0.525
v -0.025300 -0.224544 -0.169619 0.055 0.039 0.031
v 0.177906 0.273507 -0.195127 0.651 0.518 0.408
v -0.285519 -0.431152 -0.041294 0.043 0.035 0.027
v 0.201246 -0.644960 0.009108 0.059 0.043 0.039
v -0.419778 -0.864217 -0.037907 0.078 0.063 0.063
v 0.116880 -0.149913 -0.217263 0.059 0.047 0.031
v 0.331300 -0.078438 -0.372516 0.047 0.039 0.027
v 0.372875 1.033682 -0.095008 0.259 0.200 0.149
v 0.100909 0.370316 0.044335 0.855 0.471 0.451
v -0.120312 -0.695657 0.032435 0.059 0.043 0.047
v -0.098943 0.065051 -0.284594 0.894 0.725 0.569
v -0.478728 0.048117 -0.377384 0.075 0.055 0.047
v -0.285040 -0.788947 0.041826 0.102 0.094 0.098
v 0.392253 -0.745910 -0.151052 0.086 0.067 0.051
v -0.311869 -0.176849 -0.184943 0.039 0.031 0.027
v 0.249857 0.300875 -0.275774 0.871 0.694 0.545
v 0.736136 -0.338005 -0.409442 0.847 0.678 0.510
v 0.468442 -0.284411 -0.293931 0.937 0.784 0.620
v 0.266872 0.017036 -0.395243 0.886 0.714 0.553
v 0.197426 -0.983171 -0.076126 0.047 0.035 0.027
v -0.357067 -0.094974 -0.245859 0.035 0.031 0.016
v -0.057689 0.444788 -0.024446 0.780 0.604 0.518
v -0.871667 -0.448031 -0.330193 0.714 0.549 0.420
v -0.162066 0.649160 -0.319719 0.733 0.506 0.420
v 0.671240 -0.637700 -0.360592 0.851 0.667 0.506
v 0.388982 -0.835990 -0.220448 0.129 0.118 0.098
v -0.112990 -0.319362 -0.118356 0.047 0.039 0.031
v 0.552349 -0.552541 -0.286867 0.906 0.733 0.569
v 0.062420 -0.129759 -0.221299 0.933 0.745 0.604
v 0.400934 -0.243701 -0.271480 0.027 0.024 0.008
v 0.267552 -0.908656 -0.068019 0.106 0.090 0.086
v -0.019773 0.197867 -0.236679 0.737 0.584 0.447
v 0.093739 -0.280150 -0.159791 0.051 0.039 0.031
v -0.721078 -0.656027 -0.261043 0.835 0.655 0.525
v 0.221528 -0.151446 -0.256454 0.047 0.039 0.024
v -0.369694 -0.105691 -0.239166 0.031 0.027 0.020
v 0.059876 0.232216 -0.034208 0.576 0.388 0.302
v 0.134036 0.501848 0.129107 0.890 0.682 0.600
v 0.263869 1.088558 -0.073572 0.267 0.196 0.125
v 0.376943 -0.526999 -0.141945 0.047 0.043 0.035
v 0.208314 -0.924555 -0.044197 0.094 0.075 0.075
v 0.023634 -0.187780 -0.191693 0.059 0.047 0.035
v 0.236619 -0.029194 -0.355667 0.871 0.694 0.533
v 0.386230 0.776120 -0.036151 0.824 0.675 0.561
v 0.332459 0.858247 0.049200 0.906 0.733 0.620
v 0.126098 0.935173 0.096921 0.961 0.784 0.671
v -0.097757 0.566156 -0.020052 0.800 0.612 0.518
v 0.440215 -0.076187 -0.452061 0.122 0.114 0.114
v 0.276270 0.996969 0.034673 0.392 0.306 0.227
v -0.026192 0.569709 0.028899 0.969 0.761 0.639
v -0.136283 -0.578443 0.009394 0.047 0.035 0.027
v 0.400218 0.535155 -0.286482 0.776 0.478 0.380
v 0.406053 -0.597372 -0.173523 0.071 0.051 0.051
v 0.089175 0.209547 -0.210195 0.718 0.588 0.467
v 0.071000 0.537866 0.125560 0.812 0.620 0.529
v 0.131754 -0.376415 -0.116059 0.043 0.035 0.027
v 0.002534 1.022146 -0.008711 0.490 0.365 0.267
v 0.510014 -1.051710 -0.294561 0.871 0.671 0.541
v -0.289896 0.117565 -0.467527 0.788 0.608 0.475
v -0.052955 0.801909 0.053398 0.882 0.710 0.616
v 0.133318 0.920799 0.103261 0.973 0.788 0.678
v -0.150189 0.246950 -0.381002 0.714 0.533 0.380
v 0.475056 -0.405296 -0.246336 0.918 0.741 0.557
v 0.049203 -0.280552 -0.153877 0.047 0.039 0.027
v -0.118451 -0.272396 -0.140215 0.039 0.035 0.024
v 0.161798 0.265447 -0.031180 0.890 0.698 0.596
v -0.556499 -0.077088 -0.272685 0.941 0.780 0.612
v -0.711877 -0.623667 -0.257182 0.839 0.671 0.537
v -0.453263 -0.091052 -0.246360 0.043 0.035 0.024
v -0.804397 -0.380953 -0.278870 0.839 0.682 0.545
v 0.032279 0.191306 -0.218200 0.722 0.580 0.451
v -0.868431 -0.271016 -0.380064 0.655 0.482 0.353
v 0.100637 0.631016 0.091225 0.886 0.694 0.576
v -0.739271 -0.271309 -0.259271 0.886 0.722 0.561
v 0.657361 -0.265350 -0.338472 0.929 0.769 0.608
v -0.868654 -0.489880 -0.325161 0.725 0.573 0.443
v 0.122799 0.248662 -0.013130 0.878 0.667 0.576
v 0.447905 -0.791593 -0.283860 0.635 0.486 0.376
v -0.393873 -0.564184 0.025082 0.051 0.039 0.035
v 0.078745 0.603733 0.083582 0.800 0.596 0.482
v -0.855664 -0.662603 -0.297271 0.824 0.624 0.478
v 0.387096 -1.047139 -0.268400 0.486 0.376 0.306
v -0.472930 -0.548200 -0.015280 0.051 0.035 0.031
v -0.034185 0.361549 -0.033804 0.761 0.592 0.502
v 0.443113 -0.981646 -0.253665 0.788 0.612 0.502
v 0.248582 -0.612079 -0.027258 0.051 0.039 0.035
v 0.193485 0.613346 0.041984 0.710 0.522 0.420
v -0.502422 -0.810559 -0.061188 0.102 0.071 0.063
v -0.199399 -0.239022 -0.149347 0.043 0.039 0.031
v 0.451444 -0.089352 -0.414969 0.059 0.051 0.039
v -0.114306 0.155697 -0.295444 0.788 0.620 0.482
v -0.725001 -0.120679 -0.273188 0.886 0.722 0.561
v -0.100718 0.391315 -0.134623 0.694 0.537 0.435
v -0.018999 -0.300534 -0.136157 0.047 0.043 0.035
v 0.040011 0.853616 0.099384 0.925 0.765 0.663
v 0.219010 0.963087 0.074923 0.871 0.667 0.573
v 0.233479 -1.058103 -0.122402 0.043 0.035 0.027
v 0.075724 -0.398869 -0.100574 0.051 0.043 0.035
v 0.126758 -0.937319 -0.027610 0.075 0.051 0.059
v 0.364516 1.040919 -0.091830 0.275 0.251 0.176
v -0.129072 0.575605 -0.113984 0.702 0.522 0.424
v -0.088667 -0.545510 -0.009711 0.043 0.035 0.027
v 0.384711 0.734311 -0.063068 0.824 0.655 0.537
v 0.389431 -0.999689 -0.267894 0.427 0.337 0.263
v -0.328462 -0.493352 -0.001365 0.055 0.043 0.039
v -0.191942 0.698896 -0.319053 0.859 0.639 0.545
v 0.128002 -0.224834 -0.192345 0.055 0.043 0.031
v 0.061057 -0.720875 0.044454 0.075 0.051 0.051
v 0.299283 0.646430 0.031789 0.718 0.486 0.369
v -0.496276 -0.236065 -0.172417 0.047 0.035 0.024
v 0.478187 -0.291183 -0.293746 0.941 0.792 0.624
v -0.160966 0.787541 -0.262999 0.357 0.255 0.176
v -0.192577 0.677585 -0.319853 0.847 0.627 0.537
v 0.402495 -0.689254 -0.178188 0.082 0.059 0.047
v 0.029995 0.455222 0.051641 0.847 0.682 0.592
v 0.559619 -0.635284 -0.298824 0.890 0.722 0.553
v 0.346390 0.695900 0.004793 0.831 0.675 0.565
v 0.209217 -0.211297 -0.218751 0.039 0.035 0.024
v 0.203975 -0.734241 0.030672 0.067 0.051 0.043
v 0.480713 -0.876583 -0.268543 0.835 0.635 0.490
v 0.345766 -0.976847 -0.248307 0.161 0.129 0.122
v 0.034869 -0.262211 -0.161076 0.051 0.043 0.035
v -0.288824 -0.518346 0.011591 0.051 0.035 0.035
v 0.392352 -0.412808 -0.184685 0.039 0.035 0.024
v -0.740170 -0.141618 -0.278667 0.871 0.702 0.537
v 0.532094 -0.270897 -0.314643 0.945 0.792 0.635
v -0.120913 -0.654054 0.028514 0.067 0.051 0.051
v 0.378550 -0.620041 -0.131982 0.071 0.047 0.047
v -0.146671 -0.105007 -0.196232 0.078 0.051 0.043
v 0.105726 0.237100 -0.018832 0.773 0.557 0.475
v 0.414373 -0.658348 -0.205646 0.090 0.071 0.063
v -0.593424 -0.747827 -0.176545 0.027 0.024 0.016
v -0.519905 -0.808813 -0.077707 0.071 0.047 0.047
v 0.101456 -0.472019 -0.060403 0.055 0.047 0.039
v -0.503321 -0.596600 -0.018797 0.047 0.035 0.031
v -0.397495 0.039214 -0.390361 0.027 0.024 0.016
v -0.014169 0.923180 0.049187 0.875 0.690 0.573
v -0.090034 -0.656007 0.027256 0.063 0.051 0.051
v -0.061571 0.357145 -0.074696 0.737 0.576 0.494
v -0.004429 0.082134 -0.258037 0.902 0.741 0.576
v 0.123850 0.881097 0.114771 0.965 0.792 0.686
v 0.428804 -0.390907 -0.210775 0.078 0.059 0.047
v 0.253794 0.085217 -0.386725 0.878 0.706 0.541
v 0.197821 -0.260370 -0.190193 0.043 0.039 0.027
v -0.646118 -0.403759 -0.226401 0.839 0.663 0.490
v 0.437263 0.579926 -0.304140 0.949 0.725 0.624
v -0.260572 0.131970 -0.470509 0.851 0.659 0.498
v 0.499967 -0.197091 -0.351935 0.925 0.757 0.596
v 0.106874 0.235705 -0.199888 0.686 0.565 0.451
v -0.880981 -0.426846 -0.348260 0.643 0.494 0.369
v -0.851974 -0.429019 -0.310979 0.776 0.608 0.482
v 0.234631 -0.341446 -0.152677 0.043 0.039 0.031
v -0.118291 0.446554 -0.137051 0.741 0.565 0.478
v -0.421455 -0.292404 -0.124690 0.055 0.039 0.031
v 0.533570 -0.412547 -0.285945 0.925 0.753 0.573
v 0.241713 -1.079581 -0.135832 0.047 0.039 0.035
v -0.380756 -0.755445 0.036269 0.039 0.039 0.031
v -0.639346 -0.881572 -0.050703 0.620 0.463 0.365
v -0.019092 -0.140600 -0.199291 0.075 0.055 0.047
v 0.336801 -1.012093 -0.260708 0.114 0.090 0.090
v 0.167208 -0.518825 -0.045406 0.051 0.035 0.027
v 0.434811 -0.597533 -0.233860 0.082 0.067 0.071
v -0.346162 -0.141793 -0.212151 0.035 0.031 0.024
v -0.378343 -0.855871 -0.014044 0.082 0.067 0.067
v -0.664773 -0.414476 -0.229775 0.867 0.706 0.545
v -0.423300 0.044340 -0.397696 0.027 0.027 0.020
v 0.357415 -0.975266 -0.275224 0.165 0.145 0.114
v -0.745704 -0.723168 -0.268492 0.831 0.659 0.525
v -0.129940 0.497577 -0.341737 0.690 0.518 0.416
v 0.350105 -0.803393 -0.087450 0.063 0.051 0.043
v -0.884212 -0.717418 -0.302478 0.776 0.580 0.431
v -0.622022 -0.612034 -0.209830 0.035 0.027 0.024
v -0.134180 0.649164 -0.111684 0.788 0.580 0.467
v 0.008278 0.082790 -0.257126 0.906 0.741 0.576
v -0.199062 0.173843 -0.435138 0.761 0.569 0.408
v 0.723260 -0.258536 -0.420971 0.847 0.671 0.518
v 0.406673 -0.774783 -0.227241 0.106 0.078 0.082
v -0.847830 -0.541294 -0.306221 0.800 0.627 0.486
v -0.209301 -0.444349 -0.041744 0.047 0.039 0.031
v -0.118445 -0.390785 -0.082507 0.039 0.035 0.027
v 0.018210 -0.101859 -0.252940 0.957 0.765 0.588
v -0.453585 -0.677671 0.024439 0.059 0.047 0.043
v -0.002981 -0.081294 -0.265481 0.945 0.761 0.600
v 0.305126 -0.386498 -0.152002 0.047 0.039 0.031
v 0.083411 0.565857 0.119419 0.855 0.671 0.580
v -0.479356 -0.032891 -0.287702 0.078 0.063 0.043
v 0.183696 0.750239 0.124683 0.949 0.776 0.682
v 0.471454 -0.087476 -0.454415 0.188 0.180 0.176
v 0.033703 0.748206 0.114165 0.922 0.745 0.663
v 0.188744 -0.866321 0.004402 0.078 0.067 0.067
v 0.182652 0.267720 -0.064109 0.804 0.627 0.522
v 0.342919 0.916759 0.041193 0.816 0.635 0.533
v -0.536354 -0.423813 -0.140804 0.055 0.039 0.031
v -0.771957 -0.564621 -0.267122 0.847 0.678 0.541
v 0.169020 0.981499 0.075336 0.792 0.612 0.514
v -0.657691 -0.115491 -0.255847 0.922 0.769 0.600
v 0.325187 -0.295710 -0.209827 0.039 0.027 0.020
v -0.741497 -0.198443 -0.270928 0.878 0.706 0.545
v 0.175015 -0.010368 -0.316559 0.890 0.718 0.557
v 0.453160 0.834735 -0.188064 0.251 0.169 0.110
v -0.077989 -0.882438 0.002522 0.035 0.043 0.039
v -0.092025 -0.078733 -0.229490 0.965 0.761 0.608
v 0.439634 -0.841875 -0.272000 0.631 0.478 0.369
v 0.181938 0.857265 0.116387 0.965 0.792 0.686
v 0.003155 0.607074 0.039873 0.910 0.718 0.592
v -0.429418 -0.857278 -0.038780 0.063 0.047 0.043
v 0.103122 -1.056673 -0.069620 0.043 0.031 0.024
v 0.016128 -0.379982 -0.103603 0.043 0.039 0.031
v -0.442861 -0.586733 0.016119 0.055 0.043 0.039
v 0.293277 -0.662412 -0.035622 0.055 0.047 0.039
v 0.489977 -0.302090 -0.292961 0.941 0.788 0.624
v 0.291444 -0.085087 -0.337941 0.051 0.039 0.031
v -0.122919 0.961495 -0.183211 0.337 0.243 0.176
v 0.280134 -0.068218 -0.344220 0.067 0.051 0.039
v -0.749907 -0.771344 -0.240142 0.831 0.647 0.522
v -0.108536 0.277375 -0.290247 0.757 0.584 0.435
v 0.226820 0.680576 0.090115 0.678 0.502 0.408
v -0.930180 -0.707188 -0.356510 0.773 0.573 0.424
v 0.593167 -0.449811 -0.306524 0.929 0.761 0.588
v 0.340369 0.501525 -0.149354 0.780 0.604 0.478
v -0.113614 0.711544 -0.068790 0.796 0.647 0.541
v 0.085051 0.153136 -0.233558 0.898 0.737 0.592
v -0.130137 0.647560 -0.086881 0.796 0.592 0.475
v -0.680481 -0.471094 -0.237517 0.863 0.710 0.565
v -0.673768 -0.512071 -0.240487 0.847 0.671 0.533
v 0.215068 0.384618 -0.008416 0.910 0.745 0.631
v -0.009532 -0.395748 -0.092148 0.043 0.039 0.031
v -0.450679 -0.580112 0.010783 0.059 0.043 0.043
v -0.562960 -0.585572 -0.117576 0.027 0.027 0.024
v -0.075519 0.866408 0.006642 0.769 0.604 0.494
v -0.612930 -0.600123 -0.194374 0.027 0.024 0.016
v 0.161375 -0.709777 0.039206 0.067 0.055 0.051
v -0.745133 -0.645031 -0.263034 0.855 0.678 0.545
v 0.370843 0.527419 -0.247134 0.820 0.549 0.420
v -0.130842 0.417208 -0.335634 0.733 0.533 0.396
v 0.108351 0.067681 -0.271144 0.906 0.753 0.592
v 0.459832 -1.060501 -0.272479 0.847 0.655 0.529
v -0.857871 -0.234047 -0.390694 0.643 0.467 0.341
v -0.185723 0.755532 -0.309898 0.600 0.286 0.208
v 0.545979 -0.573384 -0.285312 0.894 0.718 0.553
v 0.211966 -1.000664 -0.092903 0.047 0.039 0.035
v 0.367050 0.574476 -0.148408 0.776 0.596 0.475
v -0.145488 0.269071 -0.397043 0.729 0.533 0.384
v 0.443516 -0.685937 -0.286516 0.424 0.318 0.239
v -0.612648 -0.678601 -0.194709 0.024 0.020 0.012
v -0.718963 -0.722183 -0.271826 0.776 0.604 0.486
v 0.442623 0.978917 -0.182719 0.380 0.306 0.239
v 0.343880 0.827635 0.036874 0.922 0.765 0.651
v 0.441119 -0.654675 -0.272023 0.161 0.094 0.086
v -0.684332 -0.214518 -0.249229 0.906 0.745 0.580
v -0.118731 -0.172118 -0.180093 0.051 0.039 0.027
v -0.091312 0.822450 -0.013409 0.745 0.592 0.502
v 0.168354 -0.890713 -0.005713 0.086 0.075 0.067
v 0.248752 1.087993 -0.059393 0.361 0.282 0.204
v 0.233532 0.640125 0.051218 0.251 0.188 0.137
v 0.026249 0.986459 0.047637 0.729 0.545 0.443
v 0.208654 -0.048567 -0.329480 0.882 0.706 0.545
v -0.143515 0.237691 -0.351115 0.706 0.522 0.380
v 0.071929 -0.849034 0.026673 0.078 0.071 0.071
v 0.018519 -0.053953 -0.277099 0.937 0.749 0.580
v -0.269122 0.010569 -0.299360 0.153 0.094 0.090
v 0.423541 0.561648 -0.301326 0.925 0.667 0.565
v 0.359107 0.654892 -0.055497 0.863 0.698 0.576
v 0.662830 -0.216097 -0.372292 0.906 0.733 0.573
v 0.618960 -0.518048 -0.316995 0.910 0.741 0.576
v -0.394436 -0.700185 0.047794 0.067 0.059 0.063
v -0.027971 0.306245 -0.045198 0.741 0.580 0.502
v -0.763204 -0.236954 -0.275227 0.878 0.702 0.541
v -0.100007 0.293853 -0.281261 0.757 0.584 0.439
v 0.434959 -0.202160 -0.324604 0.067 0.063 0.047
v -0.480970 -0.530454 -0.029185 0.055 0.047 0.043
v 0.260326 0.218242 -0.349676 0.816 0.639 0.478
v -0.751002 -0.809963 -0.211031 0.820 0.647 0.522
v -0.134567 0.543613 -0.170268 0.753 0.573 0.471
v -0.097768 0.236517 -0.280647 0.745 0.596 0.455
v 0.144514 0.285239 -0.006855 0.910 0.710 0.608
v 0.011236 0.940877 0.060136 0.894 0.702 0.596
v 0.146176 -0.128720 -0.237163 0.082 0.067 0.047
v 0.218860 0.696258 0.110145 0.498 0.361 0.306
v -0.092560 0.997145 -0.123217 0.325 0.243 0.169
v 0.272689 1.064232 -0.038285 0.275 0.231 0.161
v 0.385627 0.830172 -0.019467 0.800 0.639 0.533
v 0.610105 -0.508231 -0.312722 0.918 0.749 0.580
v 0.096059 0.219031 -0.207494 0.690 0.565 0.451
v 0.048440 0.941510 0.077326 0.922 0.733 0.616
v -0.162522 -0.048826 -0.244838 0.933 0.725 0.569
v 0.088373 -0.564038 -0.007501 0.051 0.035 0.031
v 0.352795 0.719198 -0.000359 0.859 0.698 0.596
v -0.459476 -0.623326 0.018015 0.063 0.059 0.051
v 0.681493 -0.504474 -0.350050 0.882 0.710 0.533
v 0.657741 -0.699789 -0.363544 0.835 0.647 0.486
v 0.315072 0.940314 0.050439 0.643 0.471 0.376
v 0.103929 0.444301 0.077969 0.863 0.667 0.569
v -0.570539 -0.282866 -0.186053 0.278 0.180 0.129
v 0.222676 0.174383 -0.304457 0.867 0.698 0.537
v -0.476014 -0.606646 0.004644 0.051 0.043 0.039
v -0.571935 -0.669003 -0.112375 0.024 0.016 0.020
v 0.617487 -0.272978 -0.321548 0.953 0.796 0.643
v 0.465624 0.663997 -0.278602 0.933 0.690 0.541
v 0.635701 -0.521760 -0.325841 0.902 0.737 0.569
v 0.326399 -0.244322 -0.239957 0.047 0.039 0.027
v -0.169289 -0.906351 0.001281 0.039 0.031 0.031
v 0.414097 0.907022 -0.069138 0.722 0.565 0.463
v -0.132403 -0.019949 -0.273762 0.933 0.749 0.592
v 0.371703 -0.914375 -0.257410 0.106 0.090 0.086
v -0.041989 0.574181 0.023544 0.937 0.729 0.612
v -0.265795 -0.165155 -0.188017 0.039 0.035 0.027
v 0.512180 -0.866115 -0.291474 0.859 0.663 0.510
v -0.746659 -0.297963 -0.258215 0.882 0.714 0.553
v 0.240384 -0.103199 -0.288788 0.067 0.051 0.039
v -0.456169 -0.341574 -0.108576 0.055 0.043 0.035
v 0.042469 0.697408 0.089348 0.537 0.361 0.267
v 0.313514 0.001312 -0.442797 0.882 0.710 0.573
v -0.071636 -0.786595 0.027877 0.078 0.071 0.075
v 0.508542 -1.004103 -0.279286 0.871 0.671 0.537
v -0.225210 -0.166723 -0.184025 0.043 0.039 0.031
v 0.451738 0.671224 -0.268107 0.898 0.663 0.553
v -0.141855 0.703486 -0.289114 0.361 0.106 0.067
v -0.051455 1.057423 -0.128995 0.384 0.286 0.208
v 0.575280 -0.669266 -0.311417 0.886 0.714 0.553
v -0.851873 -0.681269 -0.291916 0.820 0.620 0.475
v 0.176580 -0.440153 -0.087302 0.055 0.043 0.035
v -0.039538 -0.619291 0.017729 0.059 0.047 0.047
v 0.466174 -0.968979 -0.255710 0.843 0.651 0.518
v -0.737758 -0.765525 -0.250915 0.824 0.647 0.514
v 0.269929 -1.003644 -0.134500 0.118 0.094 0.075
v 0.084820 0.499850 0.153793 0.918 0.729 0.643
v 0.099307 0.976602 0.074466 0.925 0.749 0.639
v -0.639452 -0.312145 -0.214814 0.875 0.702 0.537
v 0.040667 -0.102914 -0.250763 0.937 0.729 0.561
v 0.035509 0.605918 0.047107 0.902 0.722 0.600
v -0.297860 -0.632035 0.057138 0.047 0.047 0.043
v 0.347888 0.679035 -0.011448 0.839 0.675 0.573
v 0.267700 0.316231 -0.296758 0.867 0.682 0.529
v 0.143958 0.963554 0.084872 0.918 0.729 0.627
v -0.604832 -0.164145 -0.243359 0.929 0.769 0.596
v 0.255781 -1.082960 -0.150340 0.051 0.043 0.031
v 0.288929 -0.849321 -0.047704 0.071 0.059 0.055
v 0.181139 0.514620 0.049428 0.925 0.718 0.620
v 0.031461 -0.433888 -0.077499 0.055 0.043 0.035
v -0.252323 -0.890957 0.004338 0.035 0.031 0.024
v -0.135886 0.616391 -0.215545 0.722 0.529 0.439
v -0.331132 -0.916160 -0.014666 0.078 0.067 0.063
v -0.596337 -0.711949 -0.170611 0.039 0.035 0.027
v 0.027674 -0.283131 -0.150091 0.059 0.047 0.039
v 0.425213 0.643758 -0.241350 0.812 0.627 0.525
v -0.682267 -0.417157 -0.231895 0.875 0.706 0.557
v 0.363956 -0.663596 -0.107438 0.051 0.047 0.035
v 0.468440 0.821005 -0.258122 0.271 0.204 0.149
v 0.504842 -0.240392 -0.324354 0.945 0.792 0.631
v 0.301088 -0.293643 -0.200876 0.039 0.031 0.024
v 0.555805 -0.732567 -0.308031 0.875 0.690 0.537
v 0.045903 -0.561447 -0.007303 0.051 0.043 0.035
v -0.679183 -0.866225 -0.123128 0.675 0.518 0.420
v -0.861069 -0.446428 -0.319394 0.733 0.569 0.443
v -0.642816 -0.114803 -0.255174 0.922 0.765 0.596
v 0.234416 0.897304 0.094652 0.945 0.769 0.655
v -0.070974 -0.748590 0.032065 0.075 0.063 0.055
v -0.213173 -0.923060 0.001287 0.027 0.024 0.020
v 0.075000 -0.646892 0.027716 0.071 0.055 0.047
v -0.464764 -0.060802 -0.267554 0.090 0.075 0.063
v -0.906106 -0.595121 -0.354258 0.675 0.506 0.380
v 0.672344 -0.295744 -0.339681 0.918 0.757 0.592
v 0.009440 0.268127 -0.020249 0.698 0.529 0.447
v -0.017818 -1.031214 -0.035577 0.039 0.035 0.027
v -0.160872 0.813399 -0.277766 0.341 0.271 0.192
v -0.339679 0.106604 -0.491432 0.055 0.051 0.043
v 0.568502 -0.335840 -0.307049 0.933 0.780 0.612
v -0.508091 -0.342295 -0.133988 0.055 0.035 0.031
v 0.213043 -0.503229 -0.065719 0.059 0.047 0.039
v 0.399560 0.973745 -0.074248 0.451 0.349 0.263
v 0.103888 1.028433 0.037680 0.396 0.306 0.224
v 0.030011 -0.041528 -0.277265 0.922 0.733 0.565
v -0.787586 -0.537619 -0.272683 0.839 0.675 0.537
v 0.012112 -0.085542 -0.266164 0.941 0.757 0.584
v 0.449681 -0.062329 -0.502048 0.114 0.102 0.106
v 0.311298 0.475549 -0.060043 0.824 0.647 0.525
v 0.104026 -0.913959 -0.007782 0.067 0.051 0.055
v -0.603327 -0.634432 -0.170668 0.031 0.024 0.020
v 0.373363 -0.611679 -0.126968 0.055 0.043 0.035
v -0.216650 -0.404725 -0.063406 0.051 0.039 0.035
v -0.034580 0.965067 0.010095 0.769 0.588 0.486
v 0.592860 -0.503167 -0.305048 0.914 0.745 0.576
v -0.278234 -0.888033 0.003030 0.031 0.027 0.027
v -0.020758 -1.002952 -0.029260 0.051 0.043 0.039
v -0.497871 -0.532949 -0.042194 0.051 0.039 0.035
v 0.048724 0.537765 0.076762 0.780 0.569 0.494
v -0.543636 -0.577079 -0.084074 0.031 0.024 0.016
v 0.521505 -0.922851 -0.293822 0.871 0.659 0.510
v -0.198725 0.769522 -0.319607 0.875 0.596 0.482
v -0.669604 -0.705875 -0.276923 0.463 0.361 0.282
v 0.468794 -0.644529 -0.274006 0.702 0.565 0.400
v 0.714378 -0.326559 -0.370780 0.855 0.678 0.518
v 0.248140 -0.392934 -0.129776 0.047 0.043 0.035
v -0.455678 0.056515 -0.413536 0.063 0.047 0.051
v -0.631942 -0.355885 -0.214033 0.839 0.663 0.494
v -0.051268 0.746765 0.068893 0.635 0.467 0.388
v 0.154400 -0.890039 -0.002157 0.078 0.063 0.059
v 0.406263 -1.090752 -0.266153 0.678 0.522 0.420
v -0.652567 -0.611464 -0.240845 0.553 0.447 0.349
v 0.123584 0.521763 0.135512 0.910 0.706 0.627
v -0.509878 -0.693211 -0.020113 0.118 0.094 0.094
v 0.490831 -0.626050 -0.271988 0.804 0.647 0.482
v 0.289065 0.439366 -0.053140 0.859 0.678 0.580
v -0.036482 1.083148 -0.161366 0.239 0.176 0.114
v 0.427815 -0.662671 -0.236969 0.071 0.035 0.039
v 0.283543 -1.069486 -0.179328 0.059 0.043 0.031
v 0.302239 -0.141315 -0.297686 0.039 0.031 0.020
v 0.123559 -0.946111 -0.033867 0.055 0.039 0.035
v -0.405377 -0.584796 0.029159 0.063 0.047 0.043
v 0.444083 0.628410 -0.300018 0.922 0.725 0.608
v -0.069176 0.997480 -0.064582 0.592 0.459 0.361
v -0.340285 -0.720824 0.058919 0.051 0.043 0.039
v -0.735449 -0.411742 -0.246310 0.851 0.686 0.549
v 0.014594 0.756561 0.107450 0.929 0.769 0.678
v -0.556715 -0.587197 -0.103894 0.024 0.024 0.020
v 0.067143 -0.224855 -0.182601 0.102 0.090 0.082
v 0.100659 0.228374 -0.033609 0.608 0.427 0.349
v -0.229813 -0.941857 -0.001779 0.063 0.047 0.047
v -0.480898 -0.116900 -0.230738 0.055 0.047 0.035
v 0.399147 0.807125 -0.050544 0.753 0.604 0.502
v 0.626150 -0.709470 -0.346072 0.867 0.675 0.518
v -0.698709 -0.415451 -0.235003 0.863 0.702 0.557
v -0.283749 -0.483560 -0.009450 0.051 0.039 0.035
v 0.156837 0.078430 -0.286776 0.894 0.741 0.588
v 0.406488 0.978069 -0.094692 0.478 0.380 0.302
v 0.035720 -0.293134 -0.146354 0.047 0.039 0.031
v 0.007049 0.114384 -0.249057 0.863 0.690 0.537
v 0.044447 -1.039785 -0.050541 0.043 0.035 0.027
v 0.559622 -0.215308 -0.345639 0.922 0.749 0.588
v -0.212703 -0.274225 -0.131280 0.043 0.039 0.031
v -0.127841 -0.786360 0.028491 0.102 0.094 0.090
v -0.073494 -0.771396 0.029333 0.075 0.059 0.063
v 0.319643 -0.803478 -0.055688 0.082 0.067 0.063
v 0.033574 -0.482867 -0.048485 0.055 0.039 0.035
v 0.375878 0.622386 -0.126856 0.827 0.639 0.510
v 0.246321 0.255707 -0.295498 0.882 0.710 0.549
v 0.363954 0.853208 0.014746 0.875 0.714 0.596
v 0.462981 -0.164617 -0.367358 0.075 0.067 0.059
v 0.123887 -0.594832 0.003698 0.055 0.043 0.031
v -0.327566 -0.606717 0.051261 0.063 0.047 0.043
v -0.161192 0.203074 -0.384986 0.749 0.561 0.412
v -0.113144 0.744958 -0.076521 0.788 0.631 0.533
v -0.173197 0.561200 -0.278205 0.804 0.549 0.494
v -0.522689 -0.580943 -0.048429 0.047 0.035 0.035
v 0.240615 -0.285263 -0.186770 0.051 0.043 0.031
v -0.101012 0.766765 -0.035654 0.765 0.608 0.522
v 0.033889 -0.546509 -0.013741 0.051 0.039 0.031
v 0.397445 -0.205946 -0.295519 0.039 0.035 0.020
v -0.123337 0.103477 -0.302210 0.839 0.667 0.525
v 0.421707 -0.055292 -0.505512 0.125 0.110 0.122
v 0.233902 0.597854 0.040688 0.714 0.506 0.396
v 0.279171 -0.865098 -0.048636 0.082 0.063 0.059
v 0.242702 0.992371 0.052928 0.447 0.349 0.255
v -0.708001 -0.079811 -0.275415 0.918 0.761 0.596
v 0.285407 0.071448 -0.439589 0.875 0.690 0.514
v 0.179314 0.661062 0.073502 0.667 0.475 0.369
v 0.159235 0.739495 0.127029 0.949 0.776 0.682
v -0.156724 0.805474 -0.231383 0.290 0.224 0.165
v 0.274302 0.875378 0.085530 0.941 0.753 0.643
v -0.224103 -0.348865 -0.092467 0.043 0.035 0.027
v 0.296020 1.069721 -0.069086 0.282 0.235 0.157
v -0.138851 0.933730 -0.224718 0.275 0.212 0.153
v 0.295268 0.376377 -0.148430 0.733 0.565 0.447
v 0.008521 -1.074148 -0.045377 0.035 0.024 0.020
v 0.160292 0.261766 -0.197899 0.675 0.545 0.431
v 0.164542 0.258552 -0.210520 0.741 0.600 0.478
v 0.437528 0.644138 -0.284464 0.792 0.604 0.533
v 0.209144 -0.710565 0.026033 0.063 0.051 0.043
v -0.084504 0.728583 0.018284 0.737 0.561 0.478
v -0.139902 0.719040 -0.165486 0.620 0.459 0.380
v 0.359208 0.918788 0.027197 0.753 0.608 0.506
v 0.315632 0.501815 -0.034861 0.863 0.675 0.553
v 0.201039 -0.608549 -0.007825 0.051 0.047 0.039
v 0.471717 -0.869900 -0.268302 0.812 0.624 0.490
v 0.385291 -0.320250 -0.221638 0.051 0.039 0.031
v 0.739504 -0.332733 -0.424425 0.831 0.659 0.494
v -0.533143 -0.832079 -0.097150 0.141 0.118 0.106
v -0.547731 0.005881 -0.331448 0.949 0.769 0.612
v 0.120932 -0.906334 -0.004125 0.082 0.075 0.063
v -0.192485 0.656128 -0.317936 0.835 0.604 0.529
v 0.369916 0.631092 -0.099632 0.827 0.624 0.490
v -0.104197 0.601725 -0.023679 0.808 0.600 0.494
v 0.661674 -0.482751 -0.336551 0.898 0.733 0.557
v -0.148358 -0.816320 0.018597 0.055 0.047 0.047
v 0.145651 -0.532589 -0.033615 0.055 0.047 0.035
v -0.566876 -0.678961 -0.104111 0.031 0.031 0.031
v 0.085906 0.469961 0.123114 0.529 0.325 0.275
v -0.513959 -0.748013 -0.042651 0.031 0.027 0.020
v 0.632862 -0.390455 -0.321489 0.922 0.761 0.592
v 0.586746 -0.573680 -0.306348 0.898 0.725 0.561
v 0.019831 -0.983954 -0.032506 0.043 0.039 0.031
v 0.449336 -0.811717 -0.276604 0.655 0.498 0.388
v 0.026122 -0.273125 -0.154776 0.047 0.035 0.031
v -0.264861 -0.433874 -0.041358 0.047 0.035 0.027
v 0.372017 0.886938 0.007798 0.855 0.675 0.573
v 0.339360 -0.474415 -0.133063 0.047 0.039 0.031
v -0.027807 -0.649601 0.027610 0.051 0.039 0.039
v 0.591249 -0.605180 -0.312557 0.890 0.722 0.553
v 0.262761 -0.645745 -0.019779 0.059 0.047 0.043
v 0.450590 -0.191440 -0.339523 0.063 0.059 0.051
v 0.613629 -0.656518 -0.331797 0.878 0.702 0.537
v 0.094917 -0.246823 -0.176043 0.055 0.043 0.031
v 0.449700 -1.065812 -0.270696 0.835 0.647 0.522
v -0.228789 -0.755304 0.045824 0.086 0.078 0.078
v -0.639500 -0.766564 -0.273702 0.075 0.043 0.035
v 0.721030 -0.239753 -0.446388 0.847 0.663 0.506
v 0.691460 -0.465156 -0.353668 0.882 0.706 0.529
v 0.371029 -1.068524 -0.278564 0.255 0.184 0.137
v 0.270504 1.049665 -0.016625 0.255 0.204 0.118
v -0.136151 0.262095 -0.335953 0.702 0.522 0.376
v -0.623634 -0.730774 -0.237900 0.043 0.027 0.024
v -0.547175 -0.460000 -0.144069 0.027 0.024 0.020
v 0.091798 0.145806 -0.238533 0.914 0.753 0.604
v -0.048971 -0.385987 -0.091306 0.047 0.039 0.031
v 0.548048 -0.451453 -0.287587 0.914 0.737 0.561
v 0.374174 0.760946 -0.019506 0.855 0.702 0.584
v -0.042925 0.344277 -0.051681 0.737 0.588 0.514
v 0.400970 0.871062 -0.040893 0.804 0.639 0.537
v 0.114892 -0.897281 0.002054 0.075 0.063 0.067
v -0.190476 -0.872909 0.007100 0.051 0.043 0.043
v 0.285309 -0.616131 -0.048432 0.059 0.043 0.039
v 0.614268 -0.805379 -0.351246 0.859 0.667 0.510
v -0.115331 0.582912 -0.046151 0.749 0.561 0.459
v -0.002940 -0.610318 0.014306 0.051 0.035 0.035
v 0.348818 0.589788 -0.057594 0.867 0.671 0.514
v 0.072498 1.034958 0.021805 0.424 0.325 0.255
v -0.345596 -0.665669 0.061528 0.055 0.043 0.043
v 0.358778 -0.595960 -0.114499 0.055 0.043 0.035
v -0.636407 -0.656552 -0.238298 0.043 0.027 0.016
v -0.449461 -0.387507 -0.084788 0.047 0.035 0.031
v 0.346869 0.536249 -0.112880 0.757 0.580 0.467
v 0.146308 0.047796 -0.290409 0.902 0.749 0.588
v -0.264312 -0.185103 -0.176489 0.043 0.035 0.027
v 0.482079 -0.899563 -0.266735 0.851 0.651 0.506
v -0.293700 -0.851685 0.010682 0.043 0.039 0.039
v -0.403284 -0.639321 0.043957 0.051 0.047 0.039
v 0.465061 0.929804 -0.216619 0.298 0.231 0.176
v 0.329930 -0.191105 -0.276753 0.035 0.031 0.020
v 0.104067 -0.528266 -0.027881 0.059 0.047 0.043
v -0.585654 -0.005967 -0.316552 0.941 0.761 0.600
v -0.143566 0.888960 -0.199176 0.239 0.173 0.114
v -0.405011 -0.818131 -0.003854 0.110 0.098 0.102
v 0.017876 0.045555 -0.265749 0.890 0.722 0.565
v 0.165335 -0.129899 -0.241763 0.067 0.047 0.035
v -0.502423 -0.026937 -0.308445 0.925 0.757 0.643
v -0.005032 -0.314579 -0.131406 0.051 0.039 0.035
v -0.190138 -0.564699 0.014873 0.051 0.047 0.039
v 0.333214 -0.365454 -0.175812 0.047 0.039 0.027
v -0.210777 0.166346 -0.455224 0.827 0.627 0.447
v -0.156736 0.834537 -0.248757 0.282 0.208 0.153
v -0.034472 0.323767 -0.049106 0.757 0.600 0.522
v 0.238909 0.268477 -0.279042 0.875 0.698 0.549
v -0.702866 -0.200713 -0.255500 0.894 0.729 0.569
v -0.433264 -0.154096 -0.207846 0.039 0.035 0.024
v -0.105636 -0.811274 0.022205 0.059 0.047 0.051
v 0.397270 0.526493 -0.273000 0.953 0.714 0.600
v 0.189554 0.845070 0.116472 0.961 0.792 0.686
v 0.345492 0.878031 0.037185 0.859 0.651 0.537
v -0.314877 -0.387715 -0.064940 0.051 0.039 0.031
v 0.301805 0.384506 -0.197507 0.698 0.557 0.443
v -0.138938 -0.144415 -0.189226 0.051 0.039 0.031
v 0.551930 -0.838561 -0.318218 0.859 0.667 0.514
v -0.184845 0.098511 -0.358649 0.831 0.655 0.494
v -0.168853 -0.341484 -0.101855 0.043 0.035 0.027
v -0.571262 -0.700970 -0.119016 0.031 0.024 0.027
v -0.088785 -0.838363 0.010695 0.059 0.055 0.055
v 0.064728 0.577169 0.084307 0.827 0.635 0.541
v 0.331687 0.982266 0.012718 0.431 0.333 0.247
v -0.017361 0.822458 0.076176 0.882 0.710 0.624
v 0.660762 -0.163532 -0.472936 0.851 0.667 0.518
v 0.237940 -1.093151 -0.136233 0.051 0.047 0.035
v 0.528861 -0.677702 -0.286961 0.875 0.698 0.537
v -0.773069 -0.461070 -0.263677 0.847 0.686 0.549
v -0.424472 -0.840786 -0.025189 0.055 0.039 0.035
v -0.655443 -0.000426 -0.319161 0.929 0.737 0.580
v 0.011505 -0.873352 0.011181 0.055 0.039 0.043
v -0.543377 -0.531671 -0.108486 0.031 0.027 0.024
v 0.409424 -0.960705 -0.258419 0.584 0.459 0.376
v 0.456538 -0.544370 -0.242091 0.086 0.063 0.055
v -0.848172 -0.201496 -0.403424 0.663 0.494 0.361
v 0.515017 -0.316787 -0.296253 0.941 0.788 0.627
v -0.027564 0.533155 0.027995 0.929 0.722 0.604
v -0.534252 -0.877329 -0.121750 0.090 0.063 0.063
v -0.067360 1.063970 -0.176299 0.235 0.176 0.118
v -0.471935 -0.456936 -0.062383 0.051 0.035 0.035
v 0.231813 -0.693947 0.013689 0.082 0.063 0.059
v 0.209545 -0.303655 -0.168583 0.039 0.035 0.027
v 0.068860 0.383167 0.046305 0.788 0.373 0.373
v -0.057065 -0.247321 -0.155722 0.051 0.047 0.035
v -0.680557 -0.833157 -0.252047 0.533 0.412 0.345
v -0.361095 -0.634069 0.054891 0.051 0.043 0.039
v -0.594354 -0.059297 -0.277921 0.933 0.769 0.604
v 0.258409 0.936544 0.072579 0.925 0.729 0.627
v -0.301472 -0.502849 0.003716 0.051 0.039 0.035
v 0.108423 -0.905112 -0.001125 0.098 0.082 0.082
v -0.455665 -0.553657 -0.001619 0.047 0.035 0.027
v -0.518520 -0.132148 -0.243721 0.918 0.765 0.620
v 0.265632 -1.056305 -0.152142 0.055 0.043 0.035
v 0.352306 0.794131 0.026565 0.914 0.773 0.655
v -0.245604 0.067768 -0.371367 0.890 0.710 0.537
v 0.061120 -0.784090 0.041032 0.098 0.082 0.078
v -0.633636 -0.473232 -0.230059 0.765 0.588 0.435
v -0.381977 -0.897801 -0.028841 0.031 0.027 0.020
v -0.381653 -0.383983 -0.070477 0.047 0.035 0.031
v 0.267890 0.373580 -0.075945 0.882 0.710 0.588
v 0.329488 -0.554696 -0.101140 0.047 0.035 0.027
v 0.688771 -0.489302 -0.353433 0.878 0.706 0.529
v -0.408725 -0.649085 0.043616 0.055 0.047 0.043
v -0.431821 -0.003359 -0.322766 0.035 0.031 0.020
v -0.021376 -0.374518 -0.100898 0.047 0.039 0.031
v 0.402852 -0.585846 -0.167549 0.082 0.067 0.063
v 0.415351 -0.442293 -0.188371 0.055 0.047 0.035
v -0.222742 -0.114152 -0.206659 0.047 0.043 0.027
v 0.220213 0.557691 0.037311 0.937 0.725 0.600
v -0.048653 0.352715 -0.055534 0.733 0.584 0.510
v 0.048548 -0.000139 -0.274610 0.918 0.745 0.580
v -0.002946 0.730387 0.090531 0.737 0.557 0.467
v -0.381280 -0.178452 -0.189088 0.035 0.031 0.020
v 0.316503 -0.427548 -0.139073 0.043 0.039 0.027
v 0.254855 0.323457 -0.125895 0.722 0.553 0.455
v -0.696266 -0.677534 -0.265433 0.718 0.565 0.459
v 0.082997 -0.573916 -0.002989 0.059 0.047 0.039
v 0.106097 0.475189 0.147787 0.847 0.647 0.573
v -0.734567 -0.035165 -0.321616 0.847 0.659 0.522
v 0.277255 -1.024193 -0.153751 0.102 0.129 0.098
v 0.470402 -1.083993 -0.281608 0.859 0.663 0.533
v 0.262625 -0.871170 -0.038366 0.071 0.055 0.051
v -0.651456 -0.806827 -0.284990 0.141 0.086 0.071
v -0.154376 0.848476 -0.232625 0.278 0.208 0.153
v 0.088952 0.830168 0.117687 0.937 0.745 0.655
v 0.327368 0.491690 -0.097363 0.761 0.584 0.467
v -0.324192 -0.502833 0.004588 0.051 0.035 0.031
v 0.267262 0.201173 -0.416205 0.816 0.627 0.463
v 0.516993 -0.720805 -0.284436 0.867 0.675 0.522
v -0.107664 0.417931 -0.272340 0.647 0.459 0.325
v 0.382261 0.617672 -0.158019 0.765 0.604 0.494
v 0.564752 -0.683098 -0.306358 0.890 0.714 0.553
v -0.061318 0.776836 0.051895 0.839 0.675 0.588
v 0.147545 -0.178284 -0.217817 0.055 0.039 0.027
v 0.432055 -0.061344 -0.489303 0.114 0.094 0.098
v 0.249335 0.231803 -0.315274 0.859 0.686 0.522
v 0.089014 -0.458601 -0.067541 0.051 0.047 0.039
v 0.347314 -0.670796 -0.087133 0.059 0.043 0.031
v 0.282279 0.621769 0.028546 0.557 0.404 0.318
v 0.449344 -0.711175 -0.286197 0.631 0.478 0.349
v 0.271689 0.313073 -0.306401 0.859 0.675 0.522
v -0.131548 0.677194 -0.113275 0.808 0.616 0.510
v 0.197753 -0.358953 -0.134947 0.043 0.035 0.031
v -0.090953 0.242111 -0.274612 0.753 0.596 0.463
v 0.015540 -0.235977 -0.170516 0.051 0.043 0.035
v 0.071175 0.694694 0.102817 0.596 0.424 0.322
v -0.181320 0.597990 -0.296366 0.824 0.592 0.506
v -0.311221 0.023479 -0.329688 0.031 0.024 0.016
v 0.395775 -0.654261 -0.158202 0.063 0.047 0.039
v -0.080941 0.708945 0.018267 0.718 0.549 0.471
v 0.424888 0.776289 -0.136004 0.573 0.443 0.357
v 0.214697 0.899468 0.100401 0.949 0.773 0.663
v -0.788730 -0.448395 -0.270566 0.839 0.682 0.545
v -0.576980 -0.765307 -0.148274 0.020 0.016 0.012
v -0.460118 -0.388265 -0.089192 0.051 0.035 0.031
v 0.450529 -0.907902 -0.257384 0.761 0.584 0.467
v -0.228692 -0.538043 0.012299 0.047 0.035 0.031
v 0.464161 -0.468991 -0.219802 0.886 0.710 0.541
v 0.299954 -0.937737 -0.120902 0.090 0.067 0.075
v 0.377026 0.977603 -0.035493 0.471 0.353 0.251
v -0.449307 0.021340 -0.344865 0.043 0.035 0.027
v -0.569172 -0.494962 -0.160567 0.024 0.020 0.012
v -0.190488 -0.851757 0.010703 0.043 0.039 0.039
v -0.078193 -0.257399 -0.149487 0.055 0.047 0.039
v 0.300309 -0.895202 -0.088107 0.118 0.106 0.098
v -0.796094 -0.526457 -0.276665 0.843 0.675 0.537
v -0.854469 -0.256963 -0.355362 0.667 0.494 0.361
v -0.853322 -0.574685 -0.306825 0.796 0.616 0.475
v -0.306021 -0.733737 0.058012 0.075 0.067 0.063
v -0.901628 -0.626277 -0.342769 0.749 0.561 0.424
v 0.306115 -0.948463 -0.138572 0.075 0.059 0.055
v 0.215603 0.026787 -0.342512 0.859 0.698 0.545
v -0.078240 0.424135 -0.067748 0.765 0.588 0.506
v 0.103103 0.890025 0.110034 0.965 0.792 0.686
v -0.813905 -0.694541 -0.273576 0.847 0.659 0.514
v -0.356972 -0.857685 -0.007151 0.078 0.067 0.067
v 0.463237 -0.272539 -0.297999 0.933 0.784 0.620
v -0.613961 -0.328780 -0.204454 0.824 0.655 0.486
v 0.104955 0.468605 0.138267 0.729 0.525 0.482
v 0.307308 0.924297 0.059033 0.816 0.620 0.522
v -0.805645 -0.102207 -0.379677 0.694 0.502 0.373
v 0.090408 -0.419823 -0.090251 0.047 0.039 0.031
v 0.525230 -0.944586 -0.295669 0.878 0.675 0.525
v -0.170135 -0.497958 -0.020532 0.051 0.039 0.035
v 0.292261 -0.360026 -0.160306 0.051 0.047 0.035
v -0.415171 -0.800151 -0.000834 0.059 0.051 0.055
v 0.091956 -0.766001 0.046558 0.106 0.094 0.094
v 0.515717 -1.022425 -0.292514 0.867 0.663 0.529
v -0.127833 0.795163 -0.124342 0.675 0.533 0.443
v -0.130005 0.486349 -0.174434 0.725 0.545 0.443
v -0.319317 0.040706 -0.349525 0.039 0.031 0.024
v 0.384985 -0.854575 -0.226847 0.125 0.114 0.094
v -0.073646 0.107160 -0.270690 0.851 0.678 0.525
v -0.548874 -0.113564 -0.254998 0.933 0.776 0.608
v -0.026573 0.207831 -0.237566 0.722 0.557 0.424
v 0.316976 0.024664 -0.477494 0.886 0.702 0.537
v 0.515721 -0.649561 -0.279855 0.855 0.671 0.514
v 0.031832 -1.019617 -0.043870 0.043 0.039 0.031
v 0.616490 -0.693135 -0.337956 0.867 0.682 0.525
v -0.025414 0.972754 0.014267 0.749 0.569 0.463
v 0.152728 0.357699 0.006704 0.878 0.678 0.592
v 0.176229 -0.086269 -0.282860 0.902 0.714 0.557
v -0.663291 0.011672 -0.334944 0.918 0.725 0.573
v -0.287401 -0.602126 0.047484 0.051 0.043 0.039
v -0.109307 0.969168 -0.143618 0.329 0.239 0.176
v 0.275277 0.347051 -0.141301 0.694 0.545 0.431
v 0.440744 -0.572088 -0.235054 0.075 0.071 0.063
v -0.085661 0.049228 -0.278656 0.878 0.706 0.549
v 0.336218 -0.450190 -0.141071 0.055 0.047 0.039
v -0.076744 -0.566907 -0.001270 0.047 0.035 0.027
v 0.230108 0.519284 0.035981 0.957 0.753 0.655
v -0.059585 0.331777 -0.087231 0.706 0.541 0.455
v -0.878391 -0.398490 -0.346151 0.663 0.502 0.376
v 0.249680 1.054676 -0.009031 0.290 0.243 0.173
v -0.209216 -0.849623 0.011970 0.039 0.035 0.031
v 0.436889 0.707887 -0.229860 0.455 0.353 0.286
v 0.056801 0.977509 0.063943 0.890 0.694 0.588
v -0.102609 -0.416542 -0.069749 0.055 0.047 0.039
v 0.491004 -0.281850 -0.301946 0.949 0.800 0.631
v 0.519465 -1.056011 -0.302449 0.871 0.663 0.533
v 0.553975 -0.786770 -0.314127 0.863 0.671 0.525
v 0.365183 -0.374796 -0.187017 0.047 0.039 0.027
v -0.390675 0.027246 -0.366957 0.024 0.020 0.016
v -0.010863 0.071280 -0.260659 0.910 0.745 0.576
v 0.478630 -0.753596 -0.280454 0.780 0.600 0.455
v -0.021924 -0.330777 -0.122191 0.047 0.039 0.031
v 0.359437 0.736612 -0.004006 0.851 0.702 0.592
v -0.460508 -0.249020 -0.158311 0.043 0.035 0.027
v 0.408528 -0.649694 -0.187018 0.078 0.055 0.051
v 0.342185 0.496676 -0.174945 0.776 0.604 0.486
v 0.277848 0.655693 0.055615 0.553 0.380 0.282
v -0.123353 0.538892 -0.105092 0.729 0.553 0.467
v 0.281364 -0.044946 -0.363461 0.184 0.145 0.118
v -0.323157 -0.741017 0.055034 0.055 0.055 0.055
v 0.399463 -1.071949 -0.265255 0.612 0.471 0.380
v -0.387890 -0.369757 -0.078430 0.039 0.031 0.024
v -0.639211 -0.208748 -0.238604 0.922 0.761 0.588
v 0.474990 -0.955965 -0.259257 0.855 0.659 0.525
v 0.285673 0.358261 -0.169156 0.647 0.506 0.392
v 0.466351 -0.530491 -0.243800 0.659 0.494 0.365
v 0.219902 -0.730122 0.024013 0.063 0.047 0.043
v 0.238846 0.046520 -0.369490 0.867 0.694 0.533
v -0.123308 0.250817 -0.309456 0.714 0.549 0.404
v -0.484886 -0.005499 -0.315234 0.075 0.039 0.024
v 0.483951 -0.527036 -0.257233 0.729 0.549 0.392
v 0.383768 1.038169 -0.121853 0.302 0.251 0.208
v 0.232131 0.322428 -0.075095 0.859 0.678 0.569
v 0.500179 -0.938955 -0.274327 0.863 0.667 0.522
v 0.450077 -0.873745 -0.262773 0.725 0.549 0.435
v -0.827730 -0.655872 -0.283312 0.843 0.655 0.510
v -0.266335 -0.055052 -0.242795 0.055 0.043 0.031
v -0.376418 -0.878072 -0.022239 0.039 0.031 0.027
v -0.537848 -0.530203 -0.099222 0.051 0.051 0.043
v -0.096286 -0.193966 -0.174322 0.051 0.043 0.031
v 0.427669 0.920587 -0.104429 0.604 0.471 0.380
v 0.244197 0.575224 0.036505 0.922 0.714 0.592
v -0.568201 -0.134007 -0.248052 0.945 0.788 0.620
v -0.587949 -0.647426 -0.140398 0.027 0.027 0.020
v -0.166477 -0.445595 -0.048766 0.047 0.035 0.031
v 0.170957 -0.104164 -0.259231 0.835 0.671 0.596
v -0.123655 0.207922 -0.308898 0.733 0.565 0.424
v -0.118052 0.117748 -0.298722 0.831 0.651 0.510
v 0.204603 0.714882 0.118617 0.914 0.733 0.647
v 0.630464 -0.282394 -0.323815 0.953 0.792 0.643
v 0.048736 0.821758 0.108834 0.953 0.784 0.686
v 0.055082 -0.964426 -0.031772 0.047 0.043 0.039
v -0.174616 -0.147938 -0.188726 0.047 0.043 0.031
v 0.223934 -0.956950 -0.072786 0.102 0.075 0.067
v 0.641714 -0.368793 -0.324207 0.910 0.753 0.584
v -0.850932 -0.642638 -0.296556 0.824 0.635 0.486
v 0.365527 0.990876 -0.033373 0.369 0.275 0.188
v 0.388838 -0.708601 -0.139890 0.067 0.047 0.043
v -0.122700 0.555593 -0.087867 0.718 0.541 0.451
v -0.490039 -0.334683 -0.126118 0.051 0.043 0.035
v -0.133420 0.602233 -0.131179 0.698 0.510 0.420
v -0.101446 -0.274494 -0.140581 0.043 0.031 0.024
v -0.520675 -0.022693 -0.309732 0.945 0.773 0.616
v 0.576713 -0.749557 -0.323873 0.871 0.686 0.529
v 0.646139 -0.538412 -0.332617 0.894 0.725 0.557
v -0.869866 -0.467668 -0.328665 0.714 0.561 0.431
v 0.292144 -0.726345 -0.019408 0.059 0.047 0.047
v -0.178206 -0.912231 0.001022 0.043 0.039 0.035
v 0.008712 -0.664218 0.031551 0.063 0.043 0.043
v 0.633634 -0.422000 -0.322333 0.918 0.753 0.580
v 0.375141 1.007935 -0.066498 0.357 0.286 0.212
v 0.043499 0.061239 -0.261627 0.906 0.741 0.588
v -0.684447 -0.324034 -0.231389 0.886 0.722 0.561
v -0.150981 -0.731587 0.034596 0.082 0.075 0.078
v 0.112156 0.719465 0.123194 0.925 0.757 0.651
v 0.217842 0.473660 0.032563 0.914 0.710 0.612
v 0.405586 0.939064 -0.055760 0.639 0.498 0.400
v 0.009219 0.803998 0.096800 0.914 0.741 0.659
v -0.224992 0.005243 -0.312427 0.894 0.725 0.561
v -0.875432 -0.436176 -0.335578 0.698 0.541 0.412
v 0.160739 0.343450 -0.003535 0.918 0.741 0.627
v 0.246324 0.140622 -0.363225 0.831 0.651 0.482
v -0.507378 -0.642890 -0.014785 0.063 0.055 0.055
v -0.830944 -0.549632 -0.295255 0.831 0.655 0.514
v 0.396550 0.602172 -0.263656 0.776 0.537 0.404
v 0.229943 0.780860 0.110578 0.961 0.780 0.686
v 0.585087 -0.291485 -0.313353 0.937 0.788 0.624
v -0.136367 0.731942 -0.153294 0.675 0.525 0.439
v -0.532367 -0.170800 -0.222196 0.925 0.773 0.612
v 0.666011 -0.703150 -0.369801 0.843 0.655 0.494
v 0.075889 -0.936460 -0.021974 0.059 0.051 0.043
v 0.220407 0.619490 0.043879 0.325 0.216 0.137
v 0.494794 -0.649518 -0.274689 0.816 0.639 0.475
v 0.064760 0.210432 -0.207744 0.608 0.467 0.361
v 0.337175 0.524381 -0.077716 0.765 0.580 0.451
v 0.148028 -0.644996 0.023420 0.051 0.039 0.031
v -0.892651 -0.378075 -0.390111 0.600 0.447 0.318
v -0.078016 -0.282129 -0.138662 0.047 0.039 0.031
v 0.152328 -0.565739 -0.017263 0.047 0.043 0.035
v 0.354689 -0.606460 -0.108517 0.051 0.035 0.031
v -0.248179 0.141973 -0.490032 0.851 0.651 0.482
v -0.151893 0.250700 -0.401161 0.733 0.545 0.388
v -0.606412 -0.722473 -0.196379 0.031 0.027 0.020
v -0.885266 -0.578985 -0.332270 0.718 0.557 0.431
v -0.084632 0.256995 -0.269563 0.749 0.596 0.459
v -0.572515 -0.315740 -0.180662 0.071 0.051 0.047
v -0.445477 -0.298580 -0.126923 0.055 0.043 0.035
v -0.119684 -0.287330 -0.132854 0.043 0.039 0.031
v -0.002928 -0.675420 0.034206 0.063 0.055 0.055
v 0.129528 0.256512 -0.185388 0.596 0.471 0.376
v 0.049733 -0.258242 -0.164809 0.051 0.039 0.027
v 0.191962 -0.369155 -0.128098 0.043 0.035 0.027
v -0.036361 0.301645 -0.204435 0.608 0.463 0.357
v -0.009704 -0.877404 0.003901 0.067 0.051 0.055
v -0.637066 -0.674597 -0.245605 0.031 0.016 0.008
v -0.892567 -0.685769 -0.322305 0.765 0.561 0.424
v 0.505994 -0.270382 -0.310535 0.945 0.792 0.631
v -0.551302 -0.510293 -0.132889 0.027 0.024 0.016
v 0.092075 -0.203018 -0.196281 0.047 0.035 0.024
v 0.252629 -0.631648 -0.019681 0.055 0.043 0.031
v 0.081234 0.985799 0.065815 0.839 0.643 0.545
v -0.232289 -0.614376 0.040492 0.055 0.047 0.043
v -0.119490 0.647643 -0.055297 0.776 0.600 0.502
v -0.494334 -0.269649 -0.155874 0.051 0.035 0.027
v 0.438557 -1.069716 -0.267866 0.800 0.616 0.506
v -0.250331 0.104065 -0.406821 0.851 0.663 0.498
v -0.404240 0.048497 -0.410634 0.031 0.020 0.012
v -0.711185 -0.445847 -0.239706 0.855 0.694 0.553
v -0.347050 0.086605 -0.435490 0.039 0.024 0.020
v 0.054464 0.912198 0.091319 0.929 0.745 0.635
v -0.119377 0.474322 -0.123955 0.761 0.580 0.494
v -0.130346 0.626670 -0.086324 0.780 0.565 0.459
v -0.101639 0.704940 -0.034490 0.784 0.635 0.549
v 0.275732 -0.708982 -0.008012 0.055 0.047 0.039
v -0.750489 -0.690649 -0.266822 0.851 0.675 0.545
v 0.109626 0.476082 0.097295 0.522 0.318 0.298
v -0.407923 -0.018849 -0.310495 0.035 0.031 0.024
v -0.832829 -0.524270 -0.296757 0.816 0.647 0.506
v -0.471547 -0.763819 -0.007951 0.063 0.043 0.043
v -0.902449 -0.448383 -0.399811 0.584 0.431 0.310
v -0.120572 -0.123270 -0.191264 0.071 0.055 0.043
v 0.357473 -0.827997 -0.110438 0.102 0.090 0.082
v -0.098527 0.808836 -0.029399 0.757 0.608 0.522
v -0.189339 -0.533737 0.002135 0.055 0.043 0.035
v 0.261691 0.652739 0.059653 0.710 0.525 0.443
v -0.429611 -0.563853 0.013565 0.051 0.039 0.035
v -0.816967 -0.382347 -0.286140 0.827 0.663 0.522
v 0.431034 0.931714 -0.114706 0.525 0.416 0.322
v -0.484039 0.069407 -0.468101 0.118 0.094 0.102
v 0.416695 0.942257 -0.083083 0.580 0.459 0.349
v -0.442927 -0.691660 0.028353 0.071 0.059 0.059
v -0.618606 -0.879983 -0.054029 0.616 0.467 0.369
v 0.237380 -0.714764 0.015109 0.071 0.055 0.047
v -0.022802 -0.987671 -0.025786 0.043 0.039 0.031
v -0.859020 -0.265744 -0.359923 0.671 0.498 0.365
v 0.659004 -0.181118 -0.418167 0.890 0.714 0.553
v -0.072911 0.464016 -0.038717 0.769 0.596 0.514
v 0.420339 -0.570789 -0.195870 0.090 0.075 0.071
v 0.026361 -0.568717 -0.003542 0.055 0.043 0.039
v -0.005265 -0.057272 -0.275303 0.933 0.749 0.580
v -0.076488 0.625200 0.006655 0.902 0.694 0.573
v -0.156018 0.726300 -0.260291 0.780 0.545 0.431
v 0.459548 -0.387604 -0.240018 0.906 0.733 0.557
v -0.164938 -0.189586 -0.172910 0.047 0.039 0.031
v 0.338607 0.475358 -0.195866 0.749 0.573 0.455
v 0.398927 -0.736470 -0.176617 0.090 0.067 0.055
v -0.490123 -0.353437 -0.120641 0.059 0.043 0.035
v -0.015086 0.602197 0.033884 0.933 0.733 0.600
v 0.707887 -0.305191 -0.367694 0.882 0.710 0.553
v -0.827683 -0.154831 -0.390621 0.659 0.478 0.345
v 0.091992 -0.449403 -0.073229 0.055 0.047 0.039
v -0.081037 -0.504294 -0.027094 0.055 0.039 0.035
v 0.291557 0.366049 -0.312863 0.867 0.682 0.529
v -0.145239 -0.748370 0.032869 0.082 0.075 0.078
v -0.695925 -0.643202 -0.258959 0.776 0.604 0.478
v -0.663130 -0.658552 -0.258125 0.518 0.408 0.318
v 0.311576 -0.293804 -0.205108 0.043 0.039 0.031
v -0.343776 -0.059679 -0.269311 0.031 0.027 0.024
v -0.368557 -0.437916 -0.039471 0.047 0.035 0.027
v -0.321696 -0.880271 -0.004024 0.031 0.027 0.020
v -0.019907 0.731224 0.083893 0.773 0.596 0.522
v -0.104212 0.897402 -0.062273 0.659 0.510 0.427
v -0.160906 0.028223 -0.308570 0.867 0.690 0.537
v -0.385712 -0.135706 -0.218161 0.035 0.031 0.024
v 0.061747 -0.420222 -0.087720 0.055 0.047 0.039
v -0.150934 0.784873 -0.197934 0.302 0.212 0.145
v 0.314805 -1.007103 -0.210479 0.125 0.110 0.106
v -0.104511 0.878335 -0.052048 0.659 0.510 0.435
v -0.253158 -0.846589 0.013909 0.059 0.047 0.047
v -0.091721 0.593697 -0.005373 0.855 0.659 0.545
v 0.592142 -0.471755 -0.304940 0.925 0.761 0.588
v 0.062658 0.889336 0.101561 0.941 0.769 0.663
v -0.543358 -0.369317 -0.153640 0.059 0.035 0.027
v -0.048340 -0.844190 0.013980 0.063 0.051 0.055
v 0.479674 -0.823119 -0.277876 0.800 0.612 0.475
v 0.225445 0.215613 -0.290315 0.871 0.706 0.541
v 0.265197 0.091692 -0.402652 0.875 0.686 0.529
v -0.309119 -0.284993 -0.120348 0.043 0.039 0.031
v 0.371259 -0.340002 -0.205741 0.051 0.043 0.031
v 0.290056 -0.074842 -0.345596 0.047 0.039 0.024
v 0.129388 -0.692142 0.040205 0.071 0.063 0.055
v -0.662299 -0.784431 -0.294527 0.220 0.157 0.122
v -0.252968 -0.366871 -0.080193 0.047 0.039 0.031
v 0.390122 -0.518714 -0.154038 0.051 0.047 0.031
v -0.202980 -0.023151 -0.270231 0.894 0.682 0.533
v 0.390387 -1.024059 -0.268168 0.490 0.380 0.302
v -0.511550 -0.763393 -0.045841 0.059 0.055 0.047
v -0.889839 -0.430068 -0.364322 0.620 0.463 0.341
v 0.011414 0.034673 -0.268318 0.906 0.737 0.576
v 0.495556 -0.457239 -0.255192 0.855 0.671 0.486
v -0.444519 -0.352576 -0.099447 0.047 0.039 0.031
v -0.416374 -0.433307 -0.051863 0.051 0.043 0.035
v 0.176362 -0.153037 -0.237694 0.047 0.039 0.027
v -0.298643 -0.709186 0.062825 0.071 0.063 0.063
v -0.102390 -0.301628 -0.127584 0.047 0.043 0.035
v -0.315365 0.014300 -0.321170 0.024 0.012 0.008
v -0.088392 -0.618973 0.017197 0.059 0.051 0.047
v 0.576857 -0.310856 -0.309801 0.937 0.788 0.620
v -0.080783 -0.397861 -0.081592 0.051 0.047 0.039
v 0.408363 0.880297 -0.055932 0.733 0.584 0.482
v -0.384262 -0.799817 0.014065 0.098 0.078 0.078
v -0.462155 -0.414150 -0.077936 0.055 0.039 0.035
v 0.029906 -0.365669 -0.112408 0.051 0.043 0.035
v -0.316422 0.032529 -0.340279 0.031 0.024 0.016
v 0.098697 0.575874 0.117264 0.969 0.780 0.682
v -0.280805 0.028190 -0.328644 0.463 0.380 0.329
v 0.306737 -0.248094 -0.229951 0.043 0.035 0.024
v 0.673111 -0.463457 -0.342488 0.898 0.729 0.553
v 0.136272 0.106060 -0.269898 0.906 0.757 0.596
v 0.378968 -0.427653 -0.173813 0.043 0.039 0.031
v -0.056907 0.946954 -0.005604 0.776 0.604 0.502
v 0.254283 0.988999 0.050608 0.502 0.388 0.290
v 0.218317 0.011372 -0.347220 0.875 0.710 0.557
v 0.082684 0.264059 0.005374 0.824 0.596 0.510
v 0.073943 -0.752172 0.045437 0.090 0.082 0.086
v -0.526262 -0.838262 -0.091721 0.110 0.094 0.082
v -0.006346 -0.197662 -0.183177 0.055 0.039 0.035
v 0.420710 0.772627 -0.126817 0.576 0.439 0.357
v 0.441561 0.698069 -0.256587 0.357 0.267 0.204
v 0.287452 0.405586 -0.081982 0.878 0.702 0.588
v -0.136780 0.632159 -0.138312 0.706 0.518 0.416
v 0.012583 0.975999 0.044213 0.812 0.627 0.529
v -0.122668 -0.364869 -0.095468 0.047 0.039 0.031
v 0.007921 -0.881596 0.005023 0.063 0.055 0.055
v -0.770324 -0.155572 -0.295574 0.843 0.671 0.506
v 0.310176 -0.276192 -0.214343 0.043 0.035 0.024
v -0.584850 -0.052952 -0.282549 0.941 0.773 0.612
v -0.375955 -0.731168 0.047376 0.059 0.051 0.047
v -0.437787 -0.228964 -0.163780 0.043 0.035 0.024
v 0.077073 0.473122 0.095247 0.565 0.361 0.333
v -0.698500 -0.304194 -0.239372 0.886 0.718 0.561
v -0.876132 -0.575623 -0.324776 0.725 0.553 0.439
v 0.658117 -0.167392 -0.448509 0.878 0.698 0.537
v 0.305377 0.988390 0.024054 0.408 0.322 0.227
v 0.572829 -0.708671 -0.314777 0.875 0.694 0.537
v 0.230369 0.076248 -0.356127 0.827 0.659 0.498
v -0.847823 -0.237007 -0.354482 0.678 0.506 0.369
v -0.026207 -0.512184 -0.027240 0.047 0.035 0.031
v -0.360224 -0.721826 0.054019 0.047 0.047 0.039
v -0.796020 -0.078404 -0.389844 0.694 0.502 0.388
v -0.879592 -0.603268 -0.324024 0.737 0.557 0.416
v -0.215002 -0.012471 -0.283566 0.886 0.671 0.510
v 0.415976 -0.677415 -0.214883 0.067 0.051 0.055
v 0.192002 -0.674140 0.023214 0.055 0.043 0.039
v -0.143298 0.159243 -0.330226 0.718 0.545 0.400
v -0.219792 -0.479998 -0.020312 0.043 0.035 0.031
v -0.338474 -0.702877 0.061101 0.047 0.043 0.039
v 0.405880 -0.816851 -0.256381 0.133 0.118 0.102
v 0.011918 -0.204568 -0.183080 0.055 0.039 0.031
v -0.187675 -0.685387 0.042548 0.071 0.051 0.055
v 0.307722 -1.024865 -0.205870 0.169 0.153 0.157
v -0.059254 0.728998 0.055742 0.780 0.604 0.525
v 0.367452 -0.908695 -0.227838 0.129 0.102 0.106
v 0.026165 0.614484 0.045465 0.894 0.706 0.600
v 0.292330 0.031210 -0.431812 0.898 0.722 0.549
v -0.135204 0.793604 -0.150798 0.600 0.459 0.380
v -0.749096 -0.040675 -0.332407 0.816 0.624 0.498
v -0.586540 -0.137812 -0.248598 0.933 0.773 0.600
v 0.380021 -0.922693 -0.275011 0.329 0.259 0.212
v 0.410768 -0.720156 -0.215797 0.086 0.055 0.067
v -0.130276 0.671501 -0.102628 0.796 0.600 0.490
v -0.613310 -0.533678 -0.216327 0.047 0.024 0.016
v -0.868464 -0.628335 -0.311457 0.796 0.608 0.467
v 0.309290 0.858213 0.066718 0.925 0.749 0.631
v 0.329211 -0.431378 -0.144708 0.051 0.047 0.035
v 0.274769 -0.626915 -0.035831 0.051 0.043 0.035
v 0.351740 0.529200 -0.166880 0.765 0.596 0.478
v 0.312684 -0.723874 -0.038294 0.051 0.043 0.039
v 0.422978 -0.739458 -0.259203 0.031 0.020 0.024
v 0.457542 -0.535033 -0.237289 0.098 0.075 0.055
v -0.787117 -0.725467 -0.266058 0.843 0.659 0.525
v -0.914571 -0.560523 -0.381249 0.592 0.439 0.318
v 0.012965 0.699370 0.075772 0.486 0.306 0.220
v 0.305921 0.771771 0.068563 0.898 0.702 0.592
v -0.053964 0.338341 -0.071771 0.737 0.569 0.494
v 0.005038 0.866153 0.080217 0.890 0.718 0.620
v 0.311115 0.403704 -0.152170 0.761 0.588 0.475
v -0.208126 -0.682326 0.047717 0.059 0.047 0.047
v 0.387317 -0.027968 -0.523223 0.122 0.114 0.118
v 0.361809 0.565511 -0.133424 0.776 0.604 0.490
v -0.541144 -0.197390 -0.211634 0.878 0.737 0.576
v -0.134979 0.838176 -0.145433 0.486 0.380 0.306
v 0.209439 -0.579648 -0.026398 0.059 0.047 0.039
v -0.134132 0.631957 -0.116590 0.722 0.525 0.427
v 0.416705 -0.699780 -0.222649 0.075 0.051 0.047
v -0.190177 0.069890 -0.346144 0.855 0.671 0.510
v -0.653440 -0.131225 -0.253893 0.914 0.757 0.588
v -0.091584 0.481337 -0.059674 0.761 0.596 0.506
v 0.466903 -1.022403 -0.264933 0.859 0.659 0.529
v -0.496118 -0.776089 -0.035108 0.086 0.063 0.063
v -0.189084 -0.144236 -0.190696 0.047 0.043 0.035
v 0.334708 -0.764980 -0.062440 0.055 0.043 0.039
v -0.200590 -0.059903 -0.218971 0.078 0.047 0.031
v -0.063152 -0.280544 -0.140615 0.047 0.039 0.035
v -0.021354 -0.975159 -0.022687 0.039 0.035 0.027
v 0.379505 -0.906898 -0.276020 0.137 0.118 0.102
v 0.303707 -0.628535 -0.057222 0.055 0.043 0.031
v 0.096739 0.565462 0.122009 0.969 0.784 0.690
v 0.437525 0.797895 -0.154068 0.478 0.369 0.282
v -0.117902 0.223762 -0.301061 0.745 0.580 0.439
v -0.570612 -0.840605 -0.147795 0.086 0.067 0.051
v -0.318545 -0.252878 -0.138581 0.039 0.035 0.027
v -0.100862 -0.954480 -0.011277 0.039 0.031 0.027
v -0.421022 -0.814503 -0.009757 0.125 0.106 0.106
v -0.753190 -0.199218 -0.276188 0.871 0.698 0.537
v -0.152739 0.869333 -0.241715 0.275 0.204 0.161
v 0.246795 0.325208 -0.094754 0.835 0.635 0.529
v 0.671213 -0.207644 -0.391126 0.890 0.714 0.553
v 0.367071 -0.922148 -0.247973 0.125 0.094 0.098
v 0.388860 -0.634729 -0.144090 0.063 0.047 0.039
v -0.135706 0.224873 -0.329481 0.702 0.522 0.376
v -0.299415 -0.404940 -0.055725 0.047 0.039 0.031
v -0.001538 -0.718457 0.037781 0.063 0.047 0.051
v -0.619605 -0.754270 -0.232941 0.039 0.024 0.016
v 0.231337 -0.524462 -0.061793 0.051 0.039 0.035
v -0.047651 0.098754 -0.262622 0.918 0.757 0.592
v 0.384952 0.683225 -0.105553 0.824 0.655 0.533
v 0.169153 -0.159211 -0.231958 0.055 0.043 0.031
v 0.132345 -0.213683 -0.198480 0.051 0.043 0.027
v 0.023396 0.387582 0.025788 0.675 0.329 0.298
v 0.437723 -0.313274 -0.258970 0.635 0.557 0.502
v -0.062478 0.040078 -0.269574 0.890 0.706 0.541
v 0.362617 -0.920897 -0.224330 0.227 0.227 0.227
v -0.300830 -0.869165 0.004213 0.031 0.027 0.027
v 0.571005 -0.375751 -0.304754 0.929 0.769 0.596
v -0.826582 -0.443165 -0.292050 0.820 0.659 0.522
v 0.424382 -0.671089 -0.231744 0.082 0.047 0.051
v 0.229796 -0.751772 0.021810 0.075 0.071 0.063
v 0.215108 -0.481701 -0.076197 0.051 0.043 0.031
v -0.849780 -0.450201 -0.307740 0.773 0.604 0.478
v 0.288701 0.371354 -0.128359 0.765 0.592 0.478
v 0.350170 0.743614 0.016483 0.890 0.729 0.620
v -0.439283 -0.811708 -0.018554 0.090 0.067 0.067
v -0.137025 0.162812 -0.322047 0.741 0.573 0.431
v -0.327122 -0.321737 -0.100484 0.047 0.035 0.027
v -0.826741 -0.643824 -0.284952 0.843 0.659 0.514
v 0.190941 0.634022 0.037548 0.588 0.431 0.353
v 0.141266 0.186512 -0.242246 0.922 0.761 0.608
v -0.856235 -0.544392 -0.311731 0.784 0.612 0.475
v -0.097464 0.378162 -0.138060 0.682 0.518 0.420
v -0.184304 0.575557 -0.291189 0.820 0.557 0.490
v -0.471981 -0.562959 -0.007595 0.051 0.039 0.031
v 0.009669 -0.928350 -0.013463 0.039 0.031 0.027
v -0.605399 -0.683927 -0.180049 0.024 0.020 0.012
v -0.199379 -0.256531 -0.140910 0.043 0.039 0.031
v 0.269077 -0.828534 -0.021179 0.078 0.063 0.059
v 0.496234 -0.131225 -0.406869 0.902 0.718 0.573
v -0.435991 -0.890273 -0.053481 0.086 0.067 0.071
v 0.072152 1.047109 0.005997 0.333 0.251 0.176
v 0.431521 -0.152794 -0.353171 0.051 0.043 0.027
v 0.178508 0.341574 -0.012611 0.918 0.753 0.639
v 0.531638 -0.510044 -0.275411 0.914 0.737 0.561
v 0.114242 0.918833 0.102659 0.969 0.792 0.686
v 0.137469 -0.578781 -0.006347 0.063 0.047 0.043
v 0.036060 -0.022274 -0.278701 0.906 0.725 0.561
v -0.162054 -0.581152 0.014494 0.055 0.047 0.043
v 0.110106 -0.289738 -0.157780 0.047 0.035 0.031
v 0.173555 -0.855869 0.016041 0.071 0.067 0.055
v 0.073838 -0.424955 -0.086190 0.047 0.043 0.035
v -0.067549 0.870685 0.014874 0.816 0.651 0.537
v 0.001065 -1.008746 -0.034858 0.047 0.039 0.035
v 0.285935 -0.399126 -0.138339 0.043 0.039 0.024
v 0.422805 0.788095 -0.119113 0.541 0.412 0.314
v -0.042696 1.044763 -0.093158 0.498 0.369 0.278
v 0.711654 -0.222984 -0.449532 0.839 0.659 0.506
v -0.138141 0.635655 -0.230006 0.765 0.584 0.486
v -0.110571 0.740813 -0.066855 0.800 0.643 0.545
v 0.212131 -0.132287 -0.260565 0.043 0.035 0.020
v 0.063067 0.056181 -0.264746 0.902 0.741 0.588
v 0.414221 0.714446 -0.157253 0.655 0.510 0.416
v -0.187317 -0.231143 -0.153849 0.039 0.035 0.027
v 0.353458 -0.702310 -0.087436 0.055 0.043 0.035
v 0.348346 -0.176147 -0.296163 0.035 0.031 0.016
v 0.179874 1.000054 0.065912 0.592 0.455 0.353
v 0.599837 -0.751680 -0.337427 0.867 0.678 0.525
v -0.782226 -0.659314 -0.270041 0.843 0.663 0.525
v -0.548593 -0.538930 -0.114205 0.031 0.027 0.020
v 0.175591 -0.906083 -0.018133 0.082 0.071 0.063
v 0.000752 0.906443 0.066366 0.894 0.718 0.616
v -0.528999 -0.392910 -0.139198 0.059 0.043 0.035
v -0.112100 -0.761922 0.029999 0.090 0.075 0.078
v 0.441665 -0.456575 -0.203058 0.141 0.106 0.098
v 0.043759 0.649435 0.054211 0.588 0.408 0.333
v 0.574137 -0.251404 -0.324797 0.945 0.788 0.631
v -0.137303 -0.484384 -0.032305 0.047 0.035 0.031
v 0.055222 0.305812 0.014384 0.941 0.733 0.627
v -0.202356 -0.477792 -0.024584 0.051 0.043 0.035
v 0.308069 -0.742997 -0.033226 0.055 0.039 0.035
v 0.384648 -0.544959 -0.144989 0.055 0.043 0.039
v 0.052478 0.245665 -0.012543 0.671 0.459 0.380
v 0.596719 -0.679671 -0.324725 0.878 0.702 0.541
v 0.122592 0.175667 -0.237951 0.918 0.769 0.624
v -0.006903 0.137889 -0.245708 0.851 0.682 0.537
v -0.621439 -0.266782 -0.215655 0.886 0.718 0.553
v 0.072525 -0.722051 0.045316 0.078 0.071 0.071
v 0.276539 -0.832716 -0.028666 0.094 0.078 0.075
v 0.396705 0.697441 -0.125425 0.792 0.635 0.525
v -0.575073 -0.625240 -0.123146 0.039 0.039 0.035
v -0.888493 -0.476210 -0.351775 0.651 0.498 0.373
v 0.240040 -0.729890 0.015639 0.067 0.051 0.043
v -0.197362 -0.786202 0.037367 0.090 0.082 0.078
v -0.482756 0.013000 -0.329853 0.114 0.071 0.043
v -0.157398 0.772070 -0.223186 0.369 0.271 0.208
v -0.026941 -1.012458 -0.030354 0.035 0.031 0.027
v -0.667215 -0.724994 -0.286282 0.380 0.290 0.220
v -0.070285 -0.299974 -0.131180 0.043 0.031 0.027
v -0.153161 -0.072862 -0.222897 0.933 0.741 0.592
v -0.649338 -0.563821 -0.236767 0.647 0.506 0.384
v -0.451347 -0.173995 -0.196933 0.039 0.031 0.020
v -0.351687 -0.337891 -0.092012 0.043 0.031 0.024
v 0.054944 0.522288 0.110210 0.800 0.600 0.522
v -0.620732 -0.740101 -0.234179 0.043 0.031 0.031
v 0.006603 -0.052441 -0.277359 0.937 0.745 0.580
v -0.288619 0.061755 -0.382255 0.867 0.686 0.541
v -0.008350 -0.093182 -0.255414 0.941 0.749 0.580
v 0.052942 -0.693847 0.041155 0.078 0.063 0.063
v 0.372939 -0.859853 -0.181227 0.137 0.106 0.098
v 0.416377 -0.917486 -0.261664 0.580 0.443 0.357
v 0.260019 0.520037 0.024567 0.929 0.706 0.588
v -0.025896 0.252333 -0.227023 0.710 0.565 0.435
v 0.235635 -0.985684 -0.095780 0.047 0.031 0.027
v -0.760735 -0.415654 -0.256427 0.855 0.698 0.557
v 0.377185 -1.088452 -0.274770 0.400 0.322 0.263
v -0.834293 -0.190928 -0.364686 0.706 0.525 0.388
v -0.527709 0.060484 -0.447072 0.871 0.678 0.549
v 0.188753 0.888558 0.108907 0.965 0.788 0.682
v 0.572421 -0.739003 -0.319464 0.875 0.686 0.529
v -0.140278 0.282591 -0.363357 0.706 0.525 0.376
v -0.257887 -0.139505 -0.200984 0.035 0.031 0.024
v -0.000173 -1.022622 -0.037382 0.031 0.027 0.020
v -0.586826 -0.164369 -0.239351 0.937 0.776 0.604
v 0.157878 -0.415684 -0.098309 0.047 0.039 0.031
v 0.355741 -0.282549 -0.229080 0.039 0.031 0.020
v -0.261879 0.115286 -0.429084 0.820 0.631 0.475
v -0.312969 -0.519982 0.014947 0.063 0.047 0.043
v -0.613237 -0.799634 -0.215905 0.063 0.051 0.051
v -0.251097 -0.570743 0.030804 0.051 0.039 0.031
v -0.262659 -0.290494 -0.119186 0.039 0.035 0.024
v -0.111741 0.385875 -0.289903 0.761 0.561 0.420
v -0.576427 0.033559 -0.363212 0.949 0.757 0.604
v 0.225997 -1.071739 -0.120371 0.039 0.035 0.027
v 0.380441 1.008690 -0.077801 0.361 0.286 0.220
v -0.137761 -0.232864 -0.156985 0.047 0.043 0.035
v 0.590953 -0.214640 -0.348391 0.925 0.749 0.588
v -0.068556 -0.241885 -0.157062 0.051 0.039 0.031
v -0.019850 0.626738 0.036914 0.871 0.671 0.545
v 0.299921 -0.157263 -0.285644 0.043 0.031 0.024
v -0.142053 0.218767 -0.344149 0.694 0.514 0.369
v 0.399716 -0.308510 -0.233649 0.039 0.031 0.020
v -0.666265 -0.626419 -0.249888 0.631 0.490 0.388
v -0.193264 -0.037787 -0.249355 0.922 0.722 0.569
v -0.691628 -0.843809 -0.168783 0.737 0.561 0.463
v 0.384740 -0.179429 -0.309659 0.035 0.031 0.016
v -0.180166 -0.604779 0.026147 0.043 0.035 0.031
v 0.436783 0.633328 -0.289844 0.949 0.788 0.686
v 0.131184 0.866084 0.118470 0.973 0.796 0.690
v -0.276496 -0.657352 0.060747 0.067 0.055 0.055
v -0.693545 -0.110357 -0.261852 0.910 0.761 0.592
v -0.522895 -0.448358 -0.116456 0.035 0.031 0.024
v -0.148315 -0.825862 0.014305 0.063 0.055 0.051
v 0.229017 0.549663 0.035980 0.941 0.725 0.608
v 0.112898 0.041312 -0.277909 0.918 0.757 0.596
v -0.178222 0.727580 -0.307174 0.871 0.663 0.565
v -0.055227 0.394207 -0.043432 0.745 0.565 0.498
v 0.427346 -0.704614 -0.247233 0.090 0.067 0.059
v -0.219168 -0.246294 -0.144308 0.039 0.031 0.027
v -0.054862 0.321656 -0.084573 0.718 0.553 0.467
v -0.012076 0.746411 0.094239 0.565 0.408 0.310
v 0.257437 -1.000915 -0.120210 0.071 0.063 0.055
v 0.240058 0.121720 -0.358432 0.820 0.643 0.478
v 0.311515 0.406514 -0.331095 0.831 0.659 0.514
v 0.299027 -0.411490 -0.138003 0.055 0.043 0.035
v 0.427230 -0.458362 -0.192227 0.082 0.067 0.051
v -0.374322 -0.373394 -0.075158 0.043 0.031 0.027
v 0.398795 0.993737 -0.095231 0.396 0.318 0.243
v 0.469949 -1.001361 -0.261140 0.859 0.663 0.533
v -0.039783 -0.450115 -0.059006 0.051 0.043 0.039
v -0.270836 0.099237 -0.416018 0.851 0.655 0.498
v 0.050889 0.460243 0.065593 0.780 0.608 0.522
v 0.229256 -0.613260 -0.016970 0.055 0.047 0.039
v -0.045311 0.480493 0.005384 0.812 0.612 0.522
v -0.138102 0.658646 -0.161810 0.714 0.525 0.427
v -0.477785 -0.377729 -0.102761 0.051 0.039 0.031
v 0.387185 -0.348394 -0.208554 0.055 0.047 0.035
v -0.710085 -0.209145 -0.257489 0.898 0.733 0.569
v -0.665782 -0.103555 -0.258531 0.925 0.773 0.608
v -0.122144 0.894578 -0.109084 0.471 0.353 0.263
v -0.035704 0.285572 -0.081908 0.655 0.490 0.396
v 0.623765 -0.647967 -0.336039 0.878 0.702 0.541
v -0.119177 0.570221 -0.060547 0.745 0.561 0.467
v -0.229343 -0.429048 -0.047645 0.043 0.035 0.027
v -0.192285 0.024666 -0.320709 0.878 0.698 0.537
v -0.618213 -0.840575 -0.228589 0.180 0.263 0.141
v 0.371462 -0.163777 -0.316860 0.035 0.027 0.020
v -0.231542 -0.288505 -0.122791 0.043 0.039 0.027
v 0.545722 -0.538270 -0.282425 0.906 0.733 0.569
v 0.516004 -0.124180 -0.420255 0.902 0.714 0.557
v 0.134922 0.522296 0.117390 0.859 0.651 0.561
v 0.045853 0.123675 -0.240438 0.882 0.714 0.576
v 0.273076 0.448258 -0.018472 0.886 0.702 0.600
v 0.332811 0.630528 -0.012298 0.855 0.690 0.569
v 0.017440 0.362410 0.012682 0.800 0.620 0.529
v 0.382172 -0.744973 -0.129260 0.063 0.047 0.035
v 0.050555 1.005971 0.045728 0.639 0.471 0.376
v -0.270521 -0.455702 -0.027899 0.039 0.035 0.027
v 0.165170 -0.641047 0.018614 0.063 0.043 0.039
v -0.266545 -0.133817 -0.205494 0.035 0.031 0.024
v -0.120193 0.516638 -0.102290 0.769 0.592 0.502
v 0.455006 -0.639978 -0.277315 0.557 0.424 0.294
v -0.861634 -0.428610 -0.320628 0.737 0.569 0.451
v -0.674874 -0.788462 -0.297129 0.329 0.243 0.188
v -0.108292 -0.698662 0.032433 0.067 0.063 0.063
v 0.463844 0.803229 -0.239454 0.310 0.235 0.176
v -0.585318 -0.362899 -0.194222 0.059 0.035 0.027
v 0.313375 -0.170926 -0.283548 0.031 0.027 0.016
v 0.518919 -0.791123 -0.293396 0.867 0.675 0.522
v 0.052222 -0.778745 0.040216 0.098 0.090 0.094
v -0.305904 0.074832 -0.402544 0.780 0.608 0.514
v -0.132093 0.563692 -0.148680 0.741 0.561 0.467
v -0.129278 0.828442 -0.124195 0.620 0.498 0.420
v 0.424864 0.667610 -0.225619 0.396 0.271 0.188
v 0.129118 0.224471 -0.215194 0.843 0.702 0.569
v 0.654760 -0.420403 -0.332031 0.906 0.749 0.573
v -0.588811 -0.507424 -0.181084 0.031 0.016 0.012
v -0.060638 1.005934 -0.059663 0.647 0.522 0.420
v 0.434899 -0.975295 -0.252995 0.753 0.573 0.471
v 0.167600 -0.432281 -0.090280 0.055 0.043 0.035
v -0.127097 0.548366 -0.116904 0.733 0.553 0.471
v 0.656898 -0.547537 -0.339267 0.894 0.722 0.549
v 0.056424 1.079674 -0.050542 0.298 0.231 0.161
v 0.206239 0.470093 0.036464 0.922 0.718 0.616
v -0.169038 -0.006418 -0.291329 0.878 0.690 0.541
v 0.211722 0.055833 -0.333366 0.875 0.714 0.565
v -0.135808 0.744224 -0.153550 0.643 0.498 0.412
v 0.195848 -0.726704 0.032843 0.075 0.059 0.055
v 0.405970 0.769366 -0.085145 0.698 0.537 0.443
v -0.444539 -0.425609 -0.064713 0.051 0.035 0.031
v 0.476213 -0.706990 -0.276291 0.776 0.596 0.455
v 0.285842 0.462114 -0.023766 0.863 0.671 0.569
v -0.576782 -0.675934 -0.122622 0.020 0.016 0.016
v -0.130054 0.485850 -0.206080 0.678 0.498 0.392
v 0.689262 -0.282767 -0.354815 0.910 0.745 0.580
v 0.455903 -0.771387 -0.281280 0.694 0.525 0.408
v 0.131296 0.383767 0.033928 0.663 0.310 0.298
v 0.298368 0.541548 0.006560 0.922 0.725 0.592
v 0.400784 0.985026 -0.089484 0.388 0.306 0.216
v -0.640139 -0.578175 -0.233110 0.545 0.427 0.325
v 0.080489 -0.073835 -0.270893 0.941 0.737 0.573
v -0.131622 0.610664 -0.101146 0.710 0.518 0.416
v 0.166231 -0.063272 -0.299762 0.906 0.725 0.565
v 0.089762 0.557350 0.125296 0.902 0.710 0.620
v 0.053738 0.325567 0.018057 0.843 0.651 0.549
v -0.503634 -0.757308 -0.033852 0.075 0.059 0.059
v -0.880158 -0.508948 -0.337447 0.698 0.545 0.420
v 0.299594 -0.975032 -0.152665 0.078 0.055 0.055
v -0.434139 0.024514 -0.355224 0.031 0.027 0.020
v -0.274900 -0.170417 -0.185675 0.035 0.031 0.024
v 0.255398 -0.680520 -0.002560 0.055 0.039 0.035
v 0.326645 -0.731598 -0.052818 0.059 0.047 0.051
v 0.603165 -0.234879 -0.336126 0.937 0.769 0.608
v -0.580004 -0.655716 -0.125880 0.031 0.024 0.020
v -0.284704 -0.035859 -0.263253 0.043 0.035 0.031
v -0.165566 0.591103 -0.279513 0.710 0.529 0.459
v 0.262282 0.732300 0.099739 0.925 0.745 0.655
v -0.579466 -0.388131 -0.190656 0.043 0.024 0.016
v 0.460707 -0.451945 -0.220005 0.906 0.725 0.557
v 0.086909 0.100921 -0.255994 0.882 0.718 0.576
v 0.112652 -0.686127 0.039759 0.059 0.043 0.039
v -0.781558 -0.622711 -0.270148 0.843 0.667 0.529
v 0.369262 0.952780 -0.002457 0.651 0.494 0.396
v 0.109843 -0.857811 0.023353 0.071 0.063 0.063
v 0.404289 -1.060237 -0.261719 0.635 0.490 0.396
v 0.125622 0.497150 0.140792 0.902 0.702 0.631
v -0.246129 -0.049437 -0.236741 0.059 0.047 0.039
v -0.530127 -0.443205 -0.127292 0.047 0.035 0.031
v -0.528508 -0.854834 -0.108852 0.043 0.020 0.020
v 0.422256 -1.014327 -0.255663 0.718 0.549 0.447
v -0.006918 1.028032 -0.028230 0.529 0.396 0.310
v 0.282037 0.590712 0.023307 0.906 0.698 0.565
v 0.409374 -0.628863 -0.184419 0.086 0.063 0.059
v 0.049628 -0.317145 -0.137413 0.043 0.039 0.031
v -0.094990 0.941097 -0.073307 0.529 0.400 0.310
v 0.080417 0.015080 -0.272827 0.922 0.761 0.596
v 0.119827 -0.231191 -0.187950 0.043 0.031 0.024
v 0.273823 -0.362998 -0.151943 0.039 0.035 0.024
v -0.216228 -0.699778 0.049899 0.063 0.055 0.055
v -0.589025 -0.662835 -0.143477 0.031 0.020 0.012
v -0.000054 -1.052983 -0.042327 0.047 0.043 0.035
v -0.711228 -0.247305 -0.252486 0.902 0.737 0.576
v -0.534095 0.024035 -0.352654 0.949 0.776 0.612
v 0.281560 0.681077 0.076635 0.855 0.675 0.573
v 0.401335 0.646833 -0.181097 0.635 0.510 0.424
v -0.538990 -0.854895 -0.118105 0.035 0.012 0.008
v 0.055677 0.480363 0.071984 0.631 0.471 0.416
v -0.442136 -0.249681 -0.153485 0.043 0.035 0.027
v 0.219838 0.289358 -0.110911 0.667 0.514 0.408
v 0.407019 0.827133 -0.061264 0.733 0.573 0.475
v 0.133407 0.769053 0.126716 0.953 0.780 0.682
v -0.645994 -0.056853 -0.273940 0.953 0.796 0.635
v -0.177087 -0.214126 -0.162101 0.043 0.035 0.031
v 0.459637 -0.695237 -0.280477 0.706 0.541 0.404
v 0.135807 -0.353482 -0.128208 0.039 0.031 0.024
v -0.598552 -0.681537 -0.163807 0.031 0.024 0.020
v -0.214606 -0.902268 0.003928 0.035 0.031 0.024
v 0.131398 0.539515 0.115846 0.890 0.702 0.612
v 0.370280 -0.090105 -0.389329 0.043 0.035 0.024
v 0.456634 0.909431 -0.178025 0.376 0.286 0.216
v 0.001771 0.250211 -0.058299 0.529 0.380 0.302
v -0.746752 -0.426209 -0.250846 0.851 0.690 0.549
v 0.517979 -0.356884 -0.288311 0.941 0.784 0.612
v -0.528181 -0.275326 -0.166008 0.067 0.055 0.047
v 0.455394 0.969082 -0.207969 0.290 0.208 0.149
v 0.441330 0.925155 -0.140360 0.486 0.392 0.306
v 0.183182 -0.650741 0.017674 0.051 0.043 0.035
v -0.276124 -0.226740 -0.153127 0.035 0.027 0.024
v -0.431667 -0.059612 -0.272552 0.039 0.035 0.024
v -0.255722 -0.158888 -0.190061 0.035 0.031 0.024
v -0.150578 0.814098 -0.202993 0.282 0.192 0.118
v -0.534585 -0.491035 -0.113778 0.031 0.027 0.020
v -0.442265 0.053520 -0.413898 0.039 0.027 0.024
v 0.381322 0.683713 -0.095209 0.816 0.647 0.522
v -0.278657 -0.018040 -0.270348 0.047 0.035 0.027
v 0.014115 -0.487730 -0.043824 0.051 0.039 0.035
v -0.130550 0.928294 -0.173145 0.361 0.271 0.204
v -0.129721 0.952651 -0.202122 0.337 0.259 0.196
v -0.324772 -0.091883 -0.242794 0.035 0.031 0.024
v -0.054358 -0.737061 0.033161 0.075 0.055 0.063
v 0.372101 -0.717149 -0.110023 0.055 0.047 0.035
v -0.624451 -0.701656 -0.231319 0.024 0.020 0.012
v 0.307885 -0.817645 -0.049427 0.071 0.059 0.063
v 0.060534 0.641214 0.056209 0.678 0.522 0.431
v -0.135891 0.668236 -0.131874 0.800 0.604 0.506
v 0.300113 -0.393831 -0.146567 0.043 0.039 0.031
v 0.420371 -0.721941 -0.238010 0.071 0.047 0.043
v 0.082115 0.297597 0.015056 0.937 0.729 0.631
v 0.228827 0.022476 -0.357401 0.867 0.702 0.541
v -0.033978 -0.542982 -0.012979 0.051 0.035 0.035
v -0.865205 -0.251798 -0.394746 0.624 0.451 0.318
v 0.510576 -0.448611 -0.266975 0.898 0.714 0.529
v 0.421012 -0.340420 -0.229454 0.075 0.059 0.043
v 0.059956 0.365156 0.045509 0.773 0.373 0.341
v -0.390437 0.056965 -0.422152 0.035 0.031 0.024
v -0.640981 -0.134878 -0.252428 0.918 0.761 0.592
v 0.433576 0.655703 -0.245731 0.753 0.549 0.459
v 0.502768 -0.292434 -0.300973 0.945 0.792 0.631
v -0.703743 -0.383583 -0.234892 0.875 0.710 0.565
v 0.114005 -0.000493 -0.286303 0.890 0.729 0.561
v 0.105266 -0.211427 -0.194558 0.055 0.043 0.031
v -0.201110 0.639437 -0.331050 0.847 0.580 0.506
v 0.364393 -0.301300 -0.223422 0.051 0.043 0.031
v -0.246734 -0.171217 -0.182926 0.035 0.031 0.024
v 0.327528 -0.980293 -0.208973 0.133 0.102 0.094
v -0.354805 -0.874912 -0.013249 0.031 0.027 0.020
v -0.623903 -0.662418 -0.216222 0.016 0.012 0.004
v 0.464809 -0.315513 -0.276235 0.933 0.769 0.604
v 0.482508 -0.459161 -0.240330 0.851 0.663 0.478
v 0.467204 -0.988743 -0.258062 0.859 0.663 0.529
v -0.329695 -0.005702 -0.306455 0.027 0.024 0.016
v 0.001991 -0.289971 -0.143574 0.047 0.039 0.031
v 0.312135 -0.049569 -0.382747 0.071 0.059 0.043
v 0.455510 0.827607 -0.201151 0.278 0.204 0.149
v -0.668378 -0.293254 -0.229652 0.890 0.722 0.561
v -0.907058 -0.485354 -0.398839 0.580 0.431 0.310
v -0.044623 0.316053 -0.067153 0.718 0.541 0.467
v 0.127432 0.160851 -0.247153 0.918 0.773 0.624
v 0.272302 0.258020 -0.357529 0.784 0.608 0.451
v -0.021675 0.068871 -0.261697 0.914 0.749 0.580
v 0.003653 -0.403245 -0.090268 0.047 0.039 0.035
v 0.330992 0.012729 -0.495111 0.463 0.376 0.357
v 0.278940 0.107588 -0.450228 0.827 0.627 0.463
v -0.232800 0.138388 -0.431442 0.761 0.576 0.416
v -0.529503 -0.813593 -0.089116 0.067 0.059 0.059
v -0.447778 -0.745873 0.012388 0.078 0.067 0.063
v -0.296625 0.039156 -0.341807 0.071 0.035 0.020
v 0.387608 0.479620 -0.270018 0.933 0.714 0.584
v 0.008726 0.999547 0.024060 0.643 0.486 0.388
v 0.661584 -0.176619 -0.431496 0.886 0.710 0.553
v -0.708662 -0.690244 -0.268846 0.761 0.600 0.486
v 0.202261 -0.060450 -0.313234 0.902 0.725 0.565
v 0.406126 -0.570822 -0.170176 0.078 0.071 0.075
v -0.612629 -0.700458 -0.202402 0.024 0.020 0.012
v 0.171987 -0.079679 -0.289777 0.906 0.718 0.557
v 0.519024 -0.740191 -0.287963 0.863 0.671 0.525
v -0.628030 -0.759457 -0.250169 0.047 0.027 0.016
v -0.569687 -0.564102 -0.139457 0.024 0.020 0.012
v 0.523941 -0.541627 -0.272888 0.890 0.710 0.537
v 0.336447 -0.992992 -0.243102 0.078 0.047 0.039
v 0.072083 -0.056306 -0.274923 0.957 0.761 0.588
v 0.312328 -0.940213 -0.139610 0.098 0.082 0.078
v 0.007316 0.044625 -0.266032 0.902 0.737 0.573
v -0.226367 -0.462595 -0.028819 0.051 0.035 0.031
v 0.427786 -1.072936 -0.265024 0.765 0.588 0.482
v 0.443670 -0.628986 -0.263523 0.125 0.082 0.071
v -0.279516 -0.207473 -0.164166 0.039 0.031 0.024
v 0.283588 -1.003240 -0.150217 0.059 0.051 0.055
v 0.204554 0.629247 0.040078 0.533 0.416 0.357
v 0.093942 0.781353 0.123721 0.949 0.773 0.682
v 0.343402 -0.110628 -0.349673 0.043 0.039 0.024
v -0.124487 0.023721 -0.290041 0.914 0.733 0.576
v -0.839351 -0.181387 -0.400573 0.667 0.486 0.353
v -0.675095 -0.846019 -0.233027 0.561 0.427 0.357
v -0.705630 -0.791611 -0.251198 0.675 0.522 0.427
v 0.132786 -0.539093 -0.027599 0.059 0.047 0.043
v 0.231195 1.015436 0.041000 0.361 0.290 0.216
v -0.536554 -0.812080 -0.097571 0.075 0.075 0.075
v 0.654341 -0.449463 -0.331572 0.906 0.745 0.569
v -0.649412 -0.727941 -0.280862 0.259 0.184 0.149
v -0.905996 -0.558092 -0.362408 0.612 0.459 0.337
v -0.553003 -0.227058 -0.197360 0.929 0.765 0.600
v 0.357290 0.575117 -0.100848 0.816 0.612 0.486
v -0.907966 -0.667192 -0.339880 0.733 0.545 0.400
v 0.397711 0.684884 -0.138484 0.733 0.588 0.486
v 0.186945 -1.034082 -0.092625 0.035 0.031 0.024
v -0.921240 -0.676878 -0.352459 0.757 0.557 0.412
v -0.609176 -0.696871 -0.192739 0.031 0.027 0.020
v 0.546837 -0.349180 -0.300641 0.945 0.780 0.616
v -0.056718 0.648243 0.018148 0.843 0.651 0.518
v 0.002793 -0.127166 -0.215780 0.933 0.737 0.573
v -0.393854 -0.865392 -0.025674 0.067 0.051 0.051
v 0.233224 -0.244453 -0.206936 0.039 0.035 0.024
v -0.175438 -0.694931 0.039532 0.063 0.055 0.051
v -0.401748 -0.876179 -0.032890 0.090 0.075 0.071
v 0.331927 0.594103 -0.028298 0.894 0.714 0.576
v 0.299804 -0.789231 -0.032760 0.059 0.043 0.039
v 0.339205 -0.208620 -0.268609 0.039 0.031 0.020
v -0.167870 -0.561789 0.008538 0.047 0.043 0.035
v 0.695941 -0.483884 -0.358704 0.878 0.702 0.529
v 0.173519 0.243133 -0.233710 0.875 0.714 0.576
v 0.119368 -0.831398 0.034882 0.075 0.063 0.063
v 0.456266 -0.526265 -0.230459 0.114 0.090 0.075
v 0.257074 0.207627 -0.348664 0.824 0.647 0.478
v -0.678914 -0.649574 -0.258131 0.659 0.514 0.408
v -0.142509 0.262377 -0.359341 0.706 0.525 0.384
v -0.770174 -0.040442 -0.378706 0.745 0.545 0.431
v -0.358355 -0.327151 -0.098169 0.043 0.035 0.027
v 0.141153 -0.663869 0.030364 0.059 0.047 0.039
v 0.176896 -0.816935 0.031098 0.078 0.063 0.063
v -0.590702 -0.079447 -0.269774 0.933 0.773 0.604
v -0.809215 -0.141760 -0.344721 0.725 0.553 0.427
v 0.657175 -0.169993 -0.437592 0.882 0.706 0.549
v 0.313301 1.010105 -0.004442 0.408 0.341 0.259
v 0.029665 0.395259 0.033549 0.353 0.059 0.047
v 0.093407 0.539827 0.136938 0.980 0.792 0.702
v 0.117665 -0.865095 0.018470 0.071 0.059 0.059
v -0.634092 -0.182766 -0.243442 0.918 0.757 0.588
v 0.425223 0.760234 -0.148695 0.667 0.514 0.424
v -0.728545 -0.014174 -0.343099 0.820 0.631 0.502
v 0.325316 -0.286627 -0.214924 0.043 0.039 0.027
v -0.628237 -0.035099 -0.286424 0.957 0.792 0.635
v -0.619661 -0.340541 -0.208649 0.816 0.647 0.478
v 0.089735 0.054729 -0.269711 0.910 0.757 0.596
v -0.171992 -0.232908 -0.154259 0.051 0.047 0.039
v 0.165156 0.009042 -0.308807 0.894 0.733 0.580
v -0.019659 0.670444 0.044563 0.302 0.255 0.180
v -0.794676 -0.098395 -0.355286 0.725 0.537 0.416
v -0.134108 0.554518 -0.169798 0.753 0.573 0.475
v 0.409954 -0.513396 -0.174694 0.055 0.051 0.035
v -0.596582 -0.889237 -0.024663 0.510 0.369 0.275
v 0.264525 0.185409 -0.395105 0.855 0.671 0.502
v 0.390373 -0.196151 -0.298566 0.047 0.039 0.027
v 0.622275 -0.829396 -0.358197 0.863 0.655 0.502
v 0.476310 -0.439387 -0.235755 0.902 0.722 0.533
v -0.355620 -0.425148 -0.045411 0.043 0.035 0.027
v -0.766640 -0.574685 -0.266005 0.851 0.682 0.545
v -0.496637 -0.689348 -0.006779 0.071 0.055 0.051
v -0.131701 -0.245128 -0.151954 0.051 0.043 0.039
v 0.364416 0.566220 -0.154088 0.761 0.588 0.471
v -0.030457 0.844848 0.060860 0.890 0.718 0.624
v -0.024081 -0.280073 -0.144527 0.047 0.043 0.031
v -0.077591 0.404465 -0.076339 0.745 0.580 0.498
v 0.252897 0.844173 0.099080 0.949 0.769 0.663
v -0.062338 0.142381 -0.263206 0.875 0.706 0.553
v -0.478210 -0.824195 -0.046984 0.098 0.075 0.075
v -0.000743 1.078861 -0.111814 0.416 0.341 0.282
v -0.223803 0.120799 -0.402696 0.824 0.639 0.467
v 0.219735 -0.643296 0.001054 0.051 0.043 0.031
v -0.130793 0.756120 -0.138506 0.678 0.529 0.443
v 0.571115 -0.447183 -0.298451 0.925 0.757 0.580
v 0.432810 -0.695213 -0.274704 0.031 0.016 0.012
v 0.057959 0.999496 0.052292 0.741 0.557 0.463
v 0.275323 0.346072 -0.291139 0.843 0.663 0.506
v 0.096534 -0.095763 -0.256802 0.941 0.749 0.584
v -0.497706 -0.523146 -0.048161 0.051 0.039 0.039
v -0.724025 -0.287934 -0.250804 0.894 0.725 0.565
v -0.140415 -0.569418 0.006152 0.047 0.039 0.035
v 0.319389 -0.814572 -0.059274 0.090 0.075 0.063
v 0.202209 0.497839 0.042804 0.910 0.698 0.600
v -0.615135 -0.357718 -0.208692 0.776 0.592 0.427
v 0.013227 -0.728809 0.039647 0.063 0.047 0.043
v -0.767890 -0.292086 -0.268032 0.882 0.710 0.553
v 0.109082 1.012264 0.052455 0.510 0.380 0.294
v -0.329960 0.085302 -0.425768 0.043 0.027 0.020
v -0.140069 0.670581 -0.187406 0.753 0.553 0.455
v -0.139874 -0.838205 0.010719 0.043 0.035 0.039
v -0.155664 -0.491422 -0.026515 0.051 0.039 0.035
v -0.136652 0.677763 -0.152094 0.784 0.580 0.490
v 0.293254 -0.245752 -0.226549 0.047 0.039 0.027
v 0.189278 0.148246 -0.284428 0.906 0.753 0.576
v 0.287316 0.889071 0.075894 0.941 0.745 0.639
v 0.097086 0.392024 0.057550 0.612 0.255 0.251
v 0.044064 -0.822271 0.030058 0.075 0.063 0.063
v 0.215490 0.234180 -0.271560 0.902 0.741 0.576
v 0.388582 0.960905 -0.040026 0.569 0.451 0.349
v -0.769355 -0.700527 -0.268934 0.847 0.667 0.529
v 0.188954 -0.164077 -0.237199 0.051 0.035 0.024
v -0.234186 -0.511653 0.000047 0.055 0.047 0.043
v 0.191403 0.786374 0.120913 0.973 0.808 0.718
v -0.126020 -0.110300 -0.193811 0.078 0.059 0.047
v -0.328672 -0.731025 0.057413 0.063 0.047 0.047
v 0.637404 -0.272534 -0.328406 0.957 0.796 0.643
v 0.080075 -0.279550 -0.158149 0.047 0.039 0.035
v -0.131622 0.911194 -0.159526 0.353 0.263 0.184
v -0.725329 -0.097665 -0.278708 0.898 0.733 0.576
v -0.519308 -0.769700 -0.058333 0.039 0.031 0.035
v 0.317774 -0.226120 -0.248976 0.035 0.031 0.020
v -0.019757 -0.964563 -0.019868 0.047 0.039 0.035
v -0.471636 -0.083571 -0.252131 0.067 0.055 0.043
v 0.078741 0.410088 0.069198 0.710 0.325 0.306
v -0.586966 -0.799757 -0.169753 0.035 0.027 0.024
v -0.312732 -0.487481 -0.004507 0.047 0.035 0.027
v 0.379914 -0.445209 -0.168618 0.051 0.047 0.031
v 0.489232 -0.463512 -0.248580 0.843 0.655 0.471
v -0.778705 -0.260586 -0.278516 0.875 0.698 0.537
v 0.677508 -0.399169 -0.342667 0.882 0.718 0.553
v -0.194140 -0.003623 -0.298704 0.882 0.678 0.525
v -0.554013 -0.827304 -0.120891 0.004 0.000 0.000
v -0.778229 -0.408309 -0.264879 0.867 0.714 0.573
v 0.465392 0.841202 -0.241581 0.282 0.224 0.176
v 0.253193 -0.440393 -0.107557 0.051 0.043 0.035
v -0.496029 0.059801 -0.408273 0.667 0.502 0.400
v -0.626990 -0.883069 -0.037997 0.616 0.455 0.357
v -0.275454 -0.471246 -0.017708 0.051 0.035 0.031
v 0.226540 -0.709620 0.019305 0.067 0.051 0.043
v -0.133263 0.561846 -0.162190 0.753 0.573 0.471
v -0.891137 -0.449919 -0.362648 0.631 0.471 0.353
v -0.221752 -0.310548 -0.112582 0.039 0.035 0.027
v 0.061569 0.496463 0.124048 0.753 0.569 0.518
v 0.062730 -0.828766 0.031943 0.078 0.063 0.063
v -0.063161 -0.451136 -0.055375 0.051 0.039 0.035
v 0.288611 0.538416 0.014266 0.922 0.702 0.573
v -0.093821 -0.937378 -0.007930 0.047 0.043 0.035
v -0.300443 -0.424599 -0.044280 0.051 0.035 0.031
v -0.770320 -0.305687 -0.267329 0.875 0.702 0.545
v 0.465344 0.789625 -0.271640 0.251 0.200 0.149
v -0.383058 0.092268 -0.494497 0.055 0.043 0.039
v -0.552855 -0.807215 -0.117087 0.059 0.051 0.055
v 0.263534 0.051793 -0.397414 0.878 0.706 0.549
v -0.473687 -0.705931 0.008678 0.047 0.031 0.035
v 0.439104 0.884247 -0.128144 0.498 0.392 0.310
v -0.177587 -0.261160 -0.140755 0.043 0.035 0.031
v 0.387963 0.529968 -0.268426 0.827 0.553 0.439
v -0.692928 -0.234264 -0.248671 0.902 0.737 0.576
v -0.456897 -0.611260 0.017275 0.059 0.043 0.043
v 0.064746 -0.264646 -0.163485 0.055 0.047 0.035
v 0.547397 -0.249730 -0.324604 0.945 0.788 0.624
v -0.117339 0.878047 -0.084499 0.494 0.365 0.275
v -0.106509 0.542985 -0.046735 0.765 0.588 0.502
v -0.863344 -0.470252 -0.320170 0.741 0.588 0.463
v 0.085799 -0.170461 -0.206314 0.051 0.035 0.024
v -0.770313 -0.171063 -0.290997 0.843 0.671 0.506
v -0.490546 0.069267 -0.486941 0.114 0.078 0.078
v 0.141817 -0.779029 0.044105 0.082 0.071 0.063
v 0.113257 -0.239259 -0.183111 0.055 0.043 0.035
v 0.386616 -0.420874 -0.179704 0.039 0.035 0.024
v -0.720582 -0.839981 -0.177236 0.776 0.596 0.490
v -0.379725 -0.117993 -0.230286 0.035 0.031 0.024
v 0.319459 0.446863 -0.124017 0.812 0.635 0.522
v -0.443346 -0.762655 0.007672 0.071 0.067 0.059
v -0.101309 0.803706 -0.038032 0.749 0.604 0.510
v 0.132565 1.005123 0.060642 0.561 0.435 0.333
v -0.648753 -0.309586 -0.219264 0.882 0.714 0.549
v -0.489416 -0.544707 -0.027461 0.047 0.039 0.035
v -0.133575 0.778254 -0.146431 0.584 0.447 0.369
v 0.159971 -0.095317 -0.269586 0.914 0.725 0.573
v -0.652064 -0.331414 -0.218837 0.871 0.702 0.549
v 0.277480 0.948754 0.062667 0.843 0.643 0.553
v 0.432959 -0.083196 -0.426357 0.118 0.110 0.114
v 0.387793 -0.731752 -0.137711 0.071 0.047 0.035
v -0.066268 0.494280 -0.012520 0.800 0.624 0.541
v -0.352413 -0.348594 -0.086409 0.035 0.031 0.024
v 0.497890 -0.221302 -0.334891 0.941 0.776 0.620
v -0.700611 -0.577253 -0.249978 0.831 0.671 0.533
v -0.695483 -0.096808 -0.265913 0.918 0.765 0.600
v 0.268352 0.326909 -0.290610 0.859 0.678 0.522
v 0.442944 0.877803 -0.138227 0.373 0.278 0.200
v -0.236278 -0.155402 -0.190189 0.039 0.035 0.024
v -0.648155 -0.097408 -0.258928 0.929 0.776 0.608
v -0.079136 0.779193 0.022796 0.769 0.612 0.522
v 0.098776 0.130589 -0.247864 0.886 0.725 0.584
v -0.012132 0.714720 0.075869 0.659 0.459 0.369
v 0.185133 -0.741153 0.036790 0.078 0.071 0.063
v 0.108677 -0.185099 -0.207050 0.059 0.043 0.031
v 0.301949 0.497433 -0.016533 0.890 0.694 0.584
v -0.055366 0.068570 -0.267107 0.902 0.733 0.561
v -0.292827 -0.413805 -0.050798 0.047 0.035 0.027
v -0.134579 0.859794 -0.145204 0.443 0.345 0.267
v 0.281726 -0.266129 -0.209028 0.047 0.035 0.024
v -0.056695 0.526582 0.009335 0.859 0.659 0.561
v -0.590338 -0.454749 -0.201107 0.035 0.027 0.024
v -0.486994 -0.239141 -0.169175 0.043 0.031 0.024
v -0.194132 -0.174610 -0.178942 0.051 0.039 0.031
v 0.744553 -0.399524 -0.441862 0.765 0.596 0.427
v 0.425453 -0.128481 -0.367165 0.047 0.047 0.027
v 0.296179 0.502315 -0.004356 0.906 0.706 0.588
v -0.166652 0.101622 -0.340021 0.745 0.569 0.424
v 0.444730 -0.064147 -0.489467 0.110 0.094 0.098
v 0.026618 0.635938 0.047837 0.745 0.537 0.431
v -0.487877 0.018443 -0.338157 0.227 0.122 0.094
v 0.149107 -0.935900 -0.029255 0.078 0.059 0.055
v -0.096785 0.707609 -0.023776 0.769 0.608 0.518
v 0.329392 0.713193 0.040427 0.894 0.733 0.635
v -0.171142 -0.479936 -0.029505 0.039 0.031 0.027
v -0.129806 0.484083 -0.194692 0.694 0.518 0.416
v -0.608848 -0.459592 -0.219430 0.537 0.400 0.263
v -0.122565 0.566723 -0.070504 0.722 0.541 0.443
v -0.086263 0.960784 -0.066345 0.541 0.412 0.314
v 0.370227 -0.581183 -0.127811 0.055 0.047 0.035
v -0.091948 0.679378 -0.013243 0.824 0.651 0.537
v 0.546915 -0.849853 -0.315540 0.867 0.663 0.514
v 0.437122 -0.629432 -0.252913 0.086 0.063 0.063
v -0.437754 -0.271265 -0.140485 0.047 0.035 0.027
v -0.121157 0.439971 -0.175133 0.678 0.506 0.408
v 0.166280 0.041262 -0.304254 0.898 0.749 0.580
v 0.322147 -0.464265 -0.127444 0.051 0.047 0.039
v -0.566932 0.014912 -0.338588 0.945 0.765 0.608
v -0.103210 0.694294 -0.036632 0.776 0.624 0.525
v -0.099870 0.958683 -0.105715 0.392 0.286 0.204
v -0.132132 0.587277 -0.186989 0.722 0.533 0.443
v 0.215101 0.200791 -0.284750 0.882 0.722 0.553
v -0.424700 -0.478681 -0.028456 0.043 0.035 0.027
v 0.353613 -1.069951 -0.281793 0.161 0.137 0.106
v -0.602388 -0.884111 -0.043647 0.541 0.392 0.314
v 0.400648 0.505655 -0.288585 0.855 0.600 0.490
v 0.559872 -0.585749 -0.293660 0.902 0.733 0.565
v -0.121604 0.544755 -0.091786 0.718 0.545 0.455
v -0.181264 -0.542927 0.004545 0.059 0.047 0.039
v -0.179498 0.623071 -0.290905 0.792 0.576 0.490
v -0.161260 -0.528833 -0.007230 0.051 0.039 0.035
v 0.208202 0.682860 0.097401 0.584 0.420 0.341
v 0.453195 -0.153596 -0.370834 0.067 0.071 0.055
v 0.447078 0.721129 -0.258109 0.333 0.259 0.204
v -0.554128 -0.253840 -0.184872 0.455 0.341 0.263
v -0.333460 -0.899429 -0.012322 0.039 0.031 0.035
v 0.380218 0.922794 -0.003740 0.765 0.600 0.502
v -0.285938 -0.837313 0.016410 0.039 0.031 0.035
v 0.410185 0.757120 -0.108855 0.710 0.565 0.475
v -0.316386 -0.534539 0.023302 0.047 0.035 0.031
v -0.309311 -0.784894 0.041027 0.086 0.067 0.071
v -0.395856 -0.138551 -0.216281 0.035 0.031 0.024
v 0.038310 -0.172354 -0.196976 0.039 0.031 0.016
v 0.041500 0.232722 -0.069423 0.596 0.424 0.310
v 0.413268 0.870148 -0.065608 0.733 0.576 0.478
v 0.382150 -0.896863 -0.267189 0.176 0.157 0.141
v 0.262276 -1.047549 -0.144869 0.047 0.039 0.035
v 0.602167 -0.259045 -0.323461 0.957 0.800 0.643
v -0.395891 -0.230906 -0.156313 0.039 0.031 0.024
v -0.060998 0.518798 0.003636 0.855 0.655 0.557
v 0.278380 -0.790594 -0.014067 0.071 0.063 0.059
v 0.289856 -0.290057 -0.198218 0.047 0.039 0.031
v 0.384073 -0.099123 -0.385060 0.043 0.035 0.024
v -0.544026 -0.794610 -0.102923 0.078 0.075 0.067
v -0.375700 -0.284525 -0.121098 0.051 0.043 0.035
v 0.433615 -0.451730 -0.196838 0.063 0.039 0.027
v 0.388019 -0.792765 -0.161416 0.075 0.051 0.059
v 0.423869 -0.747463 -0.267632 0.031 0.008 0.008
v 0.361320 -0.816111 -0.109044 0.075 0.067 0.071
v 0.138177 0.503307 0.118630 0.863 0.647 0.561
v 0.079820 0.200822 -0.212248 0.733 0.592 0.467
v -0.103735 -0.852400 0.007696 0.043 0.035 0.039
v 0.107654 -0.544859 -0.019645 0.055 0.047 0.039
v -0.406109 -0.040765 -0.291234 0.035 0.031 0.020
v -0.153730 -0.201174 -0.168969 0.047 0.043 0.035
v 0.272568 -0.029910 -0.374724 0.886 0.714 0.553
v -0.158255 -0.318487 -0.114313 0.039 0.035 0.027
v -0.572208 -0.762722 -0.139387 0.047 0.031 0.027
v 0.312666 0.034997 -0.488431 0.871 0.686 0.525
v 0.512375 -1.104168 -0.300017 0.871 0.667 0.537
v 0.317733 -1.086477 -0.261100 0.114 0.102 0.075
v 0.019773 0.057763 -0.262605 0.906 0.749 0.584
v -0.262780 0.051446 -0.362140 0.890 0.714 0.549
v 0.361338 -0.430717 -0.162840 0.047 0.035 0.031
v -0.295273 0.014836 -0.311943 0.043 0.027 0.020
v 0.053907 -0.019114 -0.277053 0.918 0.733 0.569
v -0.129787 0.694984 -0.117792 0.820 0.635 0.533
v -0.455177 -0.462785 -0.049954 0.043 0.031 0.027
v -0.125285 0.456573 -0.163989 0.714 0.541 0.451
v 0.248066 -0.449567 -0.101759 0.047 0.039 0.031
v -0.567793 -0.036428 -0.294568 0.945 0.773 0.608
v -0.151066 0.145226 -0.337297 0.702 0.529 0.384
v -0.065932 -0.380680 -0.092173 0.047 0.039 0.031
v 0.322137 1.059832 -0.077198 0.247 0.200 0.129
v 0.348364 -0.297569 -0.218897 0.043 0.035 0.020
v -0.200259 0.739550 -0.332613 0.663 0.349 0.263
v 0.411106 0.606395 -0.282527 0.584 0.314 0.220
v 0.044175 0.496477 0.076542 0.733 0.533 0.478
v 0.137198 -0.482196 -0.058131 0.055 0.047 0.039
v -0.460333 -0.814373 -0.032107 0.110 0.098 0.094
v -0.104438 -0.447342 -0.053489 0.055 0.047 0.039
v -0.113913 -0.954803 -0.010596 0.039 0.039 0.031
v 0.102682 0.454909 0.082738 0.776 0.569 0.494
v -0.195592 -0.011951 -0.290249 0.902 0.702 0.541
v -0.717521 -0.645206 -0.259536 0.831 0.659 0.525
v 0.532615 -0.490708 -0.276241 0.910 0.737 0.557
v -0.695612 -0.004685 -0.328461 0.886 0.702 0.565
v 0.296509 0.469635 -0.032713 0.863 0.678 0.573
v -0.023957 -0.049236 -0.272067 0.902 0.702 0.525
v -0.458254 -0.840347 -0.044168 0.067 0.043 0.047
v -0.403611 -0.768663 0.020573 0.071 0.063 0.063
v 0.361813 0.729554 -0.013334 0.859 0.710 0.596
v 0.064046 0.472121 0.077462 0.659 0.482 0.431
v -0.783161 -0.287370 -0.276110 0.875 0.698 0.541
v -0.335144 -0.091840 -0.244781 0.031 0.027 0.020
v -0.614501 -0.734861 -0.219792 0.035 0.020 0.016
v 0.377171 -0.462133 -0.161053 0.047 0.039 0.031
v -0.118970 0.093808 -0.298764 0.843 0.667 0.529
v 0.395821 -0.781663 -0.190830 0.039 0.024 0.024
v 0.152281 0.643270 0.068694 0.851 0.698 0.580
v -0.388938 -0.817235 0.007235 0.114 0.106 0.106
v 0.268695 0.168276 -0.423972 0.820 0.624 0.455
v 0.067283 -0.701765 0.043399 0.075 0.063 0.059
v 0.617271 -0.625851 -0.329780 0.878 0.710 0.541
v -0.689415 -0.346725 -0.231616 0.878 0.714 0.553
v -0.104735 0.232477 -0.287021 0.749 0.588 0.447
v 0.021574 -0.919311 -0.011208 0.051 0.051 0.043
v 0.190684 -0.823925 0.025035 0.063 0.051 0.043
v -0.577200 -0.095124 -0.264013 0.937 0.776 0.608
v 0.082652 -0.516117 -0.032298 0.047 0.039 0.035
v -0.482723 0.056077 -0.395715 0.086 0.051 0.035
v -0.295496 -0.379021 -0.069924 0.047 0.035 0.027
v -0.385353 -0.600805 0.039931 0.059 0.047 0.047
v 0.339528 -0.642655 -0.084679 0.055 0.039 0.031
v -0.135259 0.625314 -0.184773 0.710 0.522 0.424
v 0.449332 -0.117929 -0.387529 0.067 0.063 0.047
v 0.412757 0.528323 -0.293664 0.886 0.647 0.549
v 0.274219 -0.074046 -0.335152 0.071 0.055 0.039
v 0.041743 -0.516547 -0.029264 0.055 0.043 0.039
v 0.160666 0.582423 0.067306 0.906 0.722 0.608
v -0.568501 0.041951 -0.376720 0.941 0.745 0.592
v 0.399258 -0.567326 -0.158491 0.067 0.059 0.051
v -0.635628 -0.694894 -0.247295 0.031 0.016 0.012
v -0.031256 0.298637 -0.053826 0.725 0.549 0.467
v -0.338618 -0.033364 -0.287788 0.031 0.024 0.024
v 0.127370 -0.838055 0.032322 0.075 0.067 0.063
v -0.753865 -0.050362 -0.329101 0.812 0.627 0.502
v 0.425910 -0.589031 -0.212433 0.071 0.063 0.063
v -0.166810 -0.298845 -0.123233 0.047 0.039 0.031
v 0.454904 0.765988 -0.231298 0.306 0.231 0.165
v 0.422527 0.626380 -0.253389 0.796 0.565 0.443
v 0.639695 -0.172410 -0.412805 0.890 0.710 0.545
v 0.054800 0.575241 0.074802 0.843 0.647 0.549
v -0.149234 0.202897 -0.356212 0.694 0.514 0.361
v 0.284425 -0.314623 -0.182006 0.047 0.039 0.031
v -0.830052 -0.676687 -0.282571 0.847 0.659 0.518
v -0.345475 -0.489613 -0.004610 0.055 0.043 0.035
v 0.335094 0.489973 -0.140649 0.792 0.631 0.498
v -0.723472 -0.161042 -0.267589 0.886 0.722 0.561
v 0.207571 -0.562967 -0.034635 0.047 0.035 0.027
v 0.088887 -0.713978 0.045624 0.086 0.075 0.071
v -0.552993 -0.577820 -0.102138 0.027 0.024 0.020
v 0.309280 -0.342480 -0.176525 0.082 0.075 0.063
v 0.638797 -0.157768 -0.440525 0.890 0.710 0.561
v -0.717282 -0.144017 -0.266203 0.890 0.733 0.569
v -0.948926 -0.652846 -0.421778 0.580 0.431 0.325
v -0.631039 -0.194829 -0.239882 0.922 0.761 0.588
v 0.262453 -0.852854 -0.028216 0.063 0.051 0.043
v -0.283619 0.038680 -0.348212 0.839 0.659 0.545
v -0.061658 -0.695971 0.033264 0.051 0.039 0.043
v -0.130310 -0.188609 -0.174703 0.047 0.039 0.027
v -0.034682 0.758553 0.080277 0.573 0.404 0.310
v -0.032420 0.381940 -0.023028 0.769 0.604 0.510
v -0.040641 0.895586 0.035739 0.851 0.694 0.580
v -0.712798 -0.859423 -0.151940 0.741 0.569 0.471
v 0.384109 -0.366358 -0.198790 0.043 0.039 0.027
v 0.423920 -0.773549 -0.286016 0.118 0.071 0.039
v 0.287325 0.980222 0.041484 0.486 0.376 0.275
v -0.142464 0.594947 -0.253367 0.729 0.537 0.439
v -0.151828 -0.220151 -0.161500 0.043 0.035 0.027
v -0.719636 -0.773532 -0.252962 0.745 0.573 0.467
v 0.005787 0.777668 0.101955 0.914 0.737 0.659
v -0.243689 -0.693305 0.056202 0.082 0.067 0.063
v -0.712826 -0.475355 -0.242929 0.859 0.690 0.549
v -0.318349 -0.454999 -0.025421 0.051 0.039 0.031
v 0.302633 0.386266 -0.163456 0.725 0.584 0.459
v 0.187643 -0.720395 0.034398 0.067 0.055 0.051
v 0.011774 0.425608 0.037379 0.761 0.580 0.498
v -0.323700 -0.188058 -0.178761 0.031 0.027 0.020
v 0.189773 0.048600 -0.317328 0.882 0.725 0.569
v -0.019184 0.003912 -0.272074 0.906 0.733 0.557
v 0.184690 -0.895142 -0.013884 0.078 0.063 0.067
v -0.085383 1.015587 -0.123012 0.380 0.282 0.208
v 0.015008 -0.944409 -0.019730 0.047 0.043 0.043
v 0.496464 -0.918493 -0.273907 0.863 0.663 0.522
v -0.635781 -0.831260 -0.265154 0.145 0.114 0.086
v -0.504837 -0.773827 -0.043685 0.082 0.067 0.067
v -0.442502 -0.567221 0.009611 0.051 0.039 0.035
v 0.267909 -0.328817 -0.168662 0.047 0.035 0.027
v 0.330378 0.737615 0.044517 0.902 0.745 0.643
v 0.326301 -0.115530 -0.332784 0.039 0.031 0.020
v 0.003698 0.263658 -0.027538 0.647 0.471 0.392
v -0.387769 -0.510104 -0.000491 0.051 0.035 0.035
v -0.813253 -0.184667 -0.326740 0.776 0.596 0.459
v -0.384141 -0.153682 -0.205853 0.035 0.027 0.020
v -0.240466 -0.941940 -0.002790 0.063 0.059 0.051
v 0.326167 -1.002732 -0.229922 0.102 0.078 0.078
v 0.210625 0.745269 0.119981 0.957 0.776 0.686
v 0.688661 -0.373177 -0.348527 0.886 0.718 0.549
v 0.061778 0.390665 0.047850 0.412 0.055 0.043
v -0.679323 -0.832193 -0.263601 0.502 0.388 0.329
v 0.070489 0.587516 0.084494 0.812 0.616 0.525
v -0.026159 -0.132459 -0.203991 0.702 0.573 0.518
v 0.008037 -0.074408 -0.271616 0.949 0.773 0.608
v -0.651272 -0.874785 -0.083881 0.784 0.557 0.435
v -0.636342 -0.706972 -0.254570 0.043 0.020 0.020
v 0.237664 0.344582 -0.063060 0.882 0.702 0.584
v 0.047141 1.057291 -0.019471 0.345 0.267 0.176
v -0.123456 0.527432 -0.111854 0.753 0.573 0.482
v 0.272075 -0.677301 -0.014314 0.055 0.039 0.031
v 0.363986 -0.015318 -0.494199 0.129 0.118 0.110
v 0.176961 -0.551026 -0.031803 0.059 0.043 0.039
v -0.481648 -0.548658 -0.020580 0.047 0.039 0.035
v 0.558509 -0.432132 -0.294282 0.933 0.761 0.584
v -0.795157 -0.579901 -0.275702 0.839 0.663 0.533
v -0.091767 -0.409872 -0.074024 0.055 0.047 0.043
v 0.255734 -0.376126 -0.140243 0.039 0.035 0.024
v 0.304151 1.034080 -0.025469 0.325 0.275 0.184
v -0.104885 0.196487 -0.287161 0.769 0.612 0.475
v 0.066006 -0.877519 0.014498 0.059 0.051 0.047
v -0.809246 -0.447381 -0.281539 0.835 0.671 0.529
v 0.108619 1.037003 0.030292 0.294 0.224 0.141
v 0.514775 -0.602294 -0.275932 0.843 0.671 0.502
v -0.117703 -0.770396 0.028999 0.082 0.071 0.075
v 0.079216 0.612599 0.077814 0.765 0.557 0.435
v -0.591618 -0.730171 -0.166935 0.047 0.039 0.031
v 0.174441 -0.684181 0.030993 0.051 0.043 0.035
v 0.117935 -0.930921 -0.021221 0.059 0.047 0.047
v 0.519172 -0.814714 -0.295339 0.871 0.678 0.522
v 0.636099 -0.215213 -0.360173 0.914 0.741 0.576
v 0.058282 0.938143 0.082638 0.929 0.745 0.624
v -0.085756 -0.011094 -0.273441 0.910 0.725 0.565
v 0.417516 -0.596721 -0.196538 0.071 0.063 0.059
v -0.374168 0.036217 -0.378457 0.031 0.024 0.016
v 0.364473 -0.126673 -0.346859 0.035 0.031 0.020
v -0.224278 -0.918481 0.001963 0.043 0.039 0.031
v -0.758991 -0.452004 -0.256844 0.851 0.702 0.557
v 0.322464 -0.091091 -0.353808 0.043 0.035 0.024
v 0.361140 -0.041661 -0.450894 0.122 0.102 0.098
v 0.211553 0.133732 -0.305872 0.863 0.706 0.549
v -0.140672 0.905745 -0.193740 0.271 0.184 0.118
v -0.246697 0.029313 -0.339098 0.886 0.710 0.549
v -0.793024 -0.676631 -0.272136 0.843 0.663 0.522
v 0.126115 -0.110639 -0.247275 0.949 0.761 0.596
v 0.425988 -0.483972 -0.189404 0.063 0.051 0.039
v 0.291153 0.851280 0.078788 0.933 0.749 0.631
v -0.117335 0.423970 -0.160133 0.694 0.514 0.424
v 0.095523 -1.047910 -0.066439 0.027 0.027 0.020
v -0.279314 -0.593442 0.043311 0.043 0.039 0.031
v -0.126593 0.648231 -0.075805 0.796 0.608 0.486
v -0.631482 -0.676711 -0.237365 0.035 0.020 0.016
v 0.377944 0.958408 -0.020558 0.592 0.467 0.345
v -0.727484 -0.665276 -0.262590 0.843 0.671 0.537
v 0.043101 -0.468133 -0.058219 0.047 0.035 0.027
v -0.548283 -0.684781 -0.072495 0.035 0.031 0.024
v 0.363673 0.747928 -0.006051 0.867 0.718 0.600
v 0.345939 0.522115 -0.146574 0.753 0.584 0.467
v -0.477791 -0.343070 -0.116318 0.055 0.039 0.031
v -0.423642 0.001459 -0.328779 0.031 0.027 0.020
v -0.648437 -0.165440 -0.249360 0.910 0.753 0.580
v 0.288317 -0.032241 -0.380224 0.827 0.671 0.584
v 0.309327 0.758143 0.065837 0.914 0.729 0.624
v -0.755765 -0.834724 -0.193752 0.820 0.631 0.518
v -0.604797 -0.891639 -0.011722 0.525 0.380 0.275
v 0.202986 -0.617565 -0.003512 0.059 0.043 0.035
v -0.079300 -0.046695 -0.258762 0.941 0.729 0.569
v -0.028286 -0.028372 -0.272414 0.894 0.702 0.525
v -0.119226 0.637328 -0.053152 0.780 0.596 0.498
v 0.339741 -0.821289 -0.084515 0.106 0.090 0.082
v 0.264239 0.439116 -0.015402 0.890 0.706 0.604
v 0.439674 -0.607044 -0.247126 0.075 0.055 0.055
v -0.157486 0.211522 -0.380530 0.737 0.557 0.404
v 0.372520 0.729662 -0.037097 0.855 0.698 0.584
v 0.470457 -0.295834 -0.288877 0.937 0.788 0.627
v 0.027833 -0.810865 0.030665 0.075 0.067 0.071
v 0.126698 -0.849682 0.027586 0.075 0.059 0.055
v -0.404929 0.006315 -0.335300 0.027 0.024 0.016
v -0.719931 -0.741751 -0.269545 0.761 0.592 0.482
v -0.078659 0.075803 -0.274232 0.843 0.671 0.514
v -0.897866 -0.449381 -0.382329 0.604 0.447 0.322
v -0.179038 -0.727013 0.039524 0.094 0.078 0.075
v -0.439222 -0.434906 -0.057451 0.055 0.043 0.035
v 0.227156 0.184053 -0.306428 0.859 0.686 0.525
v -0.515832 -0.320874 -0.145187 0.051 0.035 0.027
v 0.613645 -0.256982 -0.326216 0.957 0.800 0.643
v -0.804227 -0.115939 -0.356797 0.710 0.529 0.400
v 0.319564 -0.965968 -0.177163 0.094 0.063 0.055
v -0.364477 -0.474746 -0.016426 0.055 0.043 0.039
v 0.704257 -0.231430 -0.409168 0.875 0.702 0.545
v -0.788552 -0.080631 -0.362214 0.733 0.529 0.416
v -0.015568 1.042757 -0.062828 0.525 0.408 0.318
v 0.369040 0.733356 -0.026314 0.847 0.694 0.580
v -0.241929 -0.346126 -0.092318 0.047 0.035 0.031
v 0.127511 -0.168818 -0.215615 0.059 0.043 0.031
v -0.200974 -0.316215 -0.111473 0.043 0.035 0.031
v 0.215440 -0.975119 -0.079275 0.059 0.043 0.043
v 0.147641 0.058411 -0.288043 0.894 0.733 0.573
v -0.149813 0.838282 -0.205927 0.306 0.224 0.153
v -0.211297 -0.112725 -0.204367 0.047 0.035 0.027
v 0.314211 -0.985627 -0.186289 0.129 0.114 0.110
v -0.471863 -0.413164 -0.082852 0.051 0.039 0.031
v 0.205936 -0.601538 -0.013419 0.051 0.035 0.031
v -0.055692 -0.596699 0.009098 0.055 0.047 0.039
v 0.224151 -0.215844 -0.221269 0.043 0.035 0.024
v 0.555494 -0.264440 -0.318182 0.941 0.784 0.624
v 0.421497 -0.788128 -0.282110 0.129 0.086 0.059
v 0.367236 0.899266 0.019331 0.827 0.663 0.553
v 0.208670 -0.907569 -0.032386 0.090 0.075 0.071
v 0.364130 0.581890 -0.122209 0.808 0.612 0.486
v 0.017506 0.594184 0.042386 0.941 0.749 0.624
v -0.146198 0.229384 -0.357908 0.698 0.518 0.373
v -0.890112 -0.324358 -0.414049 0.592 0.435 0.298
v -0.007987 -0.869093 0.009697 0.063 0.059 0.055
v -0.668342 -0.204184 -0.246754 0.902 0.741 0.573
v 0.197838 0.344873 -0.020345 0.910 0.749 0.643
v 0.205624 0.942194 0.085668 0.933 0.753 0.635
v -0.089482 0.642763 -0.007601 0.863 0.667 0.541
v 0.199738 0.695299 0.115803 0.561 0.412 0.337
v 0.071839 1.010258 0.047583 0.608 0.455 0.365
v -0.133023 0.699823 -0.138767 0.824 0.627 0.533
v -0.316723 -0.648582 0.061975 0.071 0.055 0.059
v 0.327027 0.469335 -0.132480 0.800 0.639 0.510
v -0.312831 -0.721700 0.060535 0.078 0.071 0.071
v 0.416607 -0.373148 -0.211406 0.075 0.063 0.043
v -0.900385 -0.411163 -0.409842 0.584 0.431 0.302
v -0.066081 1.038890 -0.117078 0.451 0.349 0.259
v -0.742411 -0.671636 -0.265309 0.847 0.671 0.537
v 0.212999 0.769708 0.118261 0.957 0.780 0.690
v -0.445404 -0.005207 -0.316657 0.027 0.024 0.012
v 0.179905 0.096973 -0.294183 0.890 0.737 0.573
v 0.255800 -0.343270 -0.157315 0.043 0.039 0.031
v -0.579174 -0.853675 -0.163403 0.086 0.082 0.059
v 0.251080 0.051531 -0.383540 0.882 0.714 0.549
v 0.346022 0.490898 -0.219250 0.753 0.573 0.463
v -0.375798 0.017598 -0.349316 0.024 0.020 0.012
v 0.206560 1.023800 0.040461 0.275 0.200 0.114
v -0.606580 -0.736589 -0.202880 0.039 0.031 0.027
v 0.145497 0.753203 0.127198 0.961 0.788 0.690
v 0.021620 -0.305757 -0.138931 0.047 0.039 0.031
v 0.319192 -1.035374 -0.238682 0.153 0.122 0.114
v 0.412758 -0.908815 -0.265579 0.518 0.384 0.306
v 0.444432 0.698880 -0.279134 0.325 0.243 0.184
v 0.045753 0.048781 -0.265210 0.898 0.737 0.580
v 0.518746 -0.666942 -0.281096 0.871 0.686 0.525
v -0.832370 -0.182030 -0.370419 0.686 0.502 0.369
v -0.125939 -0.214061 -0.165093 0.051 0.047 0.035
v 0.235209 -0.198494 -0.236524 0.039 0.035 0.020
v -0.089833 0.794338 -0.003794 0.761 0.600 0.518
v 0.499168 -0.844954 -0.284445 0.843 0.643 0.490
v 0.230936 0.390988 -0.015402 0.906 0.729 0.631
v -0.165460 -0.126669 -0.194691 0.059 0.043 0.031
v -0.086831 -0.792645 0.026853 0.118 0.106 0.106
v -0.632152 -0.810482 -0.256195 0.212 0.165 0.133
v 0.403752 -0.038528 -0.524936 0.125 0.118 0.125
v -0.601770 -0.426302 -0.214443 0.341 0.243 0.169
v -0.210817 -0.237615 -0.149118 0.039 0.035 0.027
v 0.684337 -0.296956 -0.347065 0.910 0.741 0.576
v 0.000489 -0.222123 -0.174186 0.059 0.043 0.035
v 0.207939 -0.539186 -0.047057 0.051 0.035 0.031
v -0.090215 0.632289 -0.006777 0.867 0.667 0.545
v -0.698358 -0.028320 -0.302780 0.910 0.733 0.580
v -0.106985 0.351056 -0.285415 0.765 0.584 0.447
v -0.115418 -0.676028 0.030963 0.071 0.055 0.051
v 0.297336 0.047499 -0.451200 0.882 0.698 0.525
v 0.009313 -0.062993 -0.276692 0.945 0.757 0.592
v 0.090454 0.547895 0.130870 0.961 0.780 0.690
v 0.356774 0.785429 0.019861 0.906 0.753 0.643
v 0.025605 1.002759 0.034743 0.616 0.451 0.353
v 0.281824 0.035068 -0.416056 0.882 0.706 0.541
v -0.749153 -0.242434 -0.268156 0.890 0.718 0.561
v -0.121278 0.620434 -0.055890 0.784 0.600 0.494
v -0.024984 0.912878 0.044347 0.851 0.675 0.569
v 0.299858 0.051338 -0.467616 0.871 0.682 0.514
v -0.117185 0.716965 -0.081039 0.800 0.643 0.545
v -0.415775 -0.004545 -0.322629 0.035 0.031 0.020
v 0.330152 0.509767 -0.068222 0.773 0.588 0.475
v 0.284369 -0.380731 -0.147076 0.043 0.039 0.027
v -0.303389 0.029773 -0.333191 0.039 0.024 0.016
v -0.296288 0.103506 -0.444487 0.824 0.635 0.478
v -0.035628 0.505310 0.018814 0.886 0.682 0.580
v -0.622695 -0.798276 -0.236345 0.078 0.059 0.055
v -0.143574 -0.348832 -0.101025 0.043 0.031 0.027
v 0.212075 0.319041 -0.052662 0.882 0.702 0.588
v 0.267688 0.039187 -0.401300 0.886 0.718 0.553
v 0.437082 1.011670 -0.204428 0.365 0.294 0.239
v 0.451634 0.651048 -0.263013 0.769 0.553 0.443
v 0.209978 0.208564 -0.278625 0.894 0.737 0.569
v 0.308124 0.651321 0.030488 0.792 0.604 0.494
v -0.652173 -0.686392 -0.267084 0.353 0.271 0.216
v -0.690434 -0.741717 -0.282974 0.565 0.439 0.357
v 0.455023 0.899538 -0.171696 0.384 0.298 0.227
v -0.281256 -0.647770 0.059072 0.063 0.055 0.051
v 0.369351 0.771870 -0.005174 0.890 0.737 0.624
v -0.165061 -0.710645 0.037779 0.063 0.047 0.059
v -0.537827 -0.737390 -0.073223 0.047 0.039 0.035
v -0.886670 -0.373260 -0.371184 0.631 0.463 0.341
v 0.163435 -0.480994 -0.063614 0.055 0.043 0.039
v -0.024356 0.514716 0.027661 0.918 0.710 0.596
v 0.132416 1.052757 0.013396 0.329 0.259 0.188
v 0.458867 -1.108194 -0.280602 0.855 0.659 0.529
v 0.298174 -0.337457 -0.173899 0.047 0.043 0.031
v 0.122399 0.481297 0.083989 0.306 0.153 0.102
v 0.358330 -0.465385 -0.148079 0.043 0.039 0.031
v -0.450354 -0.775440 -0.002949 0.051 0.047 0.047
v -0.492940 -0.372843 -0.115021 0.051 0.031 0.027
v -0.590679 -0.435348 -0.202164 0.035 0.024 0.016
v -0.614139 -0.490589 -0.221833 0.525 0.392 0.282
v -0.135533 0.632166 -0.128150 0.718 0.522 0.424
v 0.092490 -0.866409 0.019920 0.067 0.055 0.055
v -0.244681 0.123384 -0.424478 0.796 0.612 0.447
v 0.008920 0.681219 0.058462 0.427 0.286 0.220
v -0.047544 0.689894 0.033962 0.463 0.282 0.196
v -0.832846 -0.295990 -0.308673 0.784 0.612 0.471
v -0.204976 -0.605774 0.032065 0.047 0.039 0.031
v -0.064859 1.033548 -0.105599 0.494 0.376 0.290
v 0.668475 -0.339268 -0.332984 0.906 0.745 0.580
v -0.071355 0.819247 0.026531 0.804 0.643 0.541
v -0.095396 -0.868308 0.004755 0.035 0.035 0.027
v 0.041815 0.133014 -0.236463 0.871 0.702 0.561
v -0.706558 -0.810563 -0.221386 0.725 0.561 0.459
v 0.329730 0.451699 -0.169644 0.780 0.616 0.482
v -0.840618 -0.384457 -0.303826 0.788 0.620 0.486
v -0.108612 0.629745 -0.031635 0.800 0.608 0.490
v -0.832291 -0.366770 -0.297946 0.788 0.616 0.478
v 0.165757 0.051949 -0.300640 0.894 0.733 0.573
v -0.161032 -0.644733 0.032509 0.051 0.035 0.035
v -0.161629 0.735306 -0.260321 0.714 0.482 0.380
v 0.129925 1.066413 -0.006508 0.247 0.184 0.110
v 0.146629 0.380443 0.021024 0.776 0.376 0.373
v 0.196272 0.134760 -0.292272 0.902 0.745 0.580
v -0.401459 -0.184961 -0.185777 0.039 0.031 0.024
v 0.621396 -0.819350 -0.356734 0.859 0.659 0.502
v 0.153762 0.969224 0.082132 0.843 0.659 0.569
v 0.245594 -0.195931 -0.242249 0.039 0.035 0.024
v 0.465809 0.808866 -0.247748 0.275 0.212 0.157
v 0.502739 -1.097367 -0.295517 0.863 0.663 0.533
v 0.397334 -1.004814 -0.264145 0.537 0.424 0.341
v -0.110636 0.165252 -0.292085 0.780 0.624 0.482
v -0.117664 -0.715882 0.032213 0.063 0.055 0.055
v 0.116927 -0.739278 0.046845 0.082 0.075 0.078
v 0.349545 -0.847210 -0.112733 0.106 0.098 0.090
v 0.381907 -0.705794 -0.124939 0.067 0.059 0.051
v -0.167300 -0.380165 -0.082818 0.039 0.035 0.027
v 0.067125 -0.167249 -0.203306 0.051 0.035 0.024
v 0.174065 -0.234173 -0.197964 0.047 0.043 0.027
v -0.736898 -0.017854 -0.349536 0.812 0.616 0.486
v 0.046586 0.262249 0.001832 0.784 0.557 0.478
v -0.102846 0.493138 -0.073159 0.761 0.592 0.502
v 0.029589 0.758523 0.112561 0.957 0.788 0.698
v 0.084198 -0.952509 -0.032016 0.051 0.043 0.035
v 0.469765 -0.449295 -0.227706 0.906 0.722 0.549
v 0.204526 -0.885671 -0.015550 0.071 0.055 0.063
v 0.248543 0.274514 -0.288235 0.878 0.702 0.553
v -0.068700 -0.958107 -0.014280 0.051 0.047 0.039
v -0.038657 0.306353 -0.061802 0.714 0.549 0.463
v 0.281839 1.070149 -0.056093 0.310 0.251 0.176
v -0.001555 0.949161 0.047399 0.863 0.671 0.569
v 0.243100 0.392631 -0.028250 0.890 0.714 0.612
v 0.236280 1.007109 0.045510 0.388 0.302 0.220
v -0.683957 -0.831849 -0.238974 0.584 0.451 0.380
v 0.419486 0.578071 -0.301171 0.839 0.573 0.467
v -0.840360 -0.206593 -0.364313 0.678 0.506 0.373
v -0.615219 -0.144819 -0.248840 0.929 0.769 0.596
v -0.129899 0.705818 -0.125201 0.804 0.631 0.533
v -0.061900 -0.266981 -0.146605 0.051 0.043 0.035
v 0.604867 -0.661380 -0.327444 0.878 0.706 0.545
v -0.513985 -0.844296 -0.087700 0.039 0.027 0.027
v 0.416726 0.734651 -0.146525 0.675 0.506 0.412
v 0.512160 -0.946443 -0.281460 0.871 0.671 0.525
v 0.018288 -0.389730 -0.099088 0.051 0.043 0.035
v 0.305100 0.732645 0.069810 0.914 0.733 0.631
v -0.191389 0.151102 -0.394286 0.776 0.584 0.420
v 0.422735 0.828056 -0.096681 0.522 0.380 0.286
v -0.580365 -0.106672 -0.259434 0.937 0.776 0.604
v 0.392338 0.963685 -0.049447 0.576 0.459 0.353
v 0.266300 0.113832 -0.405505 0.867 0.675 0.502
v 0.155717 -0.868402 0.012742 0.075 0.067 0.063
v -0.686070 -0.539386 -0.243497 0.839 0.675 0.529
v 0.650426 -0.372880 -0.327735 0.910 0.749 0.580
v -0.129849 0.788189 -0.132419 0.627 0.486 0.404
v 0.056113 -0.920135 -0.012616 0.059 0.051 0.043
v -0.396032 0.066075 -0.443116 0.035 0.031 0.027
v -0.778683 -0.347250 -0.266986 0.867 0.694 0.545
v 0.174763 0.623125 0.043736 0.886 0.702 0.580
v -0.767190 -0.217107 -0.280907 0.875 0.698 0.541
v 0.229112 -0.867701 -0.016004 0.071 0.067 0.059
v -0.066313 -0.205161 -0.172902 0.059 0.047 0.039
v -0.769458 -0.622313 -0.267106 0.847 0.667 0.529
v -0.248826 -0.059567 -0.233197 0.035 0.020 0.012
v 0.199079 0.273336 -0.085673 0.741 0.580 0.475
v 0.563617 -0.412167 -0.298556 0.929 0.761 0.584
v -0.009710 0.775209 0.093223 0.890 0.729 0.647
v 0.577759 -0.586269 -0.302959 0.902 0.733 0.569
v 0.068883 0.399702 0.061133 0.565 0.200 0.192
v -0.486397 -0.805392 -0.046065 0.082 0.059 0.055
v 0.398867 0.847157 -0.039652 0.780 0.624 0.522
v 0.311390 -0.864060 -0.077929 0.122 0.110 0.098
v 0.270620 -0.689378 -0.009839 0.051 0.039 0.035
v 0.343041 -0.463241 -0.139588 0.043 0.039 0.031
v 0.263009 0.227979 -0.350904 0.800 0.624 0.459
v 0.316928 -0.389723 -0.155619 0.051 0.043 0.031
v -0.325773 -0.768033 0.044273 0.051 0.043 0.047
v 0.410150 -0.685957 -0.202189 0.078 0.063 0.067
v 0.390965 -0.333017 -0.217615 0.055 0.047 0.031
v 0.320403 -0.504420 -0.110827 0.055 0.047 0.039
v 0.458480 -0.939079 -0.255873 0.816 0.635 0.506
v 0.393226 -0.510082 -0.159186 0.047 0.039 0.031
v 0.343373 0.588279 -0.046971 0.878 0.682 0.537
v -0.645495 0.019249 -0.344424 0.925 0.725 0.576
v 0.140777 0.364455 0.019528 0.851 0.518 0.475
v 0.250702 0.968922 0.061877 0.714 0.549 0.455
v -0.365435 -0.731564 0.050183 0.051 0.047 0.043
v 0.349166 -0.448967 -0.148842 0.047 0.043 0.035
v -0.326330 0.102147 -0.458098 0.145 0.106 0.082
v 0.211545 -1.050885 -0.107251 0.035 0.035 0.027
v -0.128099 0.399669 -0.324297 0.725 0.529 0.392
v 0.045534 -0.095171 -0.256673 0.953 0.753 0.576
v -0.317295 -0.263290 -0.132436 0.043 0.039 0.027
v 0.256503 -0.328388 -0.165557 0.043 0.035 0.031
v -0.567093 -0.604295 -0.115150 0.031 0.027 0.020
v -0.203325 -0.277980 -0.130178 0.051 0.043 0.035
v 0.425812 -0.832170 -0.280816 0.529 0.412 0.314
v -0.834332 -0.355872 -0.300469 0.780 0.612 0.475
v -0.295483 -0.305201 -0.109578 0.047 0.039 0.031
v 0.430265 0.744860 -0.174277 0.533 0.404 0.318
v 0.286666 0.663782 0.060131 0.780 0.584 0.455
v -0.068701 0.751245 0.048873 0.533 0.388 0.310
v 0.492121 -1.059885 -0.286555 0.875 0.678 0.545
v -0.800670 -0.690622 -0.272106 0.843 0.663 0.522
v -0.437553 0.061090 -0.435571 0.039 0.027 0.020
v 0.081881 -0.391544 -0.104925 0.051 0.039 0.031
v -0.683653 -0.659745 -0.261200 0.678 0.533 0.424
v -0.209477 -0.255473 -0.140560 0.039 0.035 0.027
v -0.885302 -0.323110 -0.394029 0.616 0.451 0.318
v 0.008652 -0.452726 -0.063816 0.055 0.043 0.039
v -0.444027 0.071890 -0.481844 0.082 0.075 0.078
v 0.115208 0.843446 0.120500 0.969 0.780 0.678
v 0.175232 0.583823 0.049693 0.906 0.729 0.620
v 0.378793 0.898966 -0.000854 0.792 0.635 0.529
v -0.559418 -0.704199 -0.099027 0.039 0.031 0.035
v 0.087029 -0.228952 -0.183543 0.047 0.039 0.031
v 0.287000 -0.690453 -0.021534 0.055 0.039 0.031
v 0.180238 -0.750046 0.038083 0.086 0.071 0.063
v 0.443787 -0.439826 -0.210061 0.565 0.404 0.333
v 0.106852 -0.430290 -0.085366 0.055 0.043 0.035
v -0.701535 -0.603738 -0.253049 0.827 0.655 0.522
v 0.461518 -0.233064 -0.319093 0.910 0.769 0.663
v 0.649721 -0.759280 -0.368414 0.855 0.663 0.506
v 0.031441 1.060049 -0.031103 0.322 0.235 0.153
v -0.315554 -0.556494 0.032813 0.047 0.039 0.035
v -0.337151 -0.203317 -0.169524 0.035 0.031 0.024
v -0.764446 -0.187344 -0.285137 0.859 0.682 0.525
v -0.197075 -0.732893 0.043435 0.098 0.086 0.086
v -0.375555 0.005455 -0.333187 0.027 0.024 0.016
v 0.145719 0.773612 0.126124 0.961 0.788 0.690
v 0.307708 0.488846 -0.031867 0.867 0.675 0.565
v 0.329939 0.556680 -0.031169 0.878 0.678 0.541
v -0.137368 -0.771096 0.029928 0.102 0.094 0.098
v 0.585713 -0.457763 -0.303434 0.929 0.761 0.588
v -0.044928 -0.779687 0.030037 0.078 0.071 0.075
v 0.487460 -0.990750 -0.266062 0.859 0.663 0.529
v 0.510921 -0.588753 -0.273055 0.835 0.663 0.502
v -0.112650 0.525037 -0.074291 0.753 0.573 0.494
v 0.631687 -0.172871 -0.406731 0.890 0.710 0.545
v 0.206268 1.070531 -0.014101 0.310 0.251 0.176
v 0.023639 0.507939 0.042903 0.780 0.584 0.498
v 0.324142 -0.884086 -0.105759 0.110 0.094 0.090
v -0.053513 -0.009139 -0.265217 0.918 0.722 0.561
v -0.173582 0.720540 -0.300913 0.890 0.686 0.584
v -0.204549 0.033099 -0.331324 0.890 0.710 0.541
v 0.066780 0.254163 -0.000955 0.714 0.490 0.420
v -0.279173 -0.250909 -0.139310 0.035 0.031 0.024
v -0.131353 0.821563 -0.132544 0.573 0.447 0.369
v 0.388274 -0.554642 -0.148212 0.059 0.051 0.047
v 0.343205 -0.606930 -0.097416 0.051 0.039 0.031
v -0.004990 0.882258 0.070138 0.890 0.718 0.620
v 0.000280 -0.923318 -0.010629 0.051 0.043 0.039
v 0.533894 -0.598630 -0.281681 0.882 0.710 0.545
v 0.309618 0.026458 -0.458463 0.894 0.718 0.545
v 0.017600 -0.899137 -0.003024 0.063 0.051 0.051
v 0.329349 -0.719944 -0.057546 0.047 0.039 0.031
v -0.453121 -0.369728 -0.094065 0.051 0.039 0.031
v 0.295094 0.338839 -0.355082 0.761 0.584 0.447
v -0.586918 -0.372960 -0.196208 0.063 0.035 0.027
v 0.014174 -0.184076 -0.191577 0.059 0.047 0.035
v 0.414860 -0.835119 -0.284101 0.212 0.149 0.106
v 0.048088 1.019096 0.031597 0.541 0.408 0.310
v 0.064877 0.128283 -0.239147 0.886 0.725 0.584
v -0.135526 -0.634167 0.026089 0.043 0.039 0.031
v 0.467679 0.840640 -0.252083 0.329 0.267 0.212
v 0.456295 0.974521 -0.222083 0.325 0.278 0.231
v -0.138730 0.286987 -0.352659 0.710 0.525 0.380
v 0.142415 -0.120542 -0.241957 0.553 0.459 0.416
v 0.263923 -1.068307 -0.154445 0.055 0.039 0.035
v -0.496215 -0.571002 -0.022112 0.051 0.039 0.039
v -0.767898 -0.117968 -0.303116 0.835 0.667 0.522
v -0.676455 -0.103395 -0.260128 0.922 0.769 0.600
v 0.355817 0.458968 -0.267295 0.718 0.467 0.329
v -0.720263 -0.277738 -0.251008 0.894 0.729 0.569
v -0.108851 0.995680 -0.181772 0.333 0.255 0.192
v -0.233424 -0.099778 -0.214074 0.043 0.035 0.024
v -0.154025 0.603749 -0.267964 0.867 0.659 0.565
v 0.313952 -1.018489 -0.215608 0.188 0.173 0.176
v 0.034507 0.832778 0.101619 0.941 0.769 0.675
v -0.199444 -0.665780 0.043923 0.071 0.063 0.059
v -0.300181 -0.120883 -0.219054 0.035 0.031 0.024
v -0.086081 -0.752219 0.031338 0.106 0.094 0.098
v -0.053618 -0.056899 -0.258031 0.906 0.702 0.541
v -0.335322 -0.042222 -0.279544 0.031 0.024 0.020
v -0.308457 0.090285 -0.429083 0.808 0.612 0.502
v 0.261966 -0.789858 -0.002856 0.082 0.075 0.075
v 0.193284 1.062534 0.001373 0.369 0.298 0.212
v -0.120679 0.185931 -0.304853 0.749 0.580 0.443
v -0.098479 -1.032560 -0.023801 0.035 0.031 0.027
v 0.029202 -0.644661 0.026187 0.055 0.043 0.039
v -0.131024 0.325512 -0.326970 0.714 0.529 0.384
v 0.385392 -0.032947 -0.500997 0.129 0.122 0.122
v 0.463515 0.920560 -0.207666 0.302 0.231 0.173
v -0.105844 0.318956 -0.287266 0.757 0.580 0.435
v -0.218690 -0.673255 0.049232 0.067 0.055 0.059
v -0.550814 -0.440428 -0.151498 0.035 0.027 0.020
v -0.349760 -0.015382 -0.306709 0.031 0.024 0.016
v -0.416639 -0.896843 -0.044359 0.027 0.027 0.020
v 0.473325 -0.911076 -0.261350 0.839 0.643 0.510
v -0.657872 -0.481140 -0.236948 0.839 0.678 0.518
v -0.020066 -0.247069 -0.160727 0.051 0.039 0.031
v -0.033482 1.033778 -0.066213 0.616 0.486 0.396
v -0.102681 0.512341 -0.060031 0.757 0.584 0.498
v 0.396365 -1.015626 -0.265251 0.549 0.427 0.341
v 0.094605 -0.553325 -0.013613 0.059 0.043 0.035
v -0.281119 -0.714974 0.060394 0.075 0.067 0.063
v 0.201522 0.828084 0.116296 0.957 0.780 0.682
v 0.376638 0.829610 -0.002983 0.855 0.714 0.608
v 0.013336 -0.280761 -0.149462 0.047 0.039 0.031
v 0.147591 -0.015277 -0.302416 0.890 0.714 0.561
v 0.147812 -0.421398 -0.093962 0.047 0.035 0.031
v 0.276530 -0.013438 -0.393806 0.882 0.714 0.549
v -0.379797 -0.206479 -0.170224 0.039 0.035 0.027
v 0.306478 0.398377 -0.137135 0.796 0.624 0.494
v -0.295342 -0.227591 -0.152844 0.035 0.031 0.024
v -0.367176 -0.691064 0.058265 0.071 0.059 0.059
v 0.313995 -0.256927 -0.227403 0.043 0.039 0.027
v -0.365313 0.007201 -0.333801 0.024 0.020 0.012
v 0.082863 -0.498656 -0.042498 0.051 0.043 0.035
v -0.038941 -1.025878 -0.030993 0.035 0.035 0.027
v 0.069393 -0.584219 0.001888 0.059 0.039 0.035
v 0.095967 -0.930786 -0.020764 0.051 0.039 0.043
v 0.705753 -0.363850 -0.361072 0.863 0.682 0.522
v 0.085742 -0.847874 0.028304 0.071 0.067 0.063
v -0.288997 -0.925228 -0.006065 0.063 0.043 0.043
v 0.049388 -1.001022 -0.043203 0.047 0.039 0.035
v -0.276293 0.108446 -0.432851 0.835 0.643 0.490
v -0.060820 -0.255789 -0.151581 0.047 0.039 0.031
v -0.006005 -0.794081 0.030304 0.086 0.075 0.082
v 0.366412 1.015565 -0.063050 0.251 0.192 0.122
v 0.635054 -0.360756 -0.320921 0.918 0.761 0.588
v -0.007857 -1.031821 -0.037784 0.043 0.039 0.031
v 0.235418 0.203320 -0.308718 0.847 0.678 0.506
v -0.753758 -0.232841 -0.271389 0.878 0.710 0.553
v -0.899308 -0.517121 -0.363891 0.624 0.471 0.357
v 0.031651 -0.493975 -0.041859 0.051 0.039 0.035
v 0.556990 -0.896967 -0.324499 0.871 0.655 0.510
v 0.506722 -0.431692 -0.264063 0.898 0.722 0.529
v 0.137706 0.482412 0.072920 0.737 0.522 0.447
v 0.439035 0.677804 -0.249980 0.322 0.216 0.137
v -0.151784 0.029792 -0.304115 0.886 0.718 0.553
v 0.611049 -0.409360 -0.314687 0.922 0.761 0.584
v 0.456664 -0.574873 -0.255935 0.125 0.090 0.078
v 0.432372 -0.077367 -0.444994 0.122 0.098 0.098
v 0.048781 -0.703881 0.042577 0.067 0.059 0.055
v -0.312816 -0.502849 0.004828 0.051 0.043 0.039
v -0.742930 -0.461218 -0.250945 0.851 0.694 0.553
v -0.032571 -0.343790 -0.114759 0.047 0.039 0.031
v 0.316628 -0.472800 -0.121086 0.051 0.047 0.039
v -0.513107 -0.351792 -0.134297 0.051 0.031 0.027
v -0.623962 -0.224964 -0.229031 0.918 0.757 0.584
v -0.445880 -0.071599 -0.260720 0.031 0.027 0.020
v 0.458839 0.881017 -0.184980 0.310 0.235 0.173
v 0.333672 0.509790 -0.088404 0.733 0.553 0.443
v -0.583452 -0.189775 -0.228770 0.937 0.776 0.604
v 0.731263 -0.352931 -0.397208 0.843 0.675 0.498
v 0.224951 0.294502 -0.103891 0.729 0.561 0.455
v 0.328622 -0.223556 -0.254635 0.043 0.035 0.024
v -0.039375 0.810016 0.063727 0.886 0.718 0.624
v 0.282417 0.073862 -0.429977 0.890 0.702 0.522
v -0.766303 -0.278009 -0.269745 0.878 0.702 0.545
v 0.313764 0.768379 0.062721 0.914 0.718 0.612
v 0.141721 -0.375592 -0.117598 0.047 0.043 0.035
v -0.794522 -0.399320 -0.273208 0.843 0.682 0.541
v 0.667962 -0.505900 -0.341870 0.890 0.722 0.545
v -0.131839 0.510072 -0.355963 0.639 0.475 0.373
v 0.353601 0.510042 -0.215505 0.804 0.627 0.506
v 0.543836 -0.462792 -0.284573 0.922 0.749 0.569
v -0.187635 -0.491921 -0.020074 0.047 0.035 0.027
v -0.116618 -0.572182 0.004227 0.059 0.047 0.043
v 0.349457 -0.215601 -0.267751 0.035 0.031 0.016
v 0.243989 -0.184137 -0.248222 0.043 0.035 0.024
v -0.670372 -0.592048 -0.245823 0.718 0.573 0.451
v -0.185431 0.696794 -0.310777 0.827 0.608 0.518
v 0.235808 -0.377992 -0.133636 0.039 0.035 0.027
v 0.304814 -0.903966 -0.099821 0.129 0.114 0.098
v 0.371859 -0.547913 -0.134067 0.051 0.043 0.031
v -0.376392 -0.549990 0.023272 0.055 0.039 0.035
v 0.295660 0.944216 0.057798 0.757 0.580 0.478
v -0.243486 -0.757677 0.046989 0.086 0.078 0.082
v 0.428352 0.857786 -0.100547 0.584 0.447 0.357
v 0.207382 0.810094 0.116517 0.965 0.792 0.698
v 0.429121 -0.520993 -0.195414 0.086 0.067 0.063
v 0.237179 0.910633 0.089453 0.945 0.761 0.651
v 0.354962 0.818038 0.024848 0.914 0.773 0.655
v 0.053395 -0.982010 -0.037827 0.043 0.035 0.031
v -0.101323 0.665229 -0.029131 0.816 0.639 0.518
v -0.723424 -0.174145 -0.266069 0.886 0.718 0.561
v 0.233367 0.655275 0.061341 0.631 0.431 0.365
v -0.062143 0.706673 0.036459 0.647 0.471 0.380
v -0.001625 0.793097 0.093694 0.902 0.729 0.647
v 0.298732 0.400336 -0.112078 0.835 0.655 0.529
v 0.486050 -0.638800 -0.273163 0.792 0.643 0.482
v 0.159273 0.283040 -0.019491 0.902 0.710 0.608
v -0.317097 0.064565 -0.384384 0.043 0.031 0.016
v -0.152800 -0.854062 0.008285 0.039 0.031 0.031
v 0.001157 1.070576 -0.093727 0.314 0.251 0.192
v -0.593512 -0.217929 -0.220187 0.922 0.757 0.588
v 0.361702 -0.099868 -0.371486 0.043 0.035 0.020
v -0.123760 0.664616 -0.075585 0.788 0.616 0.498
v 0.292586 0.055238 -0.444798 0.886 0.702 0.529
v -0.216424 -0.581713 0.027235 0.059 0.047 0.039
v -0.401418 -0.114606 -0.232750 0.039 0.031 0.024
v 0.385673 1.029777 -0.114328 0.337 0.278 0.227
v 0.146165 0.239805 -0.215063 0.804 0.663 0.529
v 0.262192 0.696070 0.096803 0.529 0.380 0.286
v -0.599664 -0.009888 -0.311477 0.941 0.765 0.604
v -0.180851 0.629564 -0.301078 0.788 0.561 0.482
v 0.329265 -0.068539 -0.381845 0.051 0.047 0.031
v 0.381167 0.746422 -0.043923 0.835 0.678 0.561
v 0.203637 -0.196171 -0.225979 0.043 0.035 0.024
v 0.113107 0.187922 -0.227321 0.902 0.757 0.604
v -0.108151 -0.110481 -0.197692 0.082 0.047 0.035
v 0.159203 0.671923 0.095281 0.769 0.576 0.447
v 0.094197 -0.044641 -0.278070 0.890 0.706 0.537
v -0.710963 -0.258606 -0.250564 0.898 0.729 0.573
v 0.234175 1.043168 0.011861 0.243 0.180 0.106
v 0.226548 1.059901 -0.005250 0.286 0.216 0.137
v 0.170661 0.806471 0.122787 0.961 0.788 0.690
v -0.180560 -0.166381 -0.181928 0.051 0.047 0.035
v 0.165969 0.965314 0.082962 0.925 0.737 0.643
v 0.285997 -0.016969 -0.395334 0.886 0.714 0.557
v 0.164877 0.713326 0.124418 0.933 0.761 0.663
v 0.288350 1.079179 -0.076702 0.220 0.180 0.102
v -0.003289 0.308926 -0.015596 0.847 0.663 0.569
v 0.078424 -0.012422 -0.276476 0.914 0.733 0.569
v 0.246942 0.084151 -0.377146 0.882 0.714 0.549
v -0.053149 -0.472078 -0.045304 0.059 0.047 0.043
v -0.107908 -0.667559 0.029219 0.067 0.059 0.059
v -0.531967 -0.404698 -0.139936 0.039 0.027 0.020
v -0.485756 -0.075444 -0.258548 0.090 0.067 0.039
v -0.639103 -0.802227 -0.269754 0.204 0.149 0.122
v -0.678845 -0.851811 -0.170991 0.698 0.541 0.443
v -0.896186 -0.521575 -0.355307 0.643 0.486 0.373
v 0.057439 0.121124 -0.242106 0.867 0.698 0.557
v 0.326363 0.920981 0.049510 0.847 0.655 0.557
v -0.152489 -0.382856 -0.083148 0.047 0.039 0.031
v -0.815880 -0.159881 -0.346087 0.725 0.529 0.400
v 0.266143 1.059880 -0.027510 0.271 0.227 0.153
v 0.153677 1.005728 0.062062 0.502 0.384 0.298
v 0.141868 -0.982277 -0.060346 0.043 0.035 0.027
v -0.516063 -0.779193 -0.059937 0.024 0.024 0.024
v 0.430262 -0.400700 -0.208762 0.082 0.059 0.043
v 0.040518 -1.076916 -0.053663 0.031 0.027 0.020
v -0.160767 0.629303 -0.294322 0.643 0.361 0.271
v 0.605600 -0.694735 -0.331940 0.875 0.690 0.537
v 0.528071 -0.156883 -0.391028 0.925 0.753 0.588
v -0.062429 -0.127537 -0.196665 0.082 0.055 0.043
v 0.382184 -0.074664 -0.421227 0.059 0.051 0.039
v 0.034733 -0.889570 0.003644 0.051 0.043 0.043
v -0.043366 -0.271774 -0.146177 0.051 0.043 0.035
v 0.014995 -0.115542 -0.236475 0.945 0.749 0.576
v -0.588350 0.001433 -0.323137 0.941 0.761 0.600
v -0.309570 -0.747392 0.054158 0.086 0.078 0.078
v 0.041955 -0.983020 -0.036737 0.051 0.047 0.039
v -0.337468 -0.473888 -0.014110 0.051 0.043 0.035
v 0.227446 0.801512 0.111612 0.957 0.780 0.682
v -0.104643 0.625162 -0.023441 0.820 0.612 0.494
v 0.499418 -0.188965 -0.358071 0.922 0.757 0.596
v 0.132212 -0.646513 0.025727 0.063 0.051 0.047
v -0.178548 0.160162 -0.385021 0.773 0.584 0.431
v -0.111745 0.969876 -0.153434 0.357 0.267 0.200
v 0.050161 0.255486 -0.182555 0.380 0.247 0.153
v -0.102667 0.781002 -0.043391 0.784 0.627 0.533
v -0.711437 -0.596775 -0.253699 0.839 0.671 0.537
v -0.718278 -0.587144 -0.253797 0.847 0.675 0.537
v -0.897235 -0.578875 -0.347557 0.671 0.514 0.376
v 0.351008 0.602301 -0.057132 0.867 0.663 0.522
v 0.383066 0.980163 -0.048831 0.502 0.400 0.306
v 0.438013 0.769223 -0.179066 0.533 0.424 0.341
v -0.560139 -0.189275 -0.222067 0.933 0.776 0.604
v -0.127740 0.485058 -0.154553 0.737 0.553 0.459
v -0.148360 0.233684 -0.368039 0.698 0.518 0.369
v 0.028651 -1.055041 -0.049508 0.035 0.031 0.024
v 0.305727 0.560959 0.003424 0.914 0.710 0.576
v 0.262837 0.140187 -0.398240 0.863 0.675 0.506
v 0.200168 0.020123 -0.329891 0.878 0.725 0.573
v 0.452379 0.731409 -0.274713 0.294 0.220 0.165
v -0.149177 0.734381 -0.288747 0.482 0.227 0.180
v -0.100506 0.645978 -0.021994 0.831 0.635 0.518
v -0.009262 0.016771 -0.271757 0.906 0.729 0.569
v -0.363104 -0.847739 -0.003994 0.082 0.067 0.063
v -0.098507 0.818965 -0.029164 0.769 0.612 0.514
v -0.202197 -0.325864 -0.106362 0.043 0.039 0.031
v -0.744831 -0.757716 -0.253414 0.835 0.659 0.525
v 0.321307 0.016487 -0.473531 0.886 0.706 0.553
v -0.838163 -0.221920 -0.346217 0.714 0.525 0.384
v -0.537359 -0.383664 -0.146903 0.047 0.035 0.027
v 0.237703 -0.118593 -0.278431 0.047 0.039 0.024
v -0.143323 0.275315 -0.371208 0.702 0.522 0.376
v -0.010988 -1.003942 -0.031433 0.043 0.043 0.035
v -0.195070 -0.362922 -0.088235 0.043 0.039 0.031
v -0.621689 -0.210993 -0.232733 0.922 0.761 0.592
v 0.039108 0.256011 -0.003739 0.706 0.494 0.416
v 0.225592 -0.785694 0.020321 0.082 0.071 0.063
v 0.162167 -0.175434 -0.223027 0.051 0.043 0.027
v 0.241394 -0.315669 -0.169046 0.039 0.035 0.027
v 0.175774 -0.640900 0.015457 0.055 0.039 0.031
v -0.852846 -0.587557 -0.305358 0.800 0.620 0.475
v 0.110180 0.158761 -0.239876 0.914 0.765 0.620
v 0.457144 0.835644 -0.206961 0.271 0.200 0.145
v 0.018661 1.038005 -0.010414 0.424 0.314 0.227
v -0.733444 -0.606424 -0.258034 0.851 0.678 0.537
v -0.595436 -0.413020 -0.208101 0.129 0.075 0.055
v -0.029372 -0.087392 -0.252655 0.902 0.694 0.518
v 0.685813 -0.335451 -0.343963 0.894 0.729 0.569
v -0.084817 -0.646386 0.024762 0.051 0.047 0.043
v -0.202678 -0.071259 -0.214353 0.071 0.051 0.039
v -0.048347 -0.706910 0.034917 0.063 0.051 0.055
v -0.337157 -0.770239 0.041341 0.055 0.047 0.051
v -0.132324 -0.845313 0.009257 0.035 0.035 0.035
v 0.307440 1.046441 -0.041270 0.306 0.243 0.173
v -0.136521 0.587677 -0.238108 0.702 0.510 0.408
v -0.519790 -0.700220 -0.034200 0.039 0.039 0.039
v 0.075277 0.679500 0.089814 0.525 0.353 0.255
v -0.091684 0.504148 -0.045680 0.761 0.596 0.510
v 0.223910 0.595416 0.041823 0.776 0.569 0.455
v 0.350895 -0.895491 -0.159621 0.122 0.094 0.086
v -0.570103 -0.796548 -0.141621 0.039 0.039 0.039
v 0.454367 -0.503480 -0.218139 0.169 0.145 0.106
v -0.642642 -0.791991 -0.276583 0.216 0.161 0.133
v -0.853159 -0.379690 -0.314591 0.749 0.580 0.455
v 0.262277 -0.444739 -0.108787 0.051 0.039 0.035
v -0.900035 -0.386823 -0.422669 0.573 0.424 0.290
v 0.456399 0.886584 -0.176076 0.322 0.247 0.184
v 0.667691 -0.397682 -0.337569 0.890 0.729 0.561
v 0.404219 -0.768868 -0.216836 0.137 0.106 0.098
v -0.437897 -0.336786 -0.104737 0.047 0.035 0.027
v 0.242153 0.558027 0.034578 0.941 0.718 0.596
v -0.843886 -0.240338 -0.344969 0.710 0.522 0.380
v 0.548042 -0.655956 -0.294232 0.886 0.714 0.545
v -0.116479 0.672299 -0.059521 0.808 0.643 0.533
v -0.458427 -0.895725 -0.070499 0.063 0.039 0.039
v -0.573276 -0.604129 -0.126614 0.016 0.012 0.008
v 0.037039 -0.127491 -0.220643 0.941 0.733 0.588
v -0.872588 -0.287804 -0.378330 0.647 0.478 0.345
v -0.072774 -0.935551 -0.008708 0.039 0.035 0.031
v 0.083543 -0.115630 -0.238232 0.945 0.749 0.588
v -0.067063 -0.613540 0.014499 0.059 0.047 0.039
v -0.371253 -0.213310 -0.165171 0.039 0.035 0.024
v 0.297585 -0.454368 -0.119243 0.047 0.039 0.027
v -0.257923 -0.643358 0.053303 0.051 0.043 0.039
v -0.831515 -0.315625 -0.303614 0.792 0.608 0.471
v -0.032922 0.228623 -0.237292 0.714 0.565 0.431
v 0.434596 -0.071286 -0.462820 0.106 0.090 0.090
v 0.195203 0.575276 0.042749 0.925 0.741 0.631
v 0.252899 -0.595710 -0.037060 0.055 0.051 0.039
v 0.032065 0.924477 0.077622 0.906 0.722 0.604
v 0.517350 -1.085761 -0.301468 0.867 0.663 0.529
v 0.314886 0.721909 0.059745 0.914 0.745 0.639
v 0.183526 -0.536518 -0.040876 0.051 0.043 0.035
v 0.132765 -0.301712 -0.154918 0.043 0.035 0.027
v 0.111824 -0.074080 -0.277270 0.949 0.757 0.596
v -0.856656 -0.358759 -0.322804 0.741 0.569 0.435
v -0.886906 -0.541950 -0.339756 0.690 0.545 0.408
v 0.227144 -1.006117 -0.101471 0.047 0.043 0.035
v -0.139118 0.214212 -0.335357 0.690 0.510 0.369
v -0.132436 -0.943565 -0.007515 0.035 0.027 0.027
v -0.127583 0.772527 -0.126288 0.725 0.576 0.486
v -0.172233 -0.580934 0.016802 0.051 0.047 0.039
v -0.455423 -0.350439 -0.103903 0.051 0.039 0.035
v -0.227494 -0.680532 0.052231 0.059 0.047 0.051
v 0.177196 -0.029774 -0.316953 0.882 0.710 0.549
v -0.084717 -0.296761 -0.131412 0.047 0.039 0.031
v 0.535400 -0.992762 -0.304582 0.875 0.667 0.529
v -0.780016 -0.048932 -0.392267 0.733 0.537 0.408
v 0.264947 0.341407 -0.264206 0.753 0.584 0.447
v -0.705598 -0.661081 -0.262249 0.796 0.620 0.498
v -0.753614 -0.262949 -0.266324 0.886 0.718 0.557
v -0.449367 0.061348 -0.430772 0.039 0.027 0.020
v -0.613351 -0.438387 -0.222566 0.643 0.478 0.329
v -0.671776 0.020746 -0.354732 0.894 0.698 0.553
v -0.532811 -0.722499 -0.060169 0.020 0.020 0.020
v -0.611550 -0.541290 -0.209602 0.027 0.016 0.008
v -0.171630 -0.074553 -0.215442 0.494 0.392 0.353
v 0.044314 0.505298 0.082582 0.796 0.576 0.498
v 0.559296 -0.166130 -0.389236 0.914 0.729 0.569
v -0.438983 -0.492648 -0.026601 0.055 0.039 0.035
v 0.612022 -0.339163 -0.314458 0.937 0.780 0.612
v -0.280286 -0.216278 -0.158994 0.035 0.031 0.024
v 0.681104 -0.318141 -0.342333 0.906 0.741 0.576
v -0.133329 0.580467 -0.216381 0.729 0.537 0.431
v 0.275500 0.465118 -0.005809 0.886 0.694 0.584
v 0.108816 -0.415946 -0.093714 0.051 0.043 0.035
v -0.172606 0.188735 -0.397126 0.773 0.580 0.424
v 0.094599 0.594361 0.107500 0.886 0.678 0.588
v -0.696694 -0.821124 -0.215068 0.714 0.549 0.451
v 0.014948 1.070706 -0.073590 0.337 0.259 0.196
v -0.812875 -0.247788 -0.303673 0.824 0.643 0.486
v 0.241113 -0.679783 0.005614 0.055 0.043 0.039
v -0.687279 -0.751591 -0.287299 0.541 0.420 0.337
v 0.346331 -0.245136 -0.246757 0.043 0.039 0.027
v 0.157848 0.603962 0.062546 0.878 0.690 0.573
v -0.184959 0.115842 -0.366732 0.808 0.624 0.471
v -0.430917 -0.049470 -0.280924 0.035 0.031 0.020
v -0.138390 0.252092 -0.340260 0.702 0.522 0.380
v 0.044615 0.274284 0.004981 0.875 0.667 0.569
v 0.394405 0.991896 -0.085192 0.447 0.361 0.278
v -0.046492 -0.857842 0.008088 0.059 0.047 0.043
v -0.802949 -0.456785 -0.278652 0.827 0.663 0.525
v 0.006958 -0.000136 -0.276416 0.894 0.718 0.553
v 0.170433 0.219336 -0.244901 0.914 0.757 0.600
v 0.050004 0.470218 0.064877 0.741 0.565 0.490
v -0.114523 0.308880 -0.299003 0.741 0.569 0.420
v -0.052115 -0.367595 -0.100330 0.043 0.035 0.027
v -0.112787 0.511442 -0.086156 0.749 0.569 0.486
v -0.769727 -0.729539 -0.264906 0.835 0.655 0.522
v 0.177279 0.646724 0.051752 0.612 0.424 0.329
v 0.504288 -0.980527 -0.273788 0.863 0.659 0.525
v 0.323888 0.627322 -0.004649 0.843 0.663 0.549
v 0.080205 -0.583185 0.001245 0.059 0.039 0.035
v -0.209815 -0.199107 -0.168311 0.047 0.043 0.031
v 0.460878 0.794523 -0.230125 0.302 0.239 0.173
v -0.020197 1.017873 -0.029033 0.631 0.498 0.400
v -0.288129 -0.907144 -0.002866 0.055 0.047 0.043
v -0.890818 -0.420924 -0.368563 0.616 0.463 0.337
v 0.298720 -0.212102 -0.251438 0.039 0.035 0.024
v 0.349555 -0.863382 -0.124940 0.118 0.086 0.086
v 0.525636 -0.242176 -0.326029 0.945 0.788 0.624
v -0.688630 -0.686078 -0.269096 0.663 0.514 0.427
v 0.278514 -0.998753 -0.140742 0.114 0.106 0.098
v 0.319913 -0.645609 -0.065697 0.055 0.039 0.035
v -0.126272 0.344544 -0.317409 0.741 0.553 0.404
v -0.631671 -0.754362 -0.258188 0.047 0.024 0.024
v -0.442427 -0.640547 0.028125 0.063 0.047 0.051
v 0.009578 1.094732 -0.131656 0.294 0.231 0.173
v -0.032408 -0.108279 -0.231712 0.937 0.749 0.576
v -0.836251 -0.598444 -0.294178 0.816 0.639 0.486
v 0.091612 -0.689499 0.040813 0.071 0.055 0.055
v 0.409109 0.726275 -0.132951 0.722 0.561 0.459
v -0.119037 0.162729 -0.300928 0.769 0.596 0.455
v 0.572685 -0.507421 -0.294530 0.922 0.749 0.580
v 0.211440 0.657273 0.062206 0.498 0.318 0.231
v 0.338815 -0.723913 -0.067450 0.059 0.043 0.039
v 0.317626 -0.559519 -0.091636 0.051 0.043 0.031
v -0.048006 -0.558021 -0.006313 0.059 0.047 0.043
v -0.030277 -0.324847 -0.124219 0.043 0.035 0.027
v -0.235641 -0.739633 0.049600 0.082 0.063 0.078
v 0.357898 -0.307106 -0.217888 0.051 0.047 0.035
v -0.090768 -0.350338 -0.105361 0.047 0.039 0.035
v 0.484320 -0.218046 -0.334852 0.945 0.784 0.624
v 0.369898 -0.939820 -0.278354 0.227 0.212 0.176
v 0.031048 0.582051 0.050526 0.906 0.725 0.624
v 0.089622 -0.476126 -0.057071 0.055 0.043 0.039
v 0.075936 0.232952 -0.023290 0.592 0.388 0.318
v 0.337871 -0.307632 -0.208748 0.043 0.035 0.024
v -0.547213 0.051031 -0.395990 0.922 0.718 0.573
v 0.491360 -0.614827 -0.271609 0.796 0.655 0.478
v 0.365161 -0.413776 -0.170792 0.043 0.035 0.027
v 0.583687 -0.130359 -0.444931 0.894 0.714 0.549
v -0.273500 -0.415880 -0.050943 0.047 0.039 0.031
v -0.778048 -0.573363 -0.269639 0.847 0.675 0.541
v -0.116066 -0.381684 -0.087561 0.043 0.035 0.027
v -0.205248 -0.637443 0.041125 0.055 0.043 0.043
v 0.087312 0.584625 0.109550 0.831 0.639 0.553
v -0.324938 -0.591105 0.046274 0.055 0.039 0.039
v -0.409108 -0.665026 0.045471 0.051 0.043 0.039
v 0.348491 0.862762 0.032565 0.875 0.694 0.584
v 0.094190 0.761291 0.125395 0.957 0.784 0.690
v 0.311249 -1.092020 -0.254148 0.141 0.122 0.106
v 0.514185 -0.283737 -0.306678 0.937 0.788 0.624
v -0.409140 -0.197817 -0.178583 0.047 0.043 0.035
v 0.301178 0.719620 0.073274 0.914 0.737 0.643
v -0.033789 0.853001 0.055258 0.886 0.725 0.627
v 0.302842 -0.113350 -0.318074 0.047 0.039 0.024
v -0.255391 -0.808090 0.031627 0.047 0.039 0.039
v 0.550673 -0.603631 -0.289733 0.898 0.725 0.561
v 0.316738 -0.242860 -0.237302 0.047 0.039 0.027
v -0.493555 -0.557062 -0.025995 0.047 0.035 0.035
v 0.382367 -0.965902 -0.273834 0.145 0.098 0.078
v 0.222341 -0.861638 -0.008367 0.071 0.067 0.059
v 0.211611 0.035937 -0.337499 0.863 0.710 0.557
v -0.286157 -0.375350 -0.072604 0.043 0.035 0.027
v 0.259761 0.020164 -0.388733 0.882 0.718 0.557
v -0.105037 0.013460 -0.283271 0.914 0.733 0.573
v -0.037471 -0.228900 -0.166269 0.047 0.039 0.031
v 0.344447 -0.080298 -0.381469 0.043 0.035 0.024
v 0.079605 -0.611013 0.013660 0.067 0.051 0.047
v -0.076227 0.342311 -0.240335 0.663 0.494 0.373
v 0.100129 -0.079647 -0.269920 0.949 0.753 0.592
v -0.024186 -0.269803 -0.149388 0.043 0.039 0.027
v 0.379696 0.534766 -0.276275 0.847 0.482 0.400
v 0.410414 -0.897574 -0.268584 0.486 0.365 0.271
v 0.337761 -0.683942 -0.073103 0.055 0.043 0.039
v -0.102672 -0.541099 -0.010410 0.055 0.047 0.039
v -0.041986 -0.415995 -0.077195 0.047 0.039 0.031
v -0.619404 -0.662129 -0.205326 0.031 0.016 0.012
v 0.394708 0.921180 -0.025044 0.698 0.545 0.431
v -0.248911 -0.722829 0.054662 0.067 0.059 0.059
v -0.071952 -0.586816 0.005908 0.051 0.043 0.039
v 0.248661 -0.518602 -0.071052 0.055 0.043 0.039
v 0.411254 0.989112 -0.118483 0.471 0.384 0.318
v -0.260175 -0.880327 0.006001 0.027 0.024 0.020
v 0.337205 -0.343626 -0.188768 0.043 0.039 0.027
v -0.111908 0.501247 -0.089392 0.761 0.588 0.506
v 0.389010 0.596659 -0.268113 0.749 0.490 0.373
v 0.582934 -0.469634 -0.301593 0.929 0.761 0.584
v 0.255795 -0.407773 -0.124006 0.055 0.051 0.039
v -0.543655 -0.667925 -0.060170 0.047 0.043 0.039
v -0.593869 0.051915 -0.395462 0.914 0.706 0.561
v 0.179299 0.468387 0.043515 0.937 0.757 0.647
v 0.026404 -0.801019 0.032770 0.078 0.071 0.067
v 0.109893 -0.194293 -0.203176 0.059 0.039 0.031
v -0.495844 -0.641168 -0.004706 0.059 0.051 0.043
v 0.331454 0.640510 -0.005561 0.839 0.675 0.569
v 0.606067 -0.557750 -0.314384 0.898 0.729 0.565
v 0.321055 -0.066158 -0.376222 0.051 0.039 0.027
v 0.335652 -0.747840 -0.062312 0.055 0.043 0.035
v 0.210102 0.669417 0.080049 0.651 0.471 0.365
v 0.091261 0.316146 0.017014 0.914 0.702 0.600
v -0.028720 0.146090 -0.251822 0.847 0.694 0.545
v -0.602319 -0.224967 -0.220083 0.918 0.749 0.576
v 0.284815 1.021187 0.006960 0.341 0.290 0.208
v 0.665136 -0.518802 -0.340979 0.890 0.722 0.545
v 0.071068 0.896810 0.101397 0.953 0.784 0.675
v -0.476943 -0.056183 -0.270645 0.075 0.059 0.043
v 0.253961 -1.042914 -0.135408 0.059 0.055 0.043
v 0.253807 0.005030 -0.379291 0.882 0.710 0.561
v 0.520334 -0.899687 -0.294681 0.863 0.655 0.506
v 0.185947 -0.387098 -0.117412 0.043 0.035 0.027
v -0.228347 -0.811473 0.026337 0.055 0.051 0.055
v 0.081344 0.704513 0.113801 0.729 0.576 0.478
v -0.549587 -0.488767 -0.137784 0.020 0.016 0.012
v 0.368305 0.931402 0.012743 0.718 0.541 0.443
v 0.186315 0.297918 -0.038171 0.906 0.737 0.627
v 0.310211 -0.160554 -0.288834 0.043 0.039 0.027
v 0.510277 -0.369762 -0.282117 0.941 0.776 0.604
v -0.083856 0.522154 -0.020234 0.784 0.612 0.522
v 0.157024 0.268142 -0.185605 0.604 0.471 0.373
v 0.123733 -0.731882 0.046283 0.094 0.082 0.086
v 0.172217 -0.664832 0.025391 0.063 0.051 0.043
v -0.071589 0.474212 -0.031128 0.776 0.608 0.525
v 0.191847 0.968512 0.078407 0.902 0.706 0.616
v 0.137552 -0.548461 -0.023506 0.055 0.047 0.039
v 0.541102 -0.529785 -0.279456 0.914 0.737 0.569
v -0.569895 -0.152814 -0.240747 0.933 0.780 0.608
v 0.033393 -0.352628 -0.119055 0.051 0.043 0.035
v -0.152245 -0.622742 0.025385 0.051 0.047 0.039
v -0.024356 0.768995 0.085469 0.875 0.718 0.631
v 0.269124 -0.653939 -0.020439 0.051 0.039 0.035
v 0.182161 -0.063759 -0.305935 0.902 0.722 0.561
v 0.289774 -0.792237 -0.024094 0.067 0.059 0.063
v 0.392001 0.606953 -0.236616 0.769 0.584 0.451
v -0.022527 -0.459471 -0.055888 0.055 0.043 0.035
v 0.016003 0.171712 -0.228793 0.796 0.639 0.494
v -0.077357 -0.169895 -0.183106 0.059 0.051 0.039
v -0.004829 0.375842 -0.002067 0.894 0.710 0.604
v -0.037282 -0.903766 -0.002132 0.043 0.039 0.031
v 0.405267 0.863399 -0.049353 0.753 0.592 0.494
v 0.177436 1.025929 0.045103 0.302 0.224 0.149
v -0.116843 -0.783007 0.028463 0.098 0.082 0.086
v -0.370685 -0.017951 -0.308912 0.031 0.027 0.020
v 0.421503 -0.991058 -0.253177 0.706 0.545 0.447
v -0.631821 -0.127791 -0.253505 0.925 0.765 0.592
v -0.224063 0.060834 -0.356977 0.890 0.710 0.537
v 0.357084 0.519474 -0.212623 0.812 0.635 0.514
v 0.274806 0.123884 -0.431884 0.835 0.631 0.463
v -0.535137 -0.775550 -0.084415 0.047 0.039 0.039
v 0.648657 -0.734683 -0.363942 0.851 0.663 0.506
v -0.667364 -0.454361 -0.234623 0.871 0.710 0.553
v -0.613743 -0.858230 -0.224394 0.212 0.325 0.180
v 0.245654 0.358517 -0.061039 0.882 0.706 0.592
v 0.453238 -0.442885 -0.216953 0.894 0.710 0.549
v -0.134162 -0.827704 0.013399 0.055 0.047 0.043
v -0.156727 -0.435401 -0.055429 0.047 0.035 0.031
v -0.739831 -0.742257 -0.264116 0.816 0.643 0.510
v 0.085059 -1.052898 -0.064232 0.035 0.035 0.027
v 0.422538 -0.208330 -0.308874 0.067 0.055 0.043
v 0.087751 -0.181126 -0.203917 0.059 0.047 0.035
v -0.328508 -0.752397 0.050368 0.051 0.043 0.051
v 0.420877 1.019153 -0.177183 0.310 0.259 0.196
v -0.286298 -0.734260 0.056432 0.075 0.067 0.071
v -0.529875 -0.153858 -0.233625 0.945 0.784 0.624
v 0.435057 -0.785288 -0.289533 0.522 0.400 0.314
v 0.271964 -0.798257 -0.011748 0.082 0.067 0.063
v 0.473919 -0.466359 -0.229110 0.890 0.706 0.529
v 0.492954 -0.512028 -0.258420 0.741 0.557 0.373
v -0.287154 -0.450282 -0.029973 0.043 0.031 0.024
v 0.599175 -0.523104 -0.308047 0.914 0.745 0.580
v 0.344811 0.554803 -0.070115 0.804 0.608 0.467
v 0.315498 -1.031077 -0.226723 0.118 0.102 0.106
v 0.328075 0.656957 0.020503 0.851 0.682 0.580
v 0.142730 0.518198 0.106523 0.831 0.608 0.522
v -0.109893 0.867222 -0.062172 0.663 0.514 0.424
v -0.120713 0.838128 -0.091378 0.627 0.478 0.396
v -0.249457 -0.100274 -0.218984 0.039 0.031 0.020
v 0.252311 0.395273 -0.037285 0.875 0.706 0.604
v 0.333912 0.541030 -0.049219 0.843 0.647 0.506
v 0.152245 -0.657649 0.026988 0.063 0.047 0.043
v 0.620652 -0.841242 -0.358395 0.867 0.655 0.502
v -0.567292 -0.240615 -0.198771 0.925 0.761 0.592
v -0.071408 0.511688 -0.010969 0.804 0.631 0.549
v -0.150277 0.713845 -0.290466 0.678 0.482 0.396
v 0.605403 -0.676198 -0.329362 0.871 0.698 0.533
v 0.144889 0.479175 0.065958 0.753 0.525 0.451
v 0.119776 0.577110 0.110263 0.918 0.710 0.624
v 0.640809 -0.296039 -0.324656 0.941 0.788 0.631
v -0.087732 0.922504 -0.039289 0.643 0.482 0.396
v -0.295273 0.117488 -0.491409 0.855 0.659 0.522
v 0.273212 -0.338070 -0.165136 0.047 0.039 0.031
v 0.030206 0.466032 0.050712 0.827 0.647 0.569
v -0.120444 0.726324 -0.096908 0.796 0.635 0.533
v -0.510981 -0.467889 -0.091613 0.055 0.047 0.035
v 0.406267 0.489255 -0.301013 0.788 0.545 0.431
v -0.133425 0.515876 -0.181373 0.710 0.529 0.427
v -0.736172 -0.546211 -0.254885 0.855 0.682 0.545
v 0.360969 0.999948 -0.036502 0.306 0.224 0.149
v 0.315396 0.423139 -0.137305 0.816 0.635 0.518
v -0.096268 0.302311 -0.277092 0.765 0.588 0.443
v -0.619197 -0.001848 -0.316619 0.933 0.745 0.592
v 0.278332 0.496475 0.006906 0.914 0.706 0.596
v 0.709131 -0.225580 -0.427764 0.855 0.675 0.525
v -0.128394 -0.706550 0.032291 0.051 0.043 0.047
v 0.261828 -0.704899 -0.000489 0.055 0.043 0.035
v -0.175953 0.579325 -0.286092 0.796 0.545 0.478
v -0.444777 -0.330350 -0.109644 0.047 0.035 0.027
v -0.678183 -0.311240 -0.230753 0.890 0.725 0.565
v 0.268444 -0.495530 -0.088951 0.047 0.039 0.031
v -0.000076 -0.957902 -0.021761 0.043 0.039 0.031
v -0.030410 0.199559 -0.241777 0.741 0.584 0.451
v -0.133335 0.726891 -0.142867 0.761 0.600 0.518
v 0.031232 0.874834 0.092171 0.918 0.745 0.643
v 0.229325 0.611003 0.042799 0.580 0.404 0.349
v -0.488918 -0.532008 -0.034943 0.047 0.039 0.035
v -0.109165 0.693095 -0.048715 0.792 0.643 0.549
v -0.177781 0.102047 -0.352488 0.796 0.616 0.463
v -0.020244 0.637900 0.039527 0.694 0.494 0.388
v -0.047498 -0.221116 -0.168152 0.055 0.039 0.035
v 0.414000 0.671457 -0.189501 0.569 0.431 0.337
v 0.284229 -0.465512 -0.108426 0.051 0.043 0.031
v 0.061761 -1.029864 -0.053565 0.043 0.039 0.031
v -0.119113 0.534813 -0.085547 0.722 0.545 0.463
v -0.883495 -0.567235 -0.332474 0.718 0.565 0.435
v 0.299789 -0.727906 -0.025993 0.071 0.055 0.051
v 0.201075 0.592318 0.042640 0.855 0.659 0.557
v -0.114477 0.649258 -0.046743 0.800 0.616 0.502
v -0.596445 -0.096552 -0.263085 0.933 0.773 0.604
v 0.192568 -0.294467 -0.170224 0.047 0.039 0.031
v -0.138713 0.677462 -0.174729 0.757 0.561 0.467
v 0.125701 0.987141 0.072093 0.780 0.604 0.506
v 0.360344 0.971054 -0.006738 0.439 0.337 0.247
v 0.252700 -0.224983 -0.226104 0.051 0.043 0.027
v 0.575212 -0.574418 -0.300537 0.898 0.725 0.561
v -0.345300 -0.298049 -0.113041 0.051 0.039 0.035
v 0.507791 -1.082714 -0.297066 0.871 0.667 0.537
v -0.586122 -0.628661 -0.140632 0.024 0.016 0.020
v -0.696362 -0.315104 -0.237155 0.886 0.718 0.557
v -0.022433 -1.041998 -0.035887 0.043 0.031 0.027
v -0.673483 -0.123033 -0.256997 0.914 0.761 0.592
v 0.350491 -0.137533 -0.329290 0.035 0.031 0.020
v -0.232739 -0.851811 0.012612 0.039 0.035 0.027
v -0.378471 -0.836844 -0.003060 0.055 0.043 0.043
v 0.391995 -0.686551 -0.149248 0.075 0.055 0.047
v 0.117965 0.252365 -0.186375 0.600 0.475 0.373
v -0.345945 -0.514121 0.009958 0.051 0.039 0.035
v 0.198567 -0.381840 -0.122631 0.043 0.035 0.027
v -0.703521 -0.859118 -0.148245 0.722 0.549 0.451
v -0.157344 -0.032217 -0.262015 0.914 0.714 0.557
v 0.315670 -1.057513 -0.243341 0.180 0.149 0.141
v 0.288595 -1.008664 -0.162115 0.098 0.082 0.086
v 0.138477 -0.444531 -0.080019 0.055 0.043 0.039
v 0.112347 0.954371 0.087409 0.949 0.776 0.667
v -0.373319 -0.223955 -0.158317 0.039 0.035 0.027
v -0.001726 0.700084 0.069589 0.451 0.231 0.149
v 0.206441 -0.839781 0.012733 0.075 0.059 0.055
v 0.426064 0.698629 -0.196855 0.553 0.431 0.349
v -0.217659 -0.282454 -0.126857 0.039 0.035 0.031
v -0.259898 -0.123445 -0.209875 0.039 0.039 0.031
v -0.442256 0.035240 -0.367808 0.031 0.024 0.008
v 0.388308 -0.153823 -0.334205 0.031 0.027 0.016
v -0.347712 -0.228886 -0.153366 0.043 0.039 0.031
v -0.207537 -0.080120 -0.211620 0.063 0.047 0.039
v 0.578740 -0.895675 -0.337622 0.878 0.663 0.518
v 0.580658 -0.244438 -0.328342 0.945 0.784 0.627
v 0.325690 -0.966909 -0.188934 0.094 0.063 0.055
v 0.164479 0.531294 0.063046 0.918 0.725 0.624
v -0.456264 -0.471754 -0.045672 0.055 0.043 0.035
v 0.576738 -0.599999 -0.303956 0.898 0.729 0.561
v -0.111321 -0.601251 0.013346 0.063 0.051 0.047
v 0.374695 -0.299050 -0.228365 0.047 0.043 0.027
v -0.630160 -0.877860 -0.058956 0.627 0.471 0.376
v 0.394505 0.852865 -0.029632 0.812 0.659 0.561
v -0.250347 -0.856122 0.011242 0.039 0.027 0.027
v 0.225750 -0.637201 -0.004057 0.055 0.047 0.039
v 0.623250 -0.461907 -0.318070 0.918 0.753 0.580
v 0.495286 -1.037291 -0.281617 0.871 0.675 0.541
v 0.513285 -0.213305 -0.342049 0.933 0.773 0.608
v -0.363000 -0.387034 -0.067521 0.043 0.035 0.027
v 0.118443 0.516468 0.144981 0.925 0.722 0.651
v -0.628352 -0.769453 -0.250376 0.055 0.031 0.035
v 0.100711 0.048715 -0.272704 0.910 0.753 0.588
v -0.654498 -0.825341 -0.285745 0.137 0.090 0.075
v 0.026125 0.163024 -0.228976 0.827 0.663 0.518
v -0.103876 0.426726 -0.110890 0.749 0.584 0.506
v 0.177744 -0.723454 0.036977 0.075 0.059 0.059
v 0.336957 0.513437 -0.104765 0.757 0.584 0.463
v 0.011101 0.306164 -0.004992 0.906 0.706 0.608
v -0.196546 -0.393902 -0.072013 0.051 0.039 0.031
v 0.005650 0.391162 0.006267 0.820 0.580 0.506
v -0.094430 0.527934 -0.034395 0.769 0.596 0.502
v -0.365701 -0.010780 -0.314601 0.039 0.031 0.027
v -0.164401 -0.802673 0.024997 0.051 0.043 0.043
v -0.439313 -0.870901 -0.052457 0.082 0.067 0.067
v -0.111377 0.941117 -0.118247 0.420 0.322 0.243
v 0.348960 -1.000608 -0.276889 0.137 0.118 0.090
v 0.390234 0.859044 -0.022243 0.839 0.686 0.588
v -0.797078 -0.550469 -0.276908 0.843 0.671 0.537
v 0.325654 0.014472 -0.482614 0.867 0.690 0.565
v 0.029955 -0.300579 -0.142266 0.047 0.039 0.031
v 0.624260 -0.531791 -0.320793 0.914 0.745 0.576
v -0.145820 -0.489904 -0.028593 0.047 0.039 0.031
v 0.173776 -0.249480 -0.190460 0.051 0.043 0.035
v -0.296755 -0.275890 -0.125443 0.039 0.035 0.024
v 0.234346 -0.926585 -0.058538 0.090 0.067 0.063
v -0.193365 -0.099344 -0.203789 0.043 0.035 0.024
v -0.569856 -0.088424 -0.266200 0.933 0.776 0.608
v -0.206553 -0.839699 0.013672 0.047 0.039 0.043
v 0.319782 -0.539796 -0.099349 0.055 0.039 0.039
v -0.588911 -0.023571 -0.300132 0.941 0.769 0.604
v 0.229265 -0.146373 -0.261780 0.047 0.035 0.027
v 0.181978 -0.690658 0.030981 0.071 0.055 0.051
v 0.306113 0.606026 0.004822 0.886 0.690 0.549
v 0.153801 0.004705 -0.303563 0.890 0.733 0.576
v 0.353133 0.851119 0.027894 0.890 0.718 0.612
v 0.317421 -0.663102 -0.056811 0.051 0.035 0.027
v 0.103746 0.995559 0.063633 0.745 0.580 0.482
v -0.339928 0.076160 -0.412750 0.035 0.024 0.016
v 0.207671 0.280672 -0.088349 0.769 0.604 0.498
v 0.368575 0.918822 0.016115 0.804 0.627 0.522
v 0.210021 -0.027725 -0.338048 0.867 0.690 0.533
v 0.221966 0.293343 -0.093814 0.792 0.612 0.506
v -0.566018 -0.071131 -0.274659 0.953 0.792 0.624
v -0.667816 -0.174402 -0.251102 0.910 0.749 0.580
v 0.118554 0.066867 -0.273718 0.914 0.757 0.592
v -0.074157 0.905872 -0.008513 0.784 0.616 0.518
v -0.092060 -0.305990 -0.126467 0.043 0.035 0.027
v -0.186556 0.759647 -0.287316 0.627 0.369 0.282
v -0.471006 -0.666799 0.015283 0.047 0.043 0.039
v 0.192863 -0.612884 -0.002483 0.055 0.043 0.039
v 0.297971 1.051425 -0.039976 0.263 0.212 0.145
v 0.029237 -0.770140 0.037888 0.102 0.090 0.094
v -0.100919 -0.876582 0.003331 0.047 0.047 0.039
v 0.282272 -1.091581 -0.183289 0.047 0.016 0.004
v 0.273653 -0.411095 -0.128127 0.051 0.047 0.039
v 0.130882 -0.720920 0.045205 0.067 0.051 0.047
v -0.064806 0.544378 0.007287 0.882 0.678 0.569
v -0.367642 0.102110 -0.500883 0.055 0.051 0.043
v -0.794657 -0.375813 -0.273804 0.851 0.686 0.545
v 0.356569 0.770856 0.015516 0.886 0.733 0.616
v 0.295452 0.457369 -0.044119 0.859 0.675 0.573
v 0.006309 -0.502150 -0.035091 0.051 0.043 0.035
v -0.106400 0.104320 -0.289763 0.839 0.663 0.525
v -0.732637 -0.154236 -0.273503 0.882 0.718 0.553
v -0.041755 0.954940 0.008441 0.804 0.620 0.510
v -0.520497 -0.858429 -0.103681 0.051 0.031 0.027
v 0.044985 0.572582 0.060901 0.859 0.671 0.573
v 0.260029 0.973807 0.056765 0.620 0.475 0.388
v -0.090806 0.978466 -0.094588 0.408 0.302 0.212
v 0.716987 -0.368244 -0.374498 0.859 0.675 0.510
v 0.668137 -0.382077 -0.335590 0.894 0.733 0.561
v -0.209579 -0.775038 0.041200 0.122 0.106 0.106
v -0.782311 -0.065059 -0.365858 0.729 0.529 0.416
v -0.103732 0.140147 -0.287615 0.804 0.635 0.494
v -0.075134 -0.701222 0.032761 0.063 0.055 0.059
v 0.057113 0.542403 0.094399 0.714 0.506 0.427
v -0.650501 -0.223045 -0.238269 0.902 0.741 0.569
v -0.824868 -0.341328 -0.293816 0.808 0.635 0.482
v 0.339988 0.655084 -0.010017 0.839 0.671 0.569
v -0.117905 -0.067805 -0.231616 0.953 0.745 0.588
v 0.700689 -0.210774 -0.441358 0.855 0.671 0.514
v 0.361952 -0.804944 -0.105191 0.086 0.082 0.075
v 0.237704 0.735658 0.110414 0.945 0.765 0.671
v 0.229883 0.231365 -0.287655 0.871 0.702 0.541
v -0.069327 0.720978 0.041184 0.773 0.600 0.518
v -0.484332 -0.573072 -0.012424 0.043 0.031 0.027
v 0.465268 0.822854 -0.242942 0.267 0.192 0.137
v 0.225530 -0.898275 -0.033720 0.082 0.067 0.067
v -0.020051 0.383934 -0.009480 0.871 0.694 0.580
v -0.382858 -0.409531 -0.057298 0.051 0.035 0.031
v -0.381039 -0.162762 -0.199716 0.035 0.027 0.020
v -0.281346 -0.917555 -0.003115 0.055 0.031 0.031
v 0.373548 0.485618 -0.261136 0.945 0.745 0.627
v 0.061985 -0.439482 -0.077005 0.059 0.047 0.043
v 0.374241 -0.983676 -0.277708 0.165 0.133 0.106
v -0.255079 -0.259805 -0.135453 0.039 0.031 0.024
v 0.005712 0.431860 0.032498 0.769 0.584 0.486
v 0.537458 -0.226863 -0.336181 0.933 0.765 0.600
v 0.240943 -0.878588 -0.029686 0.106 0.090 0.090
v 0.434509 0.914315 -0.120338 0.549 0.427 0.333
v 0.024738 0.295717 -0.000158 0.914 0.714 0.620
v -0.126251 0.922896 -0.148217 0.376 0.290 0.220
v -0.229209 0.032199 -0.339241 0.886 0.710 0.545
v 0.232939 0.175223 -0.316822 0.831 0.663 0.494
v -0.027877 -0.596501 0.009268 0.051 0.039 0.031
v 0.150011 0.261852 -0.190157 0.627 0.494 0.400
v -0.591801 -0.174438 -0.236771 0.933 0.773 0.600
v 0.022329 0.697282 0.078398 0.494 0.310 0.224
v -0.357159 -0.273317 -0.127230 0.043 0.039 0.031
v -0.018889 0.165605 -0.243405 0.804 0.655 0.514
v 0.417404 0.611566 -0.275541 0.812 0.616 0.522
v -0.148563 0.896582 -0.254693 0.259 0.204 0.153
v 0.137810 1.012617 0.055978 0.443 0.341 0.251
v 0.364752 -0.837031 -0.130160 0.110 0.090 0.082
v -0.860554 -0.580176 -0.311454 0.780 0.600 0.455
v 0.318094 0.638431 0.008562 0.804 0.627 0.514
v -0.690065 -0.392124 -0.231878 0.867 0.698 0.549
v 0.343584 0.777591 0.034873 0.902 0.749 0.627
v 0.475456 -0.132791 -0.398134 0.216 0.169 0.149
v 0.430763 -0.909128 -0.257165 0.671 0.522 0.408
v 0.193738 0.545420 0.046620 0.945 0.761 0.655
v 0.337937 0.547227 -0.055975 0.835 0.635 0.490
v -0.648738 -0.078400 -0.265340 0.937 0.776 0.616
v -0.405648 -0.441459 -0.043994 0.047 0.035 0.031
v -0.215682 -0.725384 0.048267 0.075 0.063 0.059
v 0.195084 -0.743208 0.034242 0.075 0.055 0.051
v -0.128772 0.681785 -0.102227 0.820 0.639 0.537
v -0.900206 -0.420427 -0.405954 0.580 0.431 0.302
v 0.484469 -0.435080 -0.245591 0.867 0.694 0.522
v 0.328271 -0.776346 -0.056447 0.055 0.043 0.039
v 0.064702 -0.355947 -0.121176 0.043 0.035 0.027
v 0.378644 -0.896229 -0.254420 0.153 0.122 0.114
v -0.274910 -0.558029 0.029913 0.051 0.043 0.035
v 0.210794 0.698573 0.115419 0.631 0.471 0.384
v 0.466740 0.646781 -0.298736 0.780 0.529 0.412
v 0.023481 0.202114 -0.216584 0.659 0.525 0.408
v 0.482493 -0.778753 -0.279412 0.773 0.592 0.455
v 0.111544 0.761326 0.127376 0.957 0.784 0.686
v -0.121453 0.940187 -0.146141 0.388 0.314 0.243
v 0.537310 -1.016398 -0.310505 0.882 0.678 0.541
v 0.037632 1.012320 0.033636 0.569 0.416 0.322
v 0.067049 -0.964808 -0.034757 0.051 0.047 0.039
v 0.340209 1.034395 -0.054947 0.404 0.357 0.294
v -0.300040 -0.334014 -0.094184 0.047 0.035 0.031
v 0.028226 -0.060131 -0.275472 0.925 0.737 0.569
v -0.867151 -0.295871 -0.358127 0.678 0.506 0.376
v 0.195189 0.254504 -0.244076 0.886 0.722 0.573
v 0.141260 -0.754077 0.045054 0.094 0.075 0.078
v 0.369051 -1.080891 -0.279276 0.243 0.176 0.125
v 0.347050 0.754197 0.024250 0.890 0.725 0.612
v -0.528322 -0.665801 -0.038861 0.031 0.027 0.020
v 0.264352 0.345716 -0.105299 0.808 0.616 0.494
v 0.309273 0.442368 -0.095590 0.831 0.651 0.541
v -0.030973 1.040336 -0.074583 0.584 0.467 0.369
v -0.232280 -0.874574 0.007840 0.043 0.039 0.035
v 0.394018 -0.791325 -0.188169 0.063 0.031 0.024
v -0.009816 0.677584 0.047669 0.235 0.165 0.133
v 0.568369 -0.458497 -0.296341 0.922 0.753 0.576
v 0.168537 0.254080 -0.218509 0.792 0.635 0.510
v -0.889569 -0.604268 -0.332887 0.741 0.565 0.424
v -0.213669 0.051256 -0.346556 0.890 0.710 0.541
v -0.075734 0.650509 0.004299 0.871 0.682 0.549
v 0.521731 -0.429009 -0.277073 0.918 0.741 0.553
v -0.024386 -0.146707 -0.193234 0.063 0.047 0.035
v 0.326241 -0.932817 -0.151594 0.118 0.094 0.090
v -0.774087 -0.100725 -0.316640 0.800 0.639 0.514
v 0.169961 -0.471658 -0.069700 0.047 0.039 0.031
v 0.019076 0.856400 0.090721 0.906 0.737 0.639
v 0.069097 -0.494591 -0.043899 0.051 0.039 0.035
v -0.812341 -0.115942 -0.385507 0.671 0.490 0.361
v 0.035718 -0.447422 -0.070064 0.055 0.043 0.039
v 0.397450 -0.830779 -0.246518 0.102 0.090 0.075
v -0.684205 -0.703720 -0.275709 0.576 0.455 0.369
v -0.130819 0.875551 -0.133126 0.424 0.306 0.235
v 0.446627 0.906217 -0.151488 0.408 0.318 0.231
v 0.223829 -0.342708 -0.149577 0.039 0.035 0.024
v 0.550254 -0.159701 -0.394247 0.918 0.737 0.576
v 0.003584 -0.979805 -0.028536 0.043 0.039 0.039
v 0.419001 0.783803 -0.109776 0.627 0.478 0.388
v -0.729603 -0.088959 -0.284601 0.894 0.725 0.565
v 0.081607 0.337597 0.031031 0.761 0.573 0.490
v -0.304251 -0.368774 -0.075015 0.047 0.035 0.031
v -0.018234 0.833036 0.072953 0.886 0.718 0.624
v 0.158888 -0.320850 -0.149021 0.043 0.039 0.027
v -0.357145 0.101937 -0.485028 0.035 0.027 0.024
v 0.313905 0.749159 0.062410 0.914 0.737 0.624
v -0.030502 -0.411842 -0.080966 0.047 0.043 0.035
v -0.228215 0.153681 -0.472885 0.847 0.643 0.471
v -0.351666 -0.387157 -0.066728 0.039 0.031 0.027
v -0.121304 0.991889 -0.224091 0.275 0.212 0.153
v 0.302805 0.436970 -0.083409 0.851 0.675 0.561
v 0.311136 -0.092551 -0.344584 0.043 0.035 0.020
v 0.353468 1.037617 -0.074158 0.180 0.125 0.055
v -0.603067 -0.054726 -0.279146 0.937 0.773 0.608
v -0.587168 -0.751121 -0.164252 0.039 0.027 0.031
v -0.244371 -0.511101 0.001219 0.051 0.043 0.039
v -0.099429 -0.621313 0.018311 0.055 0.043 0.039
v 0.348923 -0.007264 -0.481148 0.157 0.141 0.133
v -0.074536 0.059757 -0.274900 0.859 0.682 0.525
v 0.567403 -0.429526 -0.298465 0.929 0.765 0.588
v 0.484784 -0.742791 -0.279299 0.800 0.612 0.471
v -0.137534 0.570656 -0.257194 0.808 0.608 0.510
v 0.537040 -0.580371 -0.281333 0.878 0.706 0.541
v -0.028803 -0.527670 -0.019976 0.051 0.035 0.035
v -0.160179 0.752275 -0.219518 0.420 0.290 0.212
v 0.371040 0.717330 -0.043494 0.843 0.678 0.561
v 0.389460 -1.074626 -0.268456 0.549 0.416 0.341
v -0.757406 -0.037554 -0.351272 0.788 0.596 0.471
v 0.376158 0.633260 -0.119850 0.816 0.624 0.494
v 0.307247 -0.979788 -0.169513 0.106 0.075 0.067
v 0.264870 0.510712 0.020756 0.918 0.694 0.576
v -0.526041 -0.241024 -0.177204 0.067 0.047 0.031
v 0.433617 0.652129 -0.269780 0.580 0.314 0.200
v 0.273377 0.508082 0.014216 0.925 0.725 0.604
v -0.617126 -0.652377 -0.197682 0.031 0.024 0.020
v 0.158721 0.537363 0.075229 0.902 0.729 0.624
v -0.600422 -0.314935 -0.197094 0.831 0.659 0.490
v -0.717106 -0.497863 -0.245805 0.855 0.686 0.549
v -0.545805 -0.403522 -0.153045 0.043 0.027 0.024
v 0.497467 -1.087132 -0.292826 0.863 0.671 0.537
v -0.038794 0.859843 0.048750 0.878 0.714 0.616
v 0.363626 0.554945 -0.182337 0.765 0.580 0.471
v -0.028250 0.218567 -0.236165 0.698 0.529 0.404
v 0.640978 -0.638408 -0.343872 0.871 0.702 0.533
v -0.511354 -0.631302 -0.018520 0.055 0.047 0.043
v 0.428294 0.726720 -0.182708 0.514 0.400 0.306
v -0.795875 -0.215529 -0.298144 0.839 0.663 0.506
v 0.181872 0.936507 0.093899 0.957 0.773 0.659
v 0.572056 -0.398084 -0.302859 0.925 0.761 0.584
v 0.145768 -0.107128 -0.253486 0.929 0.737 0.584
v 0.272485 0.958302 0.059951 0.757 0.576 0.478
v 0.282045 0.366309 -0.113546 0.788 0.604 0.478
v -0.100252 0.378428 -0.149828 0.655 0.494 0.384
v -0.090154 1.026783 -0.165673 0.306 0.227 0.169
v -0.806311 -0.481297 -0.281717 0.835 0.675 0.537
v 0.202872 0.752821 0.120977 0.953 0.773 0.682
v -0.115488 0.500963 -0.100020 0.753 0.576 0.498
v 0.406095 -0.785533 -0.232007 0.094 0.094 0.094
v 0.312328 1.018616 -0.013882 0.388 0.329 0.235
v -0.361520 -0.148549 -0.208818 0.035 0.031 0.024
v -0.549799 -0.753075 -0.098587 0.020 0.020 0.020
v 0.069258 -0.533199 -0.022114 0.051 0.039 0.031
v 0.221942 -0.542152 -0.049991 0.051 0.039 0.031
v 0.352585 0.543619 -0.131688 0.749 0.576 0.455
v 0.209847 -0.266724 -0.189373 0.047 0.043 0.027
v 0.446100 -0.947501 -0.253137 0.780 0.600 0.486
v 0.343986 0.465518 -0.251223 0.824 0.639 0.518
v -0.504839 -0.323549 -0.138673 0.055 0.043 0.031
v 0.627003 -0.719622 -0.348094 0.863 0.671 0.518
v 0.307899 -0.969899 -0.162030 0.106 0.075 0.067
v -0.065697 0.656847 0.011692 0.820 0.624 0.498
v -0.008737 -0.047931 -0.277497 0.914 0.722 0.557
v 0.294360 0.484050 -0.016726 0.886 0.690 0.580
v 0.694601 -0.446307 -0.355609 0.878 0.698 0.529
v 0.620463 -0.264313 -0.325397 0.953 0.800 0.643
v 0.125282 0.485987 0.136916 0.855 0.643 0.588
v 0.392025 0.983203 -0.070281 0.475 0.388 0.294
v -0.069976 0.331294 -0.111820 0.671 0.506 0.404
v -0.077511 0.791392 0.023631 0.788 0.627 0.533
v -0.723634 -0.352632 -0.242710 0.875 0.706 0.553
v -0.095935 0.144117 -0.281799 0.804 0.635 0.498
v 0.320999 -0.333655 -0.186864 0.067 0.063 0.047
v -0.275326 -0.182132 -0.178932 0.043 0.039 0.031
v -0.069035 0.621214 0.011863 0.922 0.725 0.596
v 0.120973 0.126915 -0.259084 0.910 0.753 0.596
v -0.351705 -0.205520 -0.168992 0.047 0.043 0.031
v 0.388201 -0.241249 -0.266959 0.043 0.031 0.024
v -0.293549 -0.456700 -0.025602 0.051 0.039 0.031
v -0.129482 0.562164 -0.128604 0.729 0.553 0.463
v -0.403094 -0.703464 0.044417 0.063 0.047 0.051
v 0.028254 0.149092 -0.232956 0.851 0.690 0.549
v 0.623324 -0.507097 -0.318458 0.918 0.753 0.584
v 0.333149 -0.968001 -0.205779 0.141 0.110 0.102
v -0.373417 -0.847569 -0.007722 0.059 0.043 0.039
v -0.023410 0.485043 0.025344 0.898 0.694 0.588
v 0.181819 0.725145 0.124287 0.933 0.761 0.663
v 0.644930 -0.597920 -0.338590 0.890 0.718 0.549
v 0.592054 -0.299228 -0.312831 0.949 0.796 0.635
v -0.312496 0.095365 -0.439906 0.757 0.569 0.475
v -0.037315 0.821051 0.061807 0.886 0.718 0.620
v -0.146132 -0.675319 0.034530 0.071 0.059 0.059
v 0.208608 -0.724530 0.027991 0.059 0.043 0.043
v -0.714998 -0.184250 -0.261428 0.890 0.725 0.569
v -0.305350 -0.059156 -0.258191 0.031 0.027 0.016
v -0.062383 -0.169613 -0.184581 0.063 0.047 0.035
v 0.140671 -0.811919 0.039444 0.086 0.067 0.063
v 0.722971 -0.265159 -0.409567 0.859 0.686 0.533
v -0.342254 0.049775 -0.378386 0.027 0.020 0.016
v 0.376851 -0.034611 -0.485634 0.125 0.118 0.110
v 0.247237 -0.155502 -0.264356 0.047 0.035 0.020
v 0.403183 0.936871 -0.046418 0.643 0.498 0.392
v -0.109136 0.849885 -0.058293 0.616 0.475 0.400
v 0.360907 -0.929135 -0.229653 0.141 0.122 0.106
v 0.094778 0.898443 0.106096 0.969 0.796 0.690
v -0.090800 0.359891 -0.156470 0.600 0.427 0.325
v -0.415525 -0.463978 -0.034216 0.047 0.039 0.031
v 0.328002 0.680839 0.038969 0.792 0.620 0.522
v 0.723311 -0.408376 -0.384637 0.851 0.667 0.498
v 0.515606 -0.098359 -0.466892 0.863 0.682 0.553
v 0.279293 0.640682 0.040539 0.396 0.259 0.216
v 0.362797 0.682998 -0.047294 0.847 0.678 0.561
v 0.278609 0.353783 -0.134832 0.737 0.565 0.451
v 0.092357 -0.983766 -0.047973 0.039 0.035 0.035
v 0.251466 -1.063505 -0.140306 0.051 0.043 0.039
v -0.834672 -0.418227 -0.297155 0.792 0.627 0.498
v 0.212464 -0.800057 0.023179 0.086 0.067 0.063
v 0.348196 0.535346 -0.124812 0.753 0.584 0.471
v 0.261989 -0.509416 -0.080039 0.047 0.043 0.031
v -0.546636 -0.607108 -0.074113 0.031 0.031 0.031
v 0.572634 -0.559714 -0.297796 0.902 0.733 0.565
v 0.245036 0.479880 0.022700 0.918 0.706 0.608
v -0.123940 0.554160 -0.097618 0.710 0.529 0.435
v 0.014529 -0.446193 -0.068375 0.055 0.043 0.039
v -0.438655 -0.542634 0.001005 0.055 0.039 0.035
v -0.396456 -0.682114 0.049014 0.063 0.047 0.051
v -0.035101 -0.057586 -0.265088 0.894 0.698 0.529
v 0.161077 -0.699093 0.037233 0.055 0.043 0.039
v -0.401219 -0.098513 -0.244641 0.031 0.027 0.016
v -0.673768 -0.048957 -0.279022 0.949 0.792 0.635
v -0.193239 0.773918 -0.308601 0.875 0.592 0.478
v -0.064815 0.479316 -0.018937 0.788 0.612 0.529
v 0.605531 -0.225207 -0.342317 0.933 0.761 0.600
v 0.096902 0.909647 0.103391 0.965 0.792 0.682
v 0.164697 0.188006 -0.256459 0.922 0.769 0.608
v 0.369317 0.804365 0.004980 0.871 0.729 0.620
v -0.766959 -0.263843 -0.272238 0.878 0.706 0.545
v 0.667709 -0.585985 -0.350283 0.867 0.694 0.529
v 0.200358 0.308982 -0.046886 0.890 0.710 0.600
v -0.073789 -0.265651 -0.146196 0.047 0.035 0.027
v 0.275134 0.527948 0.019187 0.925 0.702 0.584
v -0.149891 0.885634 -0.236094 0.184 0.110 0.055
v 0.669506 -0.181911 -0.434227 0.878 0.702 0.545
v 0.114275 0.473231 0.126438 0.278 0.043 0.020
v 0.036117 0.815037 0.106170 0.945 0.765 0.675
v 0.249374 -0.929126 -0.071075 0.102 0.082 0.075
v 0.241078 -0.960498 -0.084374 0.106 0.078 0.082
v -0.624604 -0.831828 -0.242256 0.145 0.122 0.078
v -0.586954 -0.486116 -0.183390 0.020 0.016 0.012
v -0.094820 0.804126 -0.019077 0.769 0.620 0.529
v -0.009400 0.468830 0.029045 0.902 0.706 0.596
v 0.272626 0.116677 -0.420996 0.855 0.663 0.490
v -0.642476 -0.758208 -0.278848 0.047 0.024 0.024
v -0.154764 0.741240 -0.246600 0.808 0.600 0.522
v 0.409512 0.967276 -0.090247 0.498 0.392 0.294
v 0.299863 -0.640092 -0.049392 0.055 0.047 0.039
v 0.150791 0.327236 -0.001095 0.902 0.725 0.612
v 0.251541 -0.713727 0.007631 0.063 0.047 0.043
v 0.273041 0.021987 -0.403614 0.882 0.710 0.549
v -0.762233 -0.300671 -0.264383 0.882 0.710 0.553
v 0.535435 -0.717848 -0.293803 0.878 0.690 0.537
v -0.488244 -0.314110 -0.132839 0.047 0.039 0.031
v 0.379033 -0.025376 -0.504548 0.137 0.122 0.122
v -0.497531 -0.101318 -0.246648 0.314 0.231 0.176
v -0.032986 0.678304 0.042192 0.325 0.235 0.173
v 0.242339 0.328852 -0.082957 0.851 0.663 0.549
v -0.501784 -0.615696 -0.012509 0.063 0.051 0.051
v 0.101756 -0.583780 0.001055 0.063 0.047 0.043
v 0.395877 0.945966 -0.040889 0.580 0.435 0.325
v -0.150101 0.064983 -0.313591 0.847 0.678 0.522
v 0.337912 -0.852432 -0.099085 0.086 0.078 0.075
v 0.586104 -0.222336 -0.343106 0.929 0.757 0.592
v 0.323675 0.547909 -0.023945 0.886 0.682 0.545
v -0.680142 -0.014169 -0.308816 0.925 0.749 0.584
v -0.090727 -0.232960 -0.159170 0.055 0.043 0.035
v -0.677847 -0.482198 -0.238559 0.863 0.698 0.549
v 0.418085 -0.456314 -0.187678 0.055 0.043 0.031
v 0.566573 -0.234198 -0.333630 0.941 0.776 0.612
v -0.524042 -0.761008 -0.061859 0.059 0.059 0.051
v -0.517226 -0.583642 -0.040640 0.043 0.039 0.031
v -0.124901 -0.908880 -0.001825 0.039 0.035 0.027
v -0.798730 -0.125921 -0.337101 0.749 0.580 0.451
v -0.088938 0.343762 -0.262841 0.745 0.569 0.424
v 0.270268 -0.986578 -0.124054 0.110 0.090 0.082
v 0.073144 -0.297222 -0.148983 0.051 0.039 0.035
v -0.292293 -0.821678 0.023877 0.047 0.035 0.035
v -0.620807 -0.042843 -0.283139 0.953 0.788 0.631
v -0.552856 -0.596403 -0.090135 0.031 0.031 0.027
v 0.235372 -0.784206 0.015065 0.071 0.051 0.051
v -0.686664 -0.821394 -0.256735 0.561 0.431 0.365
v 0.430391 -0.839774 -0.275453 0.565 0.427 0.325
v 0.338495 0.473614 -0.205584 0.741 0.565 0.447
v -0.211392 -0.936531 -0.000626 0.075 0.059 0.055
v 0.450489 0.897148 -0.160164 0.314 0.235 0.161
v -0.188353 0.708402 -0.315201 0.859 0.643 0.549
v -0.479672 -0.491666 -0.049764 0.059 0.043 0.039
v 0.119273 0.218825 -0.214058 0.839 0.698 0.569
v -0.440211 -0.898261 -0.057950 0.078 0.071 0.071
v -0.045712 -0.465372 -0.049560 0.059 0.047 0.039
v 0.663161 -0.408402 -0.336545 0.898 0.737 0.565
v 0.200105 -1.047100 -0.100953 0.039 0.035 0.031
v -0.619602 -0.888037 -0.020523 0.592 0.435 0.333
v -0.556596 -0.555800 -0.121099 0.027 0.016 0.024
v -0.534165 -0.510772 -0.102527 0.039 0.035 0.027
v -0.127218 -0.376177 -0.089167 0.047 0.039 0.031
v -0.089876 -0.250035 -0.152230 0.055 0.043 0.031
v 0.315224 -0.025530 -0.403278 0.098 0.086 0.059
v 0.045131 -0.893048 0.002222 0.047 0.043 0.043
v -0.646323 -0.767942 -0.282349 0.188 0.133 0.106
v 0.282583 -0.626280 -0.041831 0.055 0.043 0.031
v 0.161459 -0.952023 -0.045186 0.055 0.039 0.035
v -0.001502 -0.156584 -0.194223 0.063 0.043 0.031
v 0.350974 0.634937 -0.044657 0.871 0.698 0.573
v -0.057636 0.048874 -0.268527 0.898 0.722 0.553
v -0.023521 0.309860 -0.037147 0.757 0.596 0.510
v -0.142077 0.197931 -0.337585 0.690 0.510 0.369
v 0.506799 -0.960088 -0.275716 0.871 0.671 0.529
v -0.041701 -0.122879 -0.212415 0.933 0.745 0.600
v 0.090110 -0.703903 0.043918 0.086 0.071 0.067
v 0.385531 0.816211 -0.022224 0.796 0.651 0.545
v 0.379134 0.766354 -0.026465 0.835 0.682 0.573
v 0.243121 -0.996887 -0.107029 0.059 0.043 0.039
v -0.104182 0.798997 -0.046844 0.769 0.624 0.522
v 0.165229 -0.838952 0.026338 0.067 0.059 0.055
v -0.016086 0.767860 0.090760 0.878 0.722 0.635
v 0.216421 -0.362250 -0.137291 0.043 0.035 0.027
v 0.122636 -0.651049 0.028525 0.067 0.051 0.047
v -0.038548 0.032749 -0.268349 0.914 0.741 0.569
v -0.202992 -0.036023 -0.249392 0.922 0.725 0.580
v -0.133303 0.381612 -0.346331 0.718 0.529 0.384
v -0.134293 0.401378 -0.349126 0.710 0.522 0.376
v 0.308510 -1.085682 -0.242313 0.122 0.114 0.118
v 0.260902 -0.141655 -0.276788 0.043 0.035 0.024
v 0.137131 -0.904243 -0.006423 0.078 0.063 0.067
v -0.126107 0.811991 -0.115786 0.675 0.529 0.447
v -0.349983 0.063153 -0.401715 0.027 0.024 0.016
v 0.128104 -0.006729 -0.292910 0.890 0.733 0.569
v -0.208549 -0.828207 0.016901 0.039 0.035 0.039
v 0.235153 0.155747 -0.328731 0.812 0.643 0.478
v -0.088199 0.404513 -0.094567 0.769 0.592 0.514
v 0.087087 -0.828929 0.036461 0.071 0.059 0.055
v 0.382336 1.018099 -0.092697 0.365 0.294 0.231
v -0.181448 -0.765226 0.036492 0.114 0.102 0.098
v 0.048928 0.417295 0.064578 0.749 0.396 0.365
v -0.381972 -0.683670 0.053908 0.059 0.047 0.047
v 0.333418 1.018020 -0.030272 0.278 0.224 0.153
v -0.582411 -0.332800 -0.189330 0.078 0.055 0.043
v 0.211598 -0.647875 0.006243 0.059 0.043 0.039
v -0.144028 -0.043173 -0.252167 0.922 0.706 0.549
v -0.087684 0.754779 0.011580 0.643 0.486 0.400
v -0.207287 -0.420249 -0.055814 0.043 0.035 0.027
v 0.223532 0.275472 -0.257098 0.863 0.702 0.557
v 0.490255 -0.910317 -0.270665 0.863 0.663 0.518
v 0.171881 0.264711 -0.206762 0.710 0.573 0.455
v -0.261475 0.034584 -0.346544 0.894 0.710 0.553
v -0.606186 -0.556437 -0.196353 0.020 0.012 0.008
v 0.066665 -1.063917 -0.060468 0.031 0.027 0.020
v 0.044126 -0.874088 0.014894 0.055 0.051 0.051
v -0.093775 0.217883 -0.277276 0.749 0.600 0.459
v -0.477676 -0.717990 0.002926 0.086 0.082 0.078
v -0.619943 -0.518893 -0.222187 0.482 0.365 0.251
v 0.021747 -0.700152 0.040091 0.063 0.055 0.051
v 0.728032 -0.275257 -0.413934 0.851 0.675 0.518
v 0.317603 -0.995534 -0.203838 0.133 0.118 0.122
v 0.411402 -0.578336 -0.181047 0.090 0.075 0.067
v -0.565692 -0.451078 -0.166371 0.027 0.024 0.020
v -0.352966 -0.057724 -0.272333 0.031 0.027 0.020
v -0.011383 -0.656265 0.029698 0.055 0.047 0.047
v -0.455786 -0.486090 -0.037840 0.067 0.051 0.047
v 0.020373 0.254417 -0.019775 0.588 0.408 0.325
v -0.310313 -0.884473 -0.002201 0.031 0.031 0.027
v 0.031016 -0.609939 0.013443 0.055 0.047 0.039
v 0.404658 0.784461 -0.069484 0.714 0.565 0.463
v -0.775216 -0.048307 -0.373517 0.733 0.541 0.424
v -0.698102 -0.074813 -0.273509 0.929 0.769 0.608
v -0.080128 -0.529357 -0.016819 0.059 0.043 0.039
v 0.053145 -0.126788 -0.222977 0.933 0.729 0.584
v 0.575289 -0.684413 -0.312766 0.890 0.718 0.557
v -0.814376 -0.457026 -0.284909 0.831 0.663 0.525
v 0.648430 -0.322365 -0.324361 0.922 0.769 0.604
v -0.339246 -0.172744 -0.189872 0.031 0.027 0.024
v 0.053695 -1.023215 -0.049929 0.039 0.035 0.027
v 0.157858 -0.335308 -0.140531 0.047 0.039 0.031
v 0.374584 -0.591386 -0.130819 0.051 0.043 0.035
v -0.420806 -0.664984 0.039953 0.059 0.047 0.047
v 0.049438 0.927052 0.083881 0.918 0.722 0.616
v 0.026446 0.948391 0.065221 0.886 0.698 0.584
v -0.914586 -0.515891 -0.412527 0.565 0.416 0.294
v -0.050530 -0.749698 0.032404 0.086 0.067 0.075
v -0.282476 -0.412136 -0.052479 0.047 0.039 0.035
v 0.228376 -0.300252 -0.174735 0.035 0.031 0.024
v 0.210259 0.550733 0.040551 0.941 0.737 0.631
v 0.353064 -0.933519 -0.208402 0.137 0.106 0.098
v -0.889792 -0.562192 -0.340244 0.694 0.541 0.412
v 0.118458 0.800891 0.124718 0.957 0.784 0.686
v -0.837812 -0.191261 -0.376407 0.675 0.494 0.361
v 0.293773 -0.933498 -0.111372 0.133 0.110 0.106
v -0.294210 -0.476987 -0.012736 0.039 0.031 0.031
v 0.354940 0.612988 -0.062786 0.871 0.667 0.529
v -0.390368 -0.916912 -0.036317 0.039 0.027 0.024
v 0.435631 -0.567656 -0.225565 0.090 0.078 0.067
v -0.898307 -0.604628 -0.343414 0.690 0.522 0.400
v -0.309037 -0.859668 0.004979 0.047 0.035 0.035
v -0.436002 -0.372539 -0.087879 0.055 0.043 0.035
v 0.435470 -0.651846 -0.255188 0.090 0.047 0.035
v -0.129818 0.220003 -0.317499 0.710 0.541 0.392
v -0.661730 -0.432454 -0.231866 0.859 0.710 0.545
v 0.300740 -1.088120 -0.221480 0.165 0.157 0.161
v -0.473677 0.066302 -0.431949 0.094 0.075 0.067
v -0.518066 -0.827038 -0.077874 0.137 0.114 0.106
v 0.699854 -0.370823 -0.355541 0.867 0.694 0.533
v 0.079982 -0.406812 -0.096590 0.055 0.047 0.043
v -0.545700 -0.298986 -0.168756 0.051 0.035 0.024
v -0.634893 -0.013325 -0.304005 0.937 0.765 0.608
v 0.333004 -0.697968 -0.064775 0.055 0.043 0.035
v 0.059831 0.686122 0.086175 0.537 0.357 0.263
v -0.409311 -0.387026 -0.074042 0.051 0.043 0.035
v -0.045823 0.302774 -0.084408 0.667 0.506 0.408
v -0.848235 -0.655540 -0.292984 0.831 0.639 0.494
v 0.319435 -1.010514 -0.223063 0.129 0.106 0.106
v -0.410095 -0.153630 -0.206699 0.039 0.035 0.024
v -0.184618 0.054216 -0.334424 0.851 0.671 0.510
v -0.517880 -0.277747 -0.161401 0.051 0.043 0.027
v 0.120708 0.479106 0.131183 0.737 0.514 0.459
v -0.178998 -0.242538 -0.149368 0.035 0.031 0.024
v 0.060228 -0.772142 0.042526 0.090 0.082 0.086
v 0.387358 0.999748 -0.080834 0.392 0.314 0.231
v 0.138150 1.038325 0.031737 0.341 0.267 0.200
v -0.090982 0.992011 -0.111216 0.357 0.255 0.169
v -0.115677 0.960047 -0.150820 0.388 0.306 0.227
v 0.578651 -0.159395 -0.401292 0.914 0.729 0.565
v -0.597193 -0.653564 -0.158412 0.024 0.020 0.016
v 0.488042 -0.493868 -0.250443 0.808 0.616 0.431
v 0.108136 -0.036691 -0.284306 0.882 0.694 0.533
v 0.162365 -0.729732 0.040653 0.098 0.090 0.082
v -0.192946 0.607697 -0.311419 0.827 0.549 0.482
v 0.224911 -0.801042 0.016263 0.075 0.063 0.059
v -0.063985 0.092784 -0.266850 0.878 0.706 0.557
v 0.673511 -0.275490 -0.345158 0.922 0.761 0.600
v 0.365425 0.834852 0.012086 0.878 0.733 0.624
v 0.183014 -0.854159 0.013874 0.063 0.055 0.047
v -0.522889 -0.865846 -0.110722 0.086 0.071 0.067
v 0.312583 0.452530 -0.096443 0.820 0.647 0.529
v 0.232206 0.193109 -0.309097 0.855 0.682 0.518
v -0.615555 -0.618239 -0.196406 0.039 0.027 0.024
v 0.009595 1.023638 -0.001196 0.506 0.380 0.294
v 0.217856 -0.313782 -0.164597 0.039 0.035 0.027
v 0.058991 0.489917 0.083961 0.176 0.024 0.008
v -0.116995 0.244103 -0.300082 0.745 0.576 0.427
v -0.127590 0.464898 -0.332536 0.741 0.545 0.424
v -0.691735 0.002008 -0.335307 0.886 0.702 0.565
v -0.005456 -0.829090 0.026886 0.098 0.082 0.086
v 0.311022 0.998516 0.010858 0.376 0.306 0.224
v 0.309862 -0.013321 -0.419614 0.725 0.592 0.529
v -0.144504 0.836533 -0.188732 0.349 0.251 0.188
v 0.377636 -1.060618 -0.274332 0.373 0.294 0.235
v 0.342268 -0.810355 -0.081567 0.075 0.063 0.055
v 0.153379 0.288777 -0.013076 0.910 0.722 0.616
v 0.362657 0.774575 0.007026 0.882 0.725 0.608
v -0.769419 -0.070956 -0.331521 0.796 0.596 0.486
v -0.028080 0.276548 -0.072994 0.655 0.490 0.400
v -0.933218 -0.640144 -0.382118 0.639 0.490 0.361
v -0.750565 -0.515951 -0.258024 0.847 0.682 0.549
v 0.321069 -0.080340 -0.362407 0.043 0.039 0.024
v -0.276067 -0.152026 -0.196393 0.039 0.035 0.027
v 0.719010 -0.250068 -0.418042 0.847 0.671 0.518
v 0.314359 -0.611676 -0.072313 0.055 0.043 0.031
v -0.314491 -0.803985 0.036580 0.055 0.043 0.047
v 0.397376 -0.841202 -0.257092 0.098 0.082 0.086
v -0.480949 -0.794432 -0.034608 0.071 0.055 0.051
v -0.754766 -0.394714 -0.253912 0.863 0.702 0.561
v -0.236946 -0.764873 0.045062 0.094 0.086 0.090
v 0.308900 -0.130494 -0.309061 0.043 0.039 0.024
v 0.266897 -0.262855 -0.206633 0.047 0.043 0.031
v -0.365647 -0.403334 -0.058731 0.047 0.031 0.027
v 0.114661 -0.913171 -0.007402 0.082 0.067 0.071
v 0.474710 -0.798627 -0.278676 0.765 0.576 0.447
v -0.736534 -0.238960 -0.262970 0.878 0.710 0.553
v 0.267508 -0.117126 -0.294772 0.043 0.031 0.020
v -0.683125 -0.193890 -0.251922 0.906 0.745 0.576
v -0.652705 -0.502011 -0.236875 0.812 0.643 0.494
v -0.127614 -0.625238 0.022224 0.055 0.047 0.043
v 0.300554 -0.240022 -0.233328 0.043 0.039 0.024
v 0.462573 -0.621129 -0.272542 0.635 0.471 0.329
v -0.042012 1.056567 -0.111712 0.420 0.325 0.247
v -0.398488 -0.545577 0.015676 0.051 0.039 0.035
v 0.263479 -0.191205 -0.251459 0.043 0.035 0.027
v -0.454466 -0.659231 0.023782 0.063 0.047 0.043
v 0.361029 -0.058226 -0.427440 0.125 0.094 0.090
v -0.022252 0.273152 -0.061021 0.655 0.482 0.396
v -0.473065 0.056482 -0.399670 0.075 0.059 0.051
v 0.257750 0.291885 -0.292784 0.871 0.694 0.537
v -0.031827 -0.841424 0.017820 0.051 0.043 0.047
v 0.083877 0.738740 0.125282 0.941 0.769 0.675
v 0.248591 0.672558 0.078417 0.718 0.545 0.447
v 0.056881 -0.384745 -0.106028 0.051 0.043 0.035
v 0.160367 0.111670 -0.277939 0.914 0.765 0.596
v 0.217886 -1.006756 -0.098142 0.043 0.035 0.027
v 0.372801 0.997389 -0.050854 0.384 0.282 0.184
v -0.253306 0.131022 -0.447924 0.792 0.604 0.451
v -0.050701 0.146755 -0.258965 0.851 0.698 0.549
v 0.229617 -1.037248 -0.114027 0.043 0.039 0.031
v 0.488915 -0.139960 -0.396196 0.906 0.725 0.592
v -0.662036 -0.192422 -0.247016 0.902 0.741 0.573
v 0.257312 0.826684 0.097782 0.933 0.749 0.643
v -0.285164 -0.856582 0.009533 0.043 0.027 0.035
v 0.328680 -0.814480 -0.068562 0.071 0.055 0.051
v 0.223623 -0.291460 -0.178798 0.051 0.039 0.031
v 0.045236 0.832162 0.106257 0.945 0.780 0.678
v -0.490088 -0.673242 -0.000089 0.063 0.059 0.055
v 0.407063 0.957945 -0.073165 0.569 0.447 0.349
v -0.038838 0.379438 -0.031522 0.749 0.580 0.490
v -0.051040 0.296824 -0.232646 0.690 0.541 0.412
v 0.314872 -0.833591 -0.064194 0.078 0.063 0.059
v -0.258157 -0.149731 -0.195258 0.035 0.031 0.024
v 0.592748 -0.145244 -0.425119 0.898 0.718 0.553
v -0.819016 -0.434054 -0.286779 0.831 0.671 0.533
v 0.195391 -0.271726 -0.183358 0.043 0.043 0.031
v -0.219910 -0.038279 -0.239839 0.239 0.173 0.145
v 0.148725 0.719084 0.125023 0.929 0.757 0.659
v 0.569739 -0.853917 -0.330215 0.875 0.678 0.525
v 0.258773 -0.615785 -0.031199 0.047 0.039 0.031
v 0.024500 -0.095666 -0.258433 0.957 0.765 0.596
v 0.462136 0.853679 -0.216652 0.282 0.224 0.161
v 0.410173 -0.667347 -0.196587 0.086 0.071 0.051
v 0.465758 -0.589490 -0.264678 0.584 0.439 0.298
v 0.163743 0.729713 0.126377 0.945 0.773 0.675
v 0.344569 0.533788 -0.103430 0.753 0.592 0.475
v 0.300127 -0.378370 -0.154322 0.047 0.043 0.035
v -0.068857 -0.850778 0.008291 0.047 0.043 0.043
v -0.112521 0.788388 -0.074781 0.769 0.604 0.510
v 0.078339 -0.824458 0.036043 0.078 0.063 0.063
v -0.098000 -0.091536 -0.217784 0.965 0.761 0.608
v 0.006983 0.555727 0.041277 0.957 0.753 0.635
v -0.029819 0.888693 0.047914 0.882 0.718 0.616
v 0.355366 -0.624156 -0.105314 0.059 0.043 0.039
v -0.218282 -0.511488 -0.002708 0.055 0.043 0.039
v -0.538335 -0.839518 -0.105381 0.086 0.055 0.055
v 0.443515 -0.122455 -0.377908 0.055 0.047 0.035
v 0.359024 -0.925161 -0.215585 0.137 0.118 0.102
v 0.066132 -0.382264 -0.108255 0.051 0.043 0.035
v -0.574009 -0.659589 -0.115044 0.043 0.035 0.031
v -0.599552 -0.073950 -0.270757 0.933 0.769 0.604
v 0.337282 0.005600 -0.490285 0.137 0.118 0.106
v 0.345182 -0.997281 -0.266677 0.071 0.055 0.043
v 0.455094 -0.331209 -0.263592 0.918 0.741 0.580
v -0.040801 0.518660 0.018877 0.878 0.678 0.576
v 0.457112 -0.794454 -0.279332 0.714 0.545 0.427
v -0.239869 -0.559368 0.023592 0.039 0.035 0.027
v -0.143843 -0.693572 0.034256 0.055 0.047 0.051
v 0.042636 0.520425 0.072107 0.816 0.588 0.506
v 0.217759 -0.706776 0.022653 0.063 0.047 0.043
v -0.685579 -0.166783 -0.255880 0.902 0.749 0.584
v -0.545400 -0.237212 -0.187918 0.545 0.431 0.353
v 0.299862 -0.553421 -0.081911 0.047 0.035 0.031
v 0.240273 -0.128494 -0.273960 0.047 0.039 0.027
v 0.422142 -0.198604 -0.316379 0.055 0.047 0.035
v -0.611573 -0.762812 -0.215767 0.047 0.035 0.031
v -0.079745 0.506143 -0.025086 0.784 0.608 0.525
v -0.528866 -0.539865 -0.078401 0.067 0.063 0.055
v -0.057320 -0.179636 -0.182399 0.047 0.035 0.027
v 0.295523 -0.000327 -0.415447 0.886 0.714 0.557
v -0.574898 -0.420550 -0.184193 0.039 0.027 0.027
v 0.569422 -0.201561 -0.355670 0.914 0.737 0.573
v 0.653666 -0.627832 -0.348427 0.875 0.702 0.537
v 0.424358 -0.290299 -0.255617 0.075 0.059 0.043
v 0.368953 -0.040328 -0.463347 0.133 0.118 0.110
v -0.596502 -0.504652 -0.194384 0.024 0.020 0.012
v -0.004404 -0.271962 -0.151095 0.047 0.039 0.031
v -0.609638 -0.781628 -0.210326 0.063 0.047 0.035
v -0.463567 -0.561375 -0.002902 0.051 0.043 0.035
v -0.419637 0.008639 -0.337147 0.031 0.024 0.016
v 0.235098 -0.642038 -0.006096 0.055 0.043 0.039
v 0.408744 0.938414 -0.065041 0.616 0.490 0.384
v -0.677279 -0.727849 -0.286926 0.482 0.376 0.294
v -0.033927 -0.574460 0.000227 0.055 0.043 0.035
v -0.832180 -0.700175 -0.277626 0.843 0.643 0.506
v -0.267713 -0.270500 -0.129286 0.035 0.031 0.024
v 0.261986 -0.269642 -0.201353 0.047 0.043 0.031
v -0.040861 0.105529 -0.260415 0.906 0.745 0.580
v -0.141785 0.654768 -0.235541 0.847 0.671 0.557
v -0.025349 -0.503197 -0.031512 0.059 0.047 0.043
v -0.653063 -0.247829 -0.233089 0.910 0.741 0.576
v -0.542873 -0.493416 -0.126387 0.039 0.031 0.024
v -0.179602 -0.946682 -0.003526 0.082 0.059 0.059
v -0.291170 -0.872759 0.005325 0.035 0.027 0.027
v 0.166205 0.152774 -0.269776 0.918 0.761 0.596
v 0.067064 0.175904 -0.220126 0.839 0.698 0.557
v -0.036679 -0.386627 -0.092764 0.043 0.035 0.027
v -0.120844 0.929454 -0.131495 0.345 0.251 0.180
v -0.006806 -1.063011 -0.041358 0.031 0.027 0.020
v -0.786995 -0.647277 -0.271955 0.843 0.663 0.529
v 0.240536 -0.037443 -0.351018 0.882 0.710 0.549
v -0.095070 0.282098 -0.277312 0.757 0.588 0.447
v -0.735454 -0.189848 -0.269850 0.882 0.714 0.553
v -0.060429 0.872028 0.023092 0.835 0.671 0.565
v 0.153388 0.266321 -0.022376 0.894 0.698 0.600
v 0.016542 0.517029 0.039875 0.851 0.639 0.537
v 0.190252 -0.708998 0.032044 0.063 0.051 0.043
v 0.006329 0.508060 0.034741 0.882 0.663 0.565
v -0.899958 -0.486397 -0.378404 0.600 0.451 0.322
v -0.248585 -0.019039 -0.256310 0.071 0.051 0.039
v 0.585185 -0.361566 -0.308190 0.937 0.776 0.604
v -0.637844 -0.741098 -0.269739 0.043 0.020 0.020
v 0.590028 -0.527864 -0.303681 0.914 0.745 0.580
v 0.317690 -0.623895 -0.070261 0.055 0.043 0.035
v -0.567762 -0.462241 -0.166653 0.016 0.012 0.004
v -0.628778 -0.108612 -0.257114 0.925 0.769 0.596
v 0.096281 -0.592242 0.005184 0.051 0.035 0.027
v 0.258612 0.463239 0.007531 0.922 0.725 0.624
v 0.406707 -0.075345 -0.438255 0.149 0.137 0.141
v -0.253423 -0.222009 -0.155945 0.047 0.043 0.031
v 0.284742 0.527670 0.014000 0.925 0.702 0.580
v 0.246975 0.017405 -0.376425 0.875 0.710 0.549
v -0.269946 0.081913 -0.396005 0.871 0.678 0.518
v 0.294179 -0.987021 -0.154293 0.102 0.086 0.090
v 0.040087 -0.415463 -0.088423 0.055 0.047 0.039
v 0.634565 -0.712253 -0.351427 0.851 0.663 0.510
v -0.825243 -0.304872 -0.300091 0.812 0.635 0.478
v -0.205845 0.143922 -0.406917 0.769 0.580 0.424
v -0.122321 0.685326 -0.081746 0.816 0.639 0.529
v 0.705707 -0.403373 -0.363558 0.863 0.686 0.514
v 0.255145 0.252250 -0.313487 0.859 0.678 0.522
v 0.382826 0.718243 -0.072138 0.831 0.663 0.545
v -0.061520 0.313659 -0.235173 0.690 0.525 0.396
v -0.430148 -0.733947 0.025242 0.051 0.043 0.035
v -0.539672 -0.443209 -0.139552 0.035 0.031 0.024
v 0.206460 -0.339810 -0.147402 0.047 0.043 0.031
v -0.165301 -0.775397 0.032252 0.110 0.102 0.106
v 0.615586 -0.319048 -0.315339 0.941 0.792 0.627
v 0.316946 0.468221 -0.086992 0.804 0.624 0.510
v -0.547150 -0.187370 -0.218668 0.925 0.769 0.596
v -0.745247 -0.497305 -0.254507 0.847 0.682 0.541
v -0.400040 -0.652643 0.047316 0.063 0.055 0.051
v -0.063238 0.511138 -0.001972 0.816 0.620 0.529
v 0.059498 1.036528 0.014630 0.380 0.290 0.200
v 0.302473 -1.028568 -0.196667 0.149 0.141 0.137
v 0.204456 0.056009 -0.326546 0.867 0.710 0.557
v 0.049643 -1.060682 -0.055490 0.039 0.035 0.027
v 0.161859 0.909397 0.106997 0.957 0.765 0.659
v 0.433941 -0.859235 -0.268987 0.620 0.475 0.373
v 0.296072 0.061891 -0.468930 0.859 0.675 0.510
v 0.235836 0.819635 0.107633 0.953 0.773 0.675
v -0.112062 -0.092110 -0.213152 0.929 0.725 0.584
v -0.196210 -0.289625 -0.125104 0.043 0.039 0.031
v -0.529497 -0.490917 -0.105454 0.047 0.043 0.035
v -0.418783 -0.598789 0.028861 0.055 0.043 0.039
v 0.458978 0.864669 -0.191037 0.333 0.259 0.192
v 0.395308 1.002981 -0.098922 0.447 0.365 0.298
v -0.736633 -0.218047 -0.266348 0.886 0.718 0.557
v -0.347526 -0.396455 -0.061516 0.051 0.039 0.035
v 0.344111 -0.841220 -0.100829 0.106 0.090 0.086
v 0.085596 0.620052 0.082465 0.722 0.525 0.412
v -0.165491 -0.162153 -0.183331 0.055 0.043 0.031
v 0.023202 -0.971302 -0.029926 0.039 0.035 0.035
v 0.434007 -0.876439 -0.264565 0.639 0.494 0.388
v -0.143955 0.209267 -0.345885 0.682 0.506 0.361
v -0.119672 0.589952 -0.053019 0.773 0.580 0.482
v 0.150504 0.317586 -0.003117 0.902 0.722 0.616
v -0.728855 -0.436349 -0.244765 0.859 0.694 0.553
v 0.017345 0.410280 0.031821 0.463 0.196 0.161
v -0.026122 0.285273 -0.209924 0.627 0.486 0.380
v 0.654809 -0.651992 -0.353068 0.859 0.678 0.514
v 0.006781 -0.167708 -0.193658 0.067 0.047 0.039
v -0.782009 -0.274977 -0.277925 0.863 0.686 0.525
v -0.360891 0.047894 -0.388773 0.027 0.024 0.016
v -0.308224 -0.713297 0.062260 0.063 0.051 0.051
v -0.647424 -0.450244 -0.232658 0.839 0.667 0.506
v -0.740175 -0.350841 -0.249427 0.871 0.702 0.553
v -0.060342 -0.289899 -0.136714 0.043 0.035 0.031
v 0.140060 -0.296180 -0.159168 0.043 0.035 0.024
v -0.432249 -0.778554 0.003837 0.063 0.047 0.043
v -0.011074 -0.446916 -0.064719 0.043 0.039 0.031
v -0.167420 -0.737209 0.036556 0.098 0.078 0.078
v 0.268502 0.895811 0.082559 0.945 0.753 0.651
v 0.047928 0.631617 0.050027 0.816 0.631 0.529
v -0.435612 -0.744093 0.018950 0.063 0.055 0.051
v 0.520452 -0.495958 -0.270938 0.902 0.722 0.549
v -0.128005 0.967250 -0.215210 0.294 0.220 0.165
v 0.188076 1.056984 0.009206 0.294 0.224 0.153
v 0.080974 0.672593 0.083924 0.549 0.376 0.278
v 0.445756 -0.078577 -0.444148 0.114 0.110 0.106
v 0.296837 -1.043954 -0.192917 0.184 0.176 0.180
v -0.075537 0.710294 0.026359 0.722 0.561 0.486
v 0.358824 1.021682 -0.061703 0.333 0.267 0.188
v -0.621934 -0.417194 -0.223449 0.784 0.608 0.443
v 0.192384 -0.875521 -0.003291 0.063 0.063 0.055
v -0.838503 -0.563383 -0.298505 0.816 0.639 0.502
v -0.324502 -0.720278 0.060129 0.059 0.051 0.047
v -0.140883 0.876959 -0.177604 0.310 0.224 0.153
v 0.198154 0.117081 -0.299636 0.894 0.733 0.569
v 0.176428 0.406928 0.021524 0.831 0.655 0.553
v -0.155253 -0.039417 -0.254482 0.914 0.706 0.549
v 0.115413 0.352436 0.033694 0.776 0.510 0.455
v -0.071947 0.945872 -0.026926 0.686 0.514 0.416
v 0.301840 -0.653434 -0.046466 0.059 0.043 0.039
v -0.652509 -0.778598 -0.287134 0.133 0.082 0.067
v -0.574523 -0.686542 -0.119826 0.043 0.039 0.039
v 0.429437 0.803744 -0.126890 0.580 0.455 0.373
v 0.159309 0.499823 0.061831 0.827 0.592 0.502
v -0.276549 -0.358797 -0.082271 0.047 0.035 0.027
v -0.709498 0.016071 -0.380725 0.827 0.616 0.482
v -0.092339 0.740745 -0.001823 0.745 0.596 0.522
v 0.246010 -0.893161 -0.041766 0.090 0.086 0.071
v 0.462205 0.790451 -0.241498 0.361 0.286 0.224
v 0.139273 0.552225 0.102245 0.882 0.698 0.596
v -0.561689 -0.494723 -0.152113 0.020 0.016 0.012
v 0.596983 -0.742860 -0.334513 0.867 0.682 0.525
v -0.463217 -0.775380 -0.009135 0.067 0.051 0.047
v 0.304451 -0.761496 -0.029528 0.063 0.047 0.043
v 0.012984 -0.346265 -0.119293 0.047 0.043 0.035
v -0.724899 -0.638233 -0.259863 0.843 0.671 0.533
v -0.776203 -0.632666 -0.268733 0.843 0.667 0.529
v 0.354660 0.580881 -0.084750 0.816 0.608 0.467
v -0.294174 -0.318107 -0.103008 0.039 0.035 0.027
v 0.056426 -0.184249 -0.196991 0.047 0.035 0.027
v -0.129604 0.588797 -0.098860 0.690 0.502 0.396
v 0.176152 -0.733307 0.038117 0.086 0.071 0.071
v 0.006308 0.574342 0.039819 0.957 0.757 0.639
v 0.041300 0.675572 0.064842 0.471 0.329 0.239
v -0.079569 -0.667713 0.029498 0.067 0.063 0.059
v 0.274498 -0.934141 -0.093516 0.114 0.086 0.098
v 0.213130 -0.199205 -0.227569 0.039 0.035 0.027
v -0.572704 -0.336244 -0.182449 0.059 0.043 0.035
v 0.168738 -0.146248 -0.236830 0.043 0.027 0.016
v -0.758280 -0.093913 -0.303545 0.839 0.675 0.533
v -0.809593 -0.731577 -0.260345 0.843 0.655 0.518
v 0.243469 -0.509824 -0.072914 0.047 0.039 0.035
v 0.374623 -0.261755 -0.248208 0.043 0.039 0.024
v 0.002720 -0.015656 -0.277360 0.910 0.733 0.569
v 0.199403 -0.096014 -0.272033 0.298 0.212 0.169
v -0.179515 -0.640760 0.035806 0.055 0.043 0.039
v 0.071343 0.498905 0.146855 0.847 0.671 0.588
v 0.035429 -0.011400 -0.277446 0.914 0.733 0.565
v 0.024831 0.931304 0.072116 0.902 0.710 0.600
v -0.819791 -0.141559 -0.375648 0.686 0.494 0.369
v 0.040306 0.909166 0.086515 0.914 0.725 0.616
v 0.389021 0.641727 -0.151666 0.718 0.569 0.475
v 0.337235 -0.028585 -0.428387 0.145 0.118 0.110
v 0.221224 -0.528181 -0.056697 0.047 0.039 0.035
v 0.236207 -0.042434 -0.343605 0.886 0.714 0.549
v -0.685110 -0.461360 -0.236866 0.875 0.722 0.573
v 0.741607 -0.343466 -0.428637 0.827 0.659 0.498
v -0.773920 -0.125124 -0.306181 0.831 0.655 0.510
v -0.550873 -0.647768 -0.070518 0.047 0.047 0.043
v 0.509456 -0.936504 -0.280686 0.871 0.667 0.522
v 0.304361 -0.282667 -0.208482 0.047 0.043 0.027
v -0.201668 0.754925 -0.331158 0.875 0.620 0.518
v 0.280451 0.700692 0.086417 0.518 0.369 0.278
v 0.171153 0.548777 0.059860 0.925 0.741 0.635
v 0.259509 0.073631 -0.394078 0.878 0.702 0.541
v -0.190073 0.688610 -0.316081 0.827 0.608 0.522
v -0.551708 -0.061547 -0.280896 0.953 0.788 0.624
v 0.093993 -0.503660 -0.040573 0.051 0.039 0.035
v 0.121340 -0.212286 -0.196893 0.047 0.039 0.027
v -0.819715 -0.496772 -0.289289 0.827 0.663 0.525
v 0.416355 -1.047499 -0.260603 0.714 0.549 0.451
v 0.187131 0.536276 0.048754 0.941 0.753 0.651
v 0.384516 0.785072 -0.030149 0.812 0.663 0.553
v 0.449575 0.866284 -0.155095 0.376 0.290 0.212
v 0.020381 -0.717652 0.040587 0.063 0.055 0.059
v -0.099860 0.938470 -0.085705 0.439 0.314 0.231
v -0.089049 -0.314529 -0.122772 0.043 0.039 0.031
v -0.040573 -0.305306 -0.132025 0.051 0.047 0.039
v -0.732098 -0.683890 -0.264885 0.839 0.663 0.529
v 0.737029 -0.328119 -0.416233 0.847 0.671 0.510
v 0.008529 -0.937573 -0.016459 0.043 0.043 0.035
v -0.401494 0.019203 -0.352936 0.027 0.024 0.012
v 0.314176 -0.695299 -0.045148 0.055 0.047 0.039
v -0.594324 -0.345813 -0.198308 0.200 0.114 0.082
v -0.796965 -0.083667 -0.377814 0.659 0.475 0.365
v -0.306550 -0.691005 0.064031 0.051 0.043 0.043
v 0.298281 -0.707721 -0.027249 0.055 0.047 0.039
v 0.080493 0.045232 -0.269711 0.914 0.757 0.600
v -0.142822 -0.026374 -0.269277 0.918 0.725 0.561
v -0.417018 0.069934 -0.461440 0.039 0.031 0.024
v -0.521467 -0.389325 -0.133790 0.051 0.035 0.027
v -0.714394 -0.819874 -0.197868 0.776 0.600 0.490
v -0.861664 -0.276597 -0.358039 0.667 0.494 0.361
v 0.437599 -0.666289 -0.268826 0.145 0.106 0.075
v 0.069088 -0.557811 -0.009642 0.055 0.043 0.039
v -0.802630 -0.392029 -0.277795 0.843 0.678 0.537
v 0.090767 0.432641 0.072366 0.898 0.678 0.588
v 0.305403 0.380197 -0.335423 0.812 0.635 0.486
v 0.241307 0.187868 -0.322956 0.835 0.659 0.490
v -0.076203 -0.016108 -0.270234 0.898 0.706 0.545
v -0.714519 -0.218942 -0.258283 0.890 0.725 0.561
v -0.493645 -0.651572 -0.002860 0.055 0.043 0.043
v 0.155875 0.035662 -0.299717 0.902 0.737 0.584
v 0.660996 -0.620061 -0.351315 0.871 0.698 0.533
v -0.103646 -0.909700 -0.002475 0.043 0.035 0.031
v -0.748391 -0.827051 -0.195554 0.820 0.627 0.522
v -0.109493 0.649011 -0.038195 0.804 0.616 0.506
v 0.103545 0.295058 0.010632 0.941 0.741 0.639
v -0.100022 0.985150 -0.136750 0.361 0.286 0.220
v -0.473314 -0.851074 -0.062963 0.067 0.051 0.047
v 0.027238 -0.948037 -0.022223 0.051 0.043 0.039
v 0.501496 -0.896846 -0.279340 0.867 0.663 0.518
v -0.131062 0.720894 -0.134879 0.804 0.635 0.537
v -0.366631 0.058397 -0.411834 0.031 0.020 0.016
v 0.182566 0.051411 -0.311088 0.890 0.729 0.569
v -0.905147 -0.505286 -0.383425 0.596 0.443 0.322
v -0.318221 -0.889215 -0.005391 0.043 0.035 0.035
v -0.586907 -0.731707 -0.157943 0.035 0.031 0.031
v 0.532104 -0.280439 -0.311469 0.945 0.792 0.631
v 0.390133 1.029345 -0.122989 0.357 0.302 0.255
v -0.392275 -0.690932 0.049541 0.051 0.043 0.039
v -0.097021 0.402418 -0.111952 0.765 0.588 0.510
v -0.013751 -0.860612 0.012755 0.059 0.047 0.051
v 0.338024 -0.015145 -0.444117 0.137 0.106 0.098
v 0.290319 0.017283 -0.422624 0.894 0.722 0.553
v 0.398574 -0.624605 -0.161598 0.059 0.043 0.039
v 0.180851 0.271436 -0.204311 0.694 0.557 0.439
v -0.218267 -0.757590 0.044303 0.098 0.082 0.086
v -0.289759 -0.888154 0.001532 0.043 0.035 0.031
v -0.032661 1.021066 -0.045660 0.604 0.471 0.376
v -0.034178 0.130096 -0.256161 0.871 0.710 0.565
v 0.144373 0.126450 -0.267040 0.910 0.765 0.600
v -0.143101 -0.886596 0.002464 0.039 0.035 0.031
v -0.859558 -0.249119 -0.375034 0.655 0.478 0.349
v 0.560398 -0.152707 -0.404101 0.922 0.737 0.573
v -0.682102 -0.020830 -0.301897 0.929 0.753 0.596
v 0.402598 -0.763337 -0.208938 0.078 0.047 0.039
v -0.733949 -0.282599 -0.255493 0.890 0.725 0.565
v 0.384299 -0.807931 -0.162687 0.098 0.094 0.086
v -0.872931 -0.671891 -0.308059 0.800 0.604 0.459
v -0.729791 -0.129159 -0.274103 0.882 0.718 0.557
v -0.033908 -0.859350 0.009160 0.071 0.063 0.055
v -0.779807 -0.234945 -0.284511 0.867 0.690 0.529
v -0.184054 0.565525 -0.294029 0.722 0.459 0.388
v 0.151004 -0.843960 0.026783 0.075 0.059 0.055
v -0.104055 0.531513 -0.050128 0.765 0.592 0.506
v -0.443132 0.043507 -0.385242 0.035 0.031 0.024
v -0.176326 -0.204502 -0.166066 0.051 0.043 0.035
v 0.396422 -0.723260 -0.162369 0.071 0.063 0.063
v 0.143296 1.044177 0.025312 0.318 0.247 0.173
v -0.656812 -0.729549 -0.286909 0.286 0.216 0.161
v 0.209865 0.082048 -0.323232 0.863 0.702 0.545
v -0.601062 -0.756729 -0.193165 0.016 0.012 0.004
v -0.029700 0.736963 0.082940 0.780 0.604 0.529
v -0.628487 -0.724314 -0.246802 0.027 0.020 0.012
v -0.179165 -0.376312 -0.083377 0.047 0.039 0.031
v -0.130028 0.517933 -0.148376 0.769 0.580 0.490
v -0.434942 -0.354268 -0.095956 0.047 0.035 0.027
v 0.280010 0.055982 -0.421115 0.871 0.686 0.522
v -0.633803 -0.641100 -0.228507 0.031 0.016 0.012
v 0.453452 0.860627 -0.165333 0.365 0.267 0.176
v -0.615154 -0.166511 -0.244285 0.929 0.769 0.596
v 0.320436 0.442094 -0.132472 0.804 0.639 0.514
v -0.228793 -0.791908 0.039057 0.059 0.051 0.055
v 0.271978 -0.099474 -0.310949 0.051 0.039 0.027
v 0.012465 0.437308 0.037868 0.816 0.631 0.533
v -0.571609 -0.641279 -0.111147 0.035 0.031 0.024
v -0.103595 0.086321 -0.287560 0.867 0.694 0.553
v -0.673905 -0.675898 -0.264887 0.565 0.439 0.357
v -0.331615 -0.123000 -0.222840 0.035 0.031 0.024
v -0.143779 0.709489 -0.190797 0.592 0.443 0.369
v 0.117999 -1.041013 -0.071710 0.035 0.035 0.027
v 0.320817 0.421995 -0.190065 0.741 0.580 0.459
v 0.063077 -0.549550 -0.013118 0.051 0.035 0.035
v -0.420922 0.074536 -0.483850 0.055 0.043 0.039
v 0.423062 -0.438571 -0.193046 0.059 0.051 0.039
v 0.201736 0.064461 -0.322135 0.859 0.706 0.557
v 0.305738 -0.613518 -0.064506 0.051 0.043 0.031
v 0.276898 -0.736123 -0.005378 0.071 0.055 0.055
v 0.089122 0.729158 0.123512 0.918 0.745 0.647
v -0.416895 -0.616273 0.034496 0.055 0.043 0.043
v -0.014946 -0.231014 -0.168242 0.059 0.047 0.035
v 0.028239 -0.861290 0.019566 0.063 0.055 0.055
v 0.295350 -0.608963 -0.058524 0.055 0.043 0.031
v -0.193665 -0.330652 -0.104630 0.047 0.039 0.031
v -0.834829 -0.377772 -0.299340 0.784 0.616 0.478
v -0.188893 0.134136 -0.380235 0.792 0.604 0.435
v -0.159600 -0.327381 -0.109738 0.047 0.039 0.035
v -0.315056 -0.033687 -0.277810 0.027 0.024 0.016
v -0.078847 -0.609404 0.013889 0.059 0.043 0.039
v -0.371224 0.103572 -0.521195 0.086 0.063 0.063
v 0.169525 0.395304 0.015350 0.745 0.522 0.443
v -0.932241 -0.622588 -0.389224 0.616 0.471 0.349
v -0.276164 0.121663 -0.458949 0.804 0.612 0.467
v 0.361136 -0.713219 -0.095805 0.051 0.043 0.035
v 0.291409 -0.435690 -0.123780 0.051 0.039 0.031
v 0.273762 0.273272 -0.343900 0.804 0.620 0.467
v 0.454614 -0.237900 -0.313854 0.584 0.506 0.447
v -0.417377 -0.340376 -0.098315 0.051 0.035 0.027
v -0.086400 0.318046 -0.262925 0.757 0.580 0.439
v 0.281435 0.571236 0.022567 0.933 0.725 0.592
v 0.229204 1.032479 0.025530 0.263 0.192 0.114
v -0.126291 0.175220 -0.310441 0.753 0.580 0.443
v 0.132803 0.332774 0.012128 0.906 0.741 0.635
v 0.089819 0.355098 0.042670 0.737 0.424 0.373
v 0.269870 -0.872106 -0.044978 0.102 0.090 0.082
v 0.113420 -0.849656 0.027304 0.078 0.063 0.067
v 0.253423 -0.799048 -0.000099 0.075 0.059 0.063
v -0.060845 -0.020290 -0.265909 0.894 0.698 0.537
v -0.352170 -0.002016 -0.319572 0.024 0.020 0.012
v -0.071193 0.139737 -0.266364 0.859 0.698 0.549
v -0.776810 -0.437008 -0.264474 0.855 0.694 0.557
v 0.353128 0.540537 -0.145717 0.761 0.580 0.467
v 0.238596 -0.333110 -0.158458 0.047 0.039 0.031
v 0.636958 -0.381313 -0.322784 0.918 0.757 0.584
v 0.241159 -0.251533 -0.205431 0.043 0.035 0.024
v 0.149872 0.171977 -0.253450 0.918 0.765 0.604
v 0.318461 0.562522 -0.012616 0.906 0.706 0.569
v 0.352211 -0.838167 -0.109306 0.098 0.082 0.086
v 0.570752 -0.162083 -0.395713 0.918 0.733 0.573
v 0.295042 0.592954 0.015537 0.910 0.710 0.573
v 0.061399 1.020080 0.035325 0.467 0.333 0.235
v 0.148041 -0.723443 0.042664 0.094 0.086 0.078
v 0.206363 -1.022457 -0.097340 0.043 0.039 0.031
v -0.178800 0.036929 -0.322022 0.851 0.667 0.506
v 0.160248 0.660946 0.079792 0.718 0.533 0.420
v 0.389626 1.020307 -0.109512 0.302 0.243 0.188
v -0.009686 -0.206119 -0.179339 0.059 0.043 0.031
v -0.391194 0.022192 -0.358632 0.027 0.024 0.016
v 0.363095 0.591697 -0.106766 0.812 0.620 0.475
v 0.250041 0.264739 -0.295606 0.878 0.702 0.549
v -0.138357 -0.252044 -0.148310 0.047 0.039 0.031
v 0.223152 -0.914845 -0.044235 0.086 0.071 0.067
v 0.157860 0.382611 0.013172 0.561 0.212 0.204
v 0.377837 -0.820254 -0.151341 0.129 0.118 0.098
v 0.185389 0.254086 -0.235609 0.863 0.698 0.561
v -0.089694 0.660962 -0.011526 0.847 0.663 0.537
v -0.605533 -0.490568 -0.215324 0.337 0.243 0.133
v 0.363333 1.029454 -0.076766 0.251 0.196 0.137
v 0.354372 1.019855 -0.052885 0.275 0.224 0.145
v -0.498688 -0.862153 -0.090503 0.047 0.024 0.024
v -0.228755 -0.732476 0.049614 0.102 0.086 0.086
v -0.751033 -0.599637 -0.261787 0.851 0.678 0.541
v -0.285902 -0.935019 -0.006965 0.071 0.047 0.047
v -0.139722 0.679531 -0.244327 0.847 0.659 0.541
v 0.300241 -0.998642 -0.173038 0.114 0.106 0.110
v 0.270560 -0.402088 -0.131763 0.043 0.035 0.027
v -0.846928 -0.402630 -0.308513 0.761 0.604 0.478
v -0.450474 -0.263584 -0.148155 0.047 0.039 0.031
v 0.081463 -0.966458 -0.037958 0.051 0.047 0.039
v 0.170050 -0.501529 -0.054628 0.051 0.039 0.035
v 0.515278 -0.378158 -0.283263 0.933 0.765 0.592
v -0.314370 -0.140193 -0.208561 0.039 0.035 0.027
v -0.194879 -0.498525 -0.014976 0.043 0.039 0.031
v 0.008364 -0.386772 -0.099152 0.047 0.039 0.035
v 0.080927 -0.980733 -0.044074 0.043 0.035 0.031
v 0.266594 0.210191 -0.392632 0.820 0.639 0.475
v -0.660502 -0.181183 -0.248670 0.910 0.749 0.580
v -0.526566 -0.202706 -0.198822 0.188 0.102 0.075
v -0.333448 -0.885504 -0.008817 0.035 0.035 0.031
v 0.574837 -0.496064 -0.295902 0.925 0.753 0.580
v 0.151755 0.545734 0.084762 0.894 0.710 0.608
v 0.182263 0.815606 0.120305 0.969 0.800 0.698
v 0.283307 -0.666088 -0.026498 0.047 0.043 0.035
v 0.288032 -0.475512 -0.105829 0.051 0.043 0.035
v 0.738973 -0.323154 -0.425667 0.812 0.643 0.478
v 0.136128 -0.801816 0.041543 0.090 0.075 0.078
v -0.062724 0.582736 0.015225 0.914 0.702 0.584
v -0.041030 0.358395 -0.042253 0.753 0.604 0.529
v -0.094978 -0.522837 -0.018699 0.051 0.035 0.031
v 0.356643 0.622944 -0.063250 0.863 0.671 0.533
v -0.334028 -0.543969 0.026855 0.047 0.039 0.035
v 0.261785 -1.006765 -0.127809 0.078 0.055 0.063
v -0.900438 -0.432324 -0.401007 0.573 0.427 0.298
v 0.522778 -1.075134 -0.304566 0.859 0.655 0.514
v 0.405229 -0.644620 -0.177325 0.098 0.078 0.082
v -0.054546 -0.161630 -0.188151 0.055 0.039 0.027
v -0.143524 0.827619 -0.183557 0.365 0.275 0.204
v 0.010733 -0.136963 -0.208914 0.718 0.588 0.525
v -0.367138 -0.248977 -0.141649 0.035 0.031 0.024
v -0.126111 0.392257 -0.317081 0.737 0.537 0.400
v -0.209163 0.696399 -0.345746 0.851 0.573 0.486
v 0.513189 -0.439491 -0.269137 0.902 0.725 0.533
v -0.039107 0.696686 0.048806 0.620 0.435 0.357
v 0.488329 -0.817954 -0.280671 0.827 0.631 0.490
v 0.098074 0.737665 0.125835 0.937 0.765 0.667
v -0.065235 0.889690 0.010914 0.812 0.651 0.549
v 0.689016 -0.194460 -0.448481 0.855 0.667 0.510
v -0.117941 0.345946 -0.302764 0.745 0.557 0.404
v -0.061355 -0.749834 0.032177 0.082 0.055 0.055
v 0.098826 -0.401234 -0.101042 0.047 0.043 0.035
v 0.240248 0.256228 -0.287868 0.878 0.706 0.549
v 0.436275 -0.917648 -0.254643 0.710 0.545 0.439
v -0.372461 -0.417787 -0.051200 0.051 0.039 0.031
v 0.180894 -0.584281 -0.014272 0.059 0.043 0.039
v 0.417395 -0.632746 -0.204543 0.098 0.082 0.078
v 0.290222 0.382297 -0.113522 0.816 0.635 0.514
v -0.416182 0.056163 -0.428348 0.031 0.027 0.020
v 0.272565 0.346753 -0.129095 0.722 0.549 0.439
v -0.344055 -0.106391 -0.236597 0.031 0.027 0.020
v 0.515718 -0.479237 -0.268237 0.902 0.729 0.549
v 0.456052 0.742415 -0.283626 0.290 0.216 0.165
v -0.044830 0.194502 -0.250644 0.757 0.604 0.471
v 0.239275 0.935576 0.078844 0.937 0.753 0.639
v 0.528144 -1.008116 -0.298621 0.875 0.667 0.533
v 0.269274 0.156411 -0.419715 0.835 0.635 0.463
v -0.738365 -0.437851 -0.247914 0.855 0.690 0.545
v 0.318735 1.066498 -0.084190 0.271 0.200 0.125
v -0.674279 -0.251449 -0.239720 0.902 0.737 0.573
v 0.398367 -0.981200 -0.263022 0.514 0.392 0.322
v 0.409005 -0.492294 -0.178105 0.047 0.039 0.031
v 0.319476 0.681782 0.050556 0.820 0.651 0.553
v -0.248226 -0.013186 -0.267494 0.110 0.086 0.071
v -0.759660 -0.621826 -0.264800 0.847 0.671 0.537
v -0.095364 0.836188 -0.022148 0.725 0.573 0.475
v -0.800484 -0.163507 -0.318956 0.808 0.616 0.475
v 0.025607 -0.846476 0.023535 0.059 0.051 0.047
v -0.117310 -0.930400 -0.005936 0.031 0.027 0.024
v -0.627173 -0.840761 -0.249905 0.137 0.125 0.071
v 0.226554 0.821506 0.110378 0.941 0.761 0.655
v -0.091220 0.878593 -0.025338 0.722 0.553 0.471
v 0.598158 -0.438574 -0.308889 0.925 0.765 0.588
v -0.129806 -0.026766 -0.267242 0.925 0.733 0.573
v 0.220779 -0.352107 -0.143670 0.051 0.043 0.035
v 0.360837 0.715299 -0.020387 0.847 0.690 0.580
v 0.252258 -0.944605 -0.082917 0.106 0.090 0.086
v 0.508864 -0.350033 -0.285364 0.945 0.780 0.612
v -0.106381 0.943454 -0.108997 0.471 0.361 0.278
v -0.051544 -0.298378 -0.133773 0.051 0.039 0.031
v -0.086052 -0.102999 -0.211505 0.937 0.733 0.592
v 0.247676 -1.034591 -0.126802 0.047 0.039 0.031
v 0.085023 0.839129 0.115782 0.957 0.765 0.675
v -0.720179 -0.791431 -0.231013 0.780 0.608 0.494
v -0.637551 -0.715505 -0.261506 0.035 0.020 0.012
v -0.019106 0.265355 -0.065956 0.620 0.443 0.361
v -0.444430 -0.088384 -0.249459 0.039 0.035 0.024
v 0.346707 1.005706 -0.025745 0.431 0.369 0.286
v -0.684990 -0.624997 -0.253148 0.761 0.588 0.475
v -0.198105 -0.229380 -0.153794 0.043 0.039 0.031
v -0.283291 -0.057121 -0.250491 0.035 0.031 0.024
v -0.036575 -0.737356 0.034174 0.071 0.051 0.059
v 0.328088 0.533267 -0.038731 0.859 0.663 0.525
v 0.000674 -0.875566 0.007369 0.063 0.059 0.055
v -0.761139 -0.816521 -0.208714 0.820 0.635 0.510
v 0.736330 -0.291115 -0.433038 0.824 0.647 0.486
v -0.626376 -0.026651 -0.292955 0.961 0.792 0.635
v 0.382234 -0.832936 -0.183441 0.125 0.122 0.114
v -0.470357 -0.423473 -0.077282 0.047 0.035 0.031
v -0.044040 0.304733 -0.213995 0.631 0.486 0.365
v 0.397654 0.607091 -0.288676 0.482 0.192 0.110
v -0.119418 -0.862738 0.005943 0.043 0.039 0.035
v -0.332614 -0.408732 -0.053935 0.039 0.031 0.027
v 0.600289 -0.882624 -0.350061 0.871 0.659 0.506
v 0.448559 0.758638 -0.216765 0.349 0.263 0.188
v 0.361755 0.541053 -0.199539 0.765 0.588 0.471
v -0.156025 -0.790622 0.028975 0.071 0.059 0.067
v -0.012649 0.322573 -0.022176 0.800 0.627 0.525
v -0.595790 -0.489649 -0.199364 0.020 0.012 0.004
v 0.185758 0.199732 -0.265198 0.922 0.765 0.604
v 0.305276 0.040731 -0.468924 0.878 0.690 0.522
v 0.167740 1.006769 0.061096 0.482 0.369 0.278
v 0.194856 0.769535 0.121519 0.961 0.792 0.694
v -0.088139 0.376130 -0.111884 0.729 0.553 0.463
v 0.278134 0.485553 0.003226 0.914 0.702 0.592
v -0.761695 -0.045620 -0.344988 0.776 0.596 0.475
v -0.074305 0.248532 -0.262005 0.733 0.584 0.447
v 0.318952 1.075000 -0.097471 0.263 0.192 0.106
v -0.293895 -0.126926 -0.213802 0.035 0.031 0.024
v 0.360300 0.555202 -0.156578 0.761 0.584 0.467
v -0.157951 0.224279 -0.392725 0.741 0.553 0.400
v 0.729614 -0.300984 -0.403011 0.851 0.675 0.510
v -0.884843 -0.661599 -0.318959 0.765 0.573 0.427
v -0.341238 -0.131367 -0.218510 0.031 0.027 0.020
v -0.584663 -0.783464 -0.164197 0.016 0.012 0.004
v -0.057807 1.017849 -0.068952 0.604 0.467 0.369
v 0.059871 0.965641 0.071616 0.910 0.729 0.600
v -0.079018 1.035497 -0.141899 0.373 0.286 0.212
v 0.435690 0.665472 -0.247882 0.533 0.357 0.271
v -0.053511 -0.605797 0.012639 0.059 0.051 0.047
v 0.264334 0.211352 -0.381835 0.804 0.624 0.463
v 0.451708 0.583279 -0.324873 0.839 0.518 0.416
v -0.561270 -0.231699 -0.199425 0.925 0.765 0.596
v 0.526025 -0.406936 -0.283558 0.922 0.753 0.569
v -0.209684 -0.397363 -0.068552 0.043 0.035 0.031
v -0.077340 0.321133 -0.253458 0.745 0.580 0.431
v 0.538259 -1.001274 -0.309171 0.878 0.671 0.533
v -0.641044 -0.340316 -0.216066 0.847 0.682 0.522
v -0.027244 0.271533 -0.094093 0.569 0.396 0.298
v -0.134843 0.869196 -0.147913 0.345 0.247 0.169
v -0.565166 -0.434465 -0.168337 0.043 0.039 0.031
v 0.038976 0.402305 0.048571 0.447 0.133 0.106
v 0.124770 -0.454913 -0.072652 0.043 0.039 0.031
v 0.375961 0.725700 -0.048894 0.839 0.682 0.565
v -0.090746 1.036840 -0.187051 0.318 0.251 0.180
v -0.744391 -0.179890 -0.275271 0.871 0.698 0.537
v 0.226305 0.530089 0.037336 0.953 0.749 0.639
v 0.436086 -0.435544 -0.203956 0.082 0.051 0.035
v -0.165033 -0.081755 -0.209211 0.075 0.035 0.020
v 0.282767 0.382373 -0.096775 0.855 0.671 0.545
v 0.153349 -0.551619 -0.025210 0.055 0.039 0.031
v -0.154621 -0.019993 -0.275781 0.910 0.725 0.569
v -0.461331 -0.422884 -0.072990 0.055 0.039 0.031
v -0.576886 -0.739843 -0.142553 0.031 0.027 0.027
v -0.135831 0.325835 -0.348142 0.710 0.522 0.380
v 0.092171 -1.029183 -0.061838 0.039 0.035 0.027
v 0.427092 -0.062993 -0.479106 0.114 0.102 0.102
v 0.439422 -0.639622 -0.262526 0.067 0.035 0.027
v -0.400603 -0.890684 -0.035420 0.031 0.027 0.020
v -0.599154 -0.481662 -0.209296 0.031 0.016 0.008
v -0.002469 0.502920 0.032968 0.894 0.682 0.576
v 0.244106 -0.342792 -0.154313 0.043 0.039 0.027
v -0.129058 0.851645 -0.120260 0.522 0.388 0.306
v 0.196507 1.016713 0.049260 0.357 0.278 0.192
v -0.679213 -0.364137 -0.227264 0.878 0.710 0.561
v 0.009585 0.882651 0.078726 0.890 0.718 0.620
v -0.456141 -0.182889 -0.192129 0.043 0.039 0.027
v 0.315631 -0.445862 -0.131422 0.047 0.043 0.031
v -0.137216 0.624280 -0.223290 0.761 0.576 0.478
v 0.636728 -0.224604 -0.353063 0.918 0.745 0.580
v 0.719523 -0.297913 -0.384812 0.851 0.678 0.514
v 0.390214 -0.313337 -0.227155 0.047 0.039 0.031
v 0.201665 0.390410 0.003625 0.882 0.710 0.584
v 0.581515 -0.134892 -0.436188 0.898 0.714 0.545
v -0.899507 -0.549134 -0.355050 0.639 0.486 0.365
v 0.422089 -0.545587 -0.193922 0.090 0.071 0.075
v -0.941092 -0.620009 -0.419827 0.592 0.443 0.322
v -0.357578 -0.166406 -0.195616 0.035 0.031 0.024
v -0.391197 -0.898155 -0.032779 0.035 0.031 0.024
v 0.362426 1.013400 -0.054468 0.251 0.200 0.125
v 0.145722 -0.467819 -0.067356 0.051 0.039 0.035
v 0.379313 -0.227207 -0.271955 0.039 0.035 0.024
v -0.803085 -0.432655 -0.277936 0.839 0.675 0.537
v 0.008391 -0.099186 -0.255102 0.945 0.753 0.584
v 0.143365 0.942825 0.094242 0.965 0.788 0.675
v 0.626439 -0.587047 -0.327718 0.882 0.718 0.549
v -0.757093 -0.795183 -0.219139 0.831 0.651 0.525
v -0.559618 -0.746516 -0.113568 0.035 0.031 0.031
v 0.021625 -0.736509 0.039964 0.067 0.059 0.063
v 0.386990 -0.106727 -0.378213 0.039 0.035 0.020
v -0.431105 0.009600 -0.337389 0.039 0.035 0.020
v 0.697813 -0.234582 -0.392543 0.882 0.710 0.553
v -0.253801 0.109762 -0.415287 0.835 0.643 0.486
v 0.261456 -0.966844 -0.103607 0.133 0.114 0.106
v -0.546451 -0.084795 -0.269275 0.945 0.788 0.616
v 0.172118 1.078266 -0.022244 0.235 0.169 0.106
v 0.107980 0.780031 0.125705 0.961 0.788 0.690
v 0.526618 -0.357526 -0.292668 0.937 0.776 0.604
v 0.649795 -0.875677 -0.382709 0.851 0.631 0.482
v 0.071596 0.884676 0.104861 0.953 0.792 0.682
v 0.520442 -0.933052 -0.291644 0.871 0.667 0.514
v -0.086661 -0.577013 0.002911 0.059 0.047 0.043
v -0.717652 -0.751125 -0.269266 0.737 0.565 0.471
v 0.377213 0.866488 -0.003911 0.878 0.722 0.612
v -0.143556 0.029337 -0.298546 0.898 0.725 0.561
v -0.111224 -0.005250 -0.278887 0.933 0.745 0.588
v -0.324718 -0.516327 0.012701 0.051 0.039 0.031
v -0.120680 0.309945 -0.306544 0.729 0.549 0.404
v 0.217305 -0.689498 0.019091 0.055 0.039 0.039
v -0.697963 -0.449850 -0.237894 0.871 0.714 0.573
v 0.612474 -0.723856 -0.340285 0.871 0.686 0.529
v 0.253178 0.440484 -0.000148 0.906 0.725 0.624
v -0.217543 -0.526624 0.004823 0.055 0.039 0.035
v -0.250839 -0.710983 0.056087 0.075 0.055 0.055
v 0.366780 -0.460367 -0.155315 0.043 0.039 0.031
v 0.347975 -0.939599 -0.202509 0.129 0.110 0.102
v -0.502422 -0.456083 -0.088406 0.067 0.051 0.039
v -0.258439 -0.034191 -0.250520 0.047 0.039 0.027
v 0.297416 -0.921391 -0.105565 0.090 0.075 0.071
v 0.420428 -0.416355 -0.195279 0.051 0.039 0.027
v -0.132294 0.537686 -0.152235 0.753 0.573 0.478
v 0.248867 -1.003713 -0.114202 0.078 0.059 0.059
v 0.322673 -0.579765 -0.088955 0.051 0.043 0.031
v -0.084586 0.592828 0.001131 0.875 0.659 0.549
v 0.010056 -0.041426 -0.278074 0.925 0.733 0.569
v -0.557747 -0.855873 -0.133856 0.047 0.043 0.027
v -0.081411 0.732661 0.027222 0.761 0.588 0.518
v 0.027038 1.078254 -0.069250 0.231 0.157 0.090
v 0.144411 0.494347 0.101190 0.890 0.682 0.596
v 0.539457 -0.113965 -0.446541 0.894 0.706 0.553
v 0.103314 -0.445429 -0.076342 0.055 0.043 0.039
v -0.120749 0.739979 -0.102153 0.788 0.627 0.525
v -0.834022 -0.243896 -0.325878 0.765 0.580 0.443
v -0.276139 -0.310254 -0.108284 0.047 0.043 0.035
v -0.226391 -0.884310 0.006294 0.039 0.035 0.035
v 0.024517 -0.474443 -0.052644 0.051 0.039 0.035
v 0.288731 0.399388 -0.090343 0.859 0.682 0.565
v 0.136350 0.540170 0.107206 0.882 0.686 0.592
v -0.863397 -0.638243 -0.305803 0.804 0.616 0.467
v -0.133897 0.605231 -0.201935 0.729 0.533 0.435
v 0.175608 1.056239 0.011635 0.298 0.227 0.141
v 0.297742 -0.429406 -0.129317 0.043 0.039 0.031
v 0.043550 -0.843993 0.024672 0.071 0.059 0.055
v 0.094103 0.531676 0.142377 0.969 0.784 0.698
v 0.366008 -0.934548 -0.259862 0.153 0.133 0.118
v -0.125460 0.748542 -0.119833 0.765 0.600 0.506
v 0.010761 -0.214840 -0.178816 0.059 0.047 0.035
v 0.208412 0.605567 0.042564 0.702 0.506 0.392
v 0.367653 0.646950 -0.079992 0.871 0.690 0.553
v -0.375073 -0.264738 -0.132553 0.043 0.035 0.027
v -0.107996 0.410107 -0.139202 0.733 0.565 0.475
v 0.629111 -0.607162 -0.332289 0.882 0.714 0.545
v 0.377436 -0.827607 -0.158211 0.106 0.102 0.094
v -0.711756 -0.054918 -0.290073 0.910 0.745 0.592
v 0.022195 0.714067 0.094627 0.573 0.416 0.325
v 0.279810 0.385011 -0.087657 0.859 0.690 0.569
v -0.783841 -0.305006 -0.273497 0.867 0.698 0.541
v 0.296557 -0.319766 -0.183770 0.047 0.039 0.031
v 0.154953 0.748204 0.127187 0.953 0.780 0.682
v 0.452949 -0.489516 -0.213868 0.169 0.114 0.090
v -0.293864 -0.534810 0.021279 0.051 0.039 0.035
v -0.137141 0.300728 -0.348286 0.710 0.525 0.384
v -0.066031 -0.421199 -0.071054 0.047 0.039 0.035
v -0.137358 0.716971 -0.155458 0.718 0.565 0.475
v 0.292734 -0.737951 -0.019089 0.067 0.055 0.047
v 0.138964 0.258945 -0.186738 0.608 0.478 0.384
v 0.328372 -0.956415 -0.181460 0.114 0.082 0.075
v -0.497026 -0.366012 -0.121151 0.051 0.035 0.027
v 0.411666 0.833409 -0.069596 0.686 0.541 0.447
v -0.359049 -0.828399 0.009716 0.047 0.031 0.035
v -0.458448 -0.032069 -0.288879 0.039 0.031 0.016
v -0.547455 -0.527088 -0.118243 0.035 0.035 0.027
v 0.411366 0.814757 -0.074840 0.635 0.482 0.384
v 0.444415 -0.600041 -0.252749 0.086 0.067 0.055
v 0.164575 -0.794017 0.039055 0.078 0.071 0.075
v 0.259037 0.235352 -0.333720 0.827 0.651 0.490
v 0.054095 0.495019 0.095245 0.584 0.424 0.388
v -0.112934 -0.355328 -0.101168 0.047 0.035 0.031
v 0.478272 -0.081148 -0.480314 0.165 0.149 0.141
v -0.050723 -0.124411 -0.206827 0.902 0.745 0.639
v -0.191423 -0.248930 -0.145338 0.039 0.035 0.027
v -0.597914 -0.270316 -0.203475 0.875 0.698 0.533
v 0.211502 -0.159610 -0.248570 0.047 0.039 0.027
v -0.266543 -0.807073 0.030888 0.051 0.039 0.039
v 0.265680 0.230632 -0.362244 0.796 0.612 0.451
v -0.040101 -0.002566 -0.270503 0.925 0.733 0.565
v -0.096839 -0.901591 -0.001039 0.043 0.039 0.031
v -0.000105 0.468427 0.032687 0.882 0.694 0.584
v -0.112634 0.842822 -0.067117 0.608 0.463 0.373
v 0.204146 -0.549986 -0.040442 0.043 0.035 0.031
v -0.349372 -0.575190 0.038462 0.051 0.039 0.035
v -0.808133 -0.116479 -0.366483 0.698 0.506 0.384
v -0.790140 -0.281174 -0.280798 0.859 0.678 0.522
v -0.679703 0.036835 -0.400382 0.843 0.631 0.498
v 0.451559 -0.583284 -0.254686 0.094 0.078 0.059
v 0.730730 -0.400239 -0.395415 0.839 0.671 0.502
v -0.068465 -1.042950 -0.027841 0.031 0.027 0.020
v 0.488358 -0.872461 -0.274286 0.843 0.643 0.494
v 0.340598 1.002989 -0.016617 0.345 0.282 0.220
v 0.469474 -0.839600 -0.275250 0.773 0.584 0.455
v 0.259281 1.040437 0.002847 0.196 0.153 0.078
v -0.184397 -0.620812 0.031742 0.051 0.043 0.039
v 0.336648 0.957755 0.028090 0.541 0.412 0.314
v 0.196961 0.883753 0.108110 0.965 0.788 0.686
v 0.353455 0.499697 -0.235078 0.757 0.569 0.455
v -0.059473 -0.039303 -0.260848 0.906 0.698 0.537
v -0.107200 0.400056 -0.280019 0.722 0.525 0.384
v 0.536416 -0.920727 -0.307612 0.871 0.651 0.510
v 0.169305 1.030756 0.042031 0.333 0.263 0.184
v 0.288931 -0.025046 -0.388202 0.871 0.706 0.573
v 0.298543 -1.025750 -0.186359 0.106 0.082 0.090
v -0.550660 -0.329607 -0.165416 0.082 0.063 0.055
v -0.130147 0.607307 -0.092035 0.690 0.498 0.396
v -0.113863 0.637508 -0.042670 0.792 0.612 0.502
v -0.420702 -0.050846 -0.282228 0.039 0.035 0.024
v 0.362451 -1.063281 -0.282890 0.157 0.133 0.102
v -0.936076 -0.627741 -0.397536 0.612 0.459 0.341
v -0.514613 -0.517339 -0.070923 0.059 0.043 0.035
v 0.056557 -1.067414 -0.058147 0.043 0.039 0.031
v 0.742233 -0.360603 -0.431601 0.796 0.627 0.463
v 0.428542 0.787312 -0.137073 0.494 0.380 0.290
v 0.297547 -0.599113 -0.063900 0.051 0.039 0.031
v -0.476765 -0.892117 -0.084162 0.090 0.059 0.051
v 0.023869 0.132754 -0.239092 0.863 0.690 0.545
v -0.716682 -0.519270 -0.247783 0.855 0.686 0.553
v 0.295447 -0.878843 -0.071708 0.098 0.086 0.078
v 0.247821 0.246565 -0.302092 0.871 0.702 0.537
v 0.092347 0.953323 0.084763 0.949 0.776 0.663
v 0.362581 0.641318 -0.069719 0.863 0.682 0.549
v 0.481140 -0.283301 -0.298542 0.945 0.796 0.631
v -0.110516 -0.658335 0.028299 0.063 0.047 0.051
v 0.339907 0.848313 0.041643 0.902 0.733 0.616
v -0.743816 -0.610307 -0.260396 0.847 0.686 0.545
v -0.369857 -0.097667 -0.244944 0.027 0.024 0.016
v 0.132313 -0.974616 -0.054448 0.043 0.035 0.031
v 0.674475 -0.179576 -0.453416 0.859 0.678 0.525
v -0.320988 -0.613519 0.053332 0.059 0.051 0.047
v 0.216227 0.511971 0.039589 0.949 0.745 0.651
v 0.406227 0.966509 -0.080802 0.561 0.455 0.365
v -0.294398 0.100002 -0.433980 0.839 0.651 0.494
v -0.687547 -0.137595 -0.258499 0.910 0.757 0.592
v 0.463177 -0.085818 -0.443720 0.188 0.184 0.184
v -0.526900 -0.126774 -0.247817 0.937 0.788 0.620
v -0.801533 -0.736750 -0.257610 0.839 0.647 0.506
v 0.060942 0.719083 0.116058 0.584 0.412 0.318
v 0.428661 0.939566 -0.110082 0.486 0.384 0.302
v -0.233770 0.095965 -0.388967 0.867 0.678 0.510
v 0.461124 -0.064815 -0.502638 0.129 0.114 0.114
v -0.320964 -0.154412 -0.200029 0.039 0.035 0.024
v -0.245051 -0.527994 0.010208 0.055 0.043 0.035
v 0.564639 -0.657340 -0.304126 0.894 0.725 0.561
v -0.129893 0.309441 -0.327684 0.698 0.518 0.376
v 0.618284 -0.137977 -0.467743 0.859 0.667 0.529
v -0.015003 -0.576295 0.000662 0.059 0.047 0.039
v 0.353199 -0.668509 -0.094438 0.051 0.039 0.031
v -0.567989 -0.269364 -0.187363 0.722 0.580 0.471
v -0.601630 -0.797762 -0.193986 0.035 0.031 0.020
v -0.007029 0.148724 -0.242754 0.831 0.667 0.510
v 0.125958 0.055071 -0.279892 0.898 0.745 0.580
v -0.113026 0.593670 -0.040004 0.765 0.569 0.467
v 0.340182 0.636240 -0.022316 0.859 0.702 0.584
v -0.365096 -0.069472 -0.265524 0.035 0.027 0.020
v 0.262378 0.626216 0.037830 0.424 0.345 0.310
v -0.011871 -0.767655 0.032624 0.098 0.090 0.086
v -0.543882 0.061308 -0.434875 0.890 0.694 0.549
v -0.072124 -0.466735 -0.046201 0.059 0.047 0.043
v -0.115107 0.725615 -0.077307 0.788 0.631 0.533
v -0.190058 -0.117526 -0.198535 0.043 0.035 0.027
v -0.688850 -0.223374 -0.249119 0.906 0.745 0.580
v -0.780405 -0.604746 -0.269929 0.847 0.675 0.541
v -0.125120 0.159780 -0.307891 0.776 0.608 0.471
v -0.087821 0.394936 -0.099737 0.769 0.600 0.518
v -0.129069 0.298535 -0.324136 0.706 0.525 0.384
v 0.289679 0.368443 -0.143868 0.745 0.580 0.467
v -0.805430 -0.541443 -0.281192 0.835 0.667 0.525
v 0.107483 0.799187 0.123594 0.957 0.784 0.682
v -0.061298 -0.197366 -0.176416 0.055 0.043 0.031
v 0.388427 -0.858264 -0.248910 0.137 0.118 0.094
v 0.661562 -0.332029 -0.328647 0.906 0.745 0.580
v 0.396158 -0.950002 -0.268741 0.412 0.329 0.271
v 0.287185 0.320011 -0.341644 0.796 0.620 0.475
v 0.465336 -0.415355 -0.234628 0.914 0.733 0.549
v -0.114140 0.204553 -0.295822 0.757 0.596 0.455
v 0.737513 -0.361071 -0.412026 0.824 0.655 0.490
v -0.728742 -0.646937 -0.260985 0.851 0.671 0.537
v 0.097223 0.616786 0.095795 0.878 0.671 0.573
v 0.132166 -0.571501 -0.009719 0.051 0.035 0.031
v 0.525868 -0.746269 -0.292042 0.867 0.678 0.522
v 0.585788 -0.307384 -0.311033 0.941 0.788 0.624
v -0.818967 -0.157776 -0.355025 0.722 0.529 0.396
v 0.203268 -0.832065 0.017542 0.078 0.067 0.063
v 0.214046 0.486482 0.037034 0.929 0.714 0.620
v 0.371603 0.664760 -0.081560 0.847 0.671 0.553
v 0.275164 -0.296033 -0.190160 0.051 0.043 0.031
v -0.529782 -0.502763 -0.099588 0.059 0.055 0.047
v -0.464882 -0.187210 -0.190232 0.043 0.031 0.024
v 0.068744 0.513798 0.138381 0.843 0.655 0.573
v 0.148613 -0.434756 -0.086649 0.051 0.039 0.035
v 0.245639 0.532462 0.031914 0.953 0.737 0.620
v 0.272546 -0.004041 -0.393938 0.898 0.725 0.569
v -0.091544 -0.467647 -0.044062 0.051 0.039 0.031
v -0.599709 -0.741099 -0.188070 0.024 0.008 0.012
v -0.696627 -0.168106 -0.258256 0.902 0.745 0.580
v -0.080226 0.267538 -0.265847 0.749 0.592 0.455
v 0.254120 -0.292623 -0.185845 0.043 0.035 0.024
v 0.157577 -0.747353 0.043073 0.090 0.075 0.078
v 0.196656 0.533762 0.046108 0.949 0.761 0.663
v 0.027231 0.266919 -0.005377 0.792 0.584 0.502
v -0.600810 -0.337728 -0.200010 0.757 0.588 0.451
v -0.084047 0.134090 -0.272976 0.827 0.663 0.518
v 0.368203 -0.732498 -0.102580 0.055 0.035 0.027
v 0.387267 -0.685060 -0.138193 0.059 0.047 0.035
v 0.087311 0.486554 0.152993 0.835 0.639 0.561
v -0.133251 0.295241 -0.335508 0.706 0.525 0.384
v 0.017443 -1.059521 -0.046783 0.031 0.027 0.020
v -0.662944 -0.873807 -0.093048 0.800 0.576 0.459
v -0.112791 0.434034 -0.129574 0.761 0.588 0.494
v -0.639825 -0.722240 -0.269273 0.039 0.016 0.016
v 0.294813 -0.694797 -0.026721 0.059 0.047 0.039
v 0.283422 0.300904 -0.355810 0.769 0.592 0.451
v 0.076524 0.532315 0.135308 0.867 0.682 0.592
v 0.162026 -0.268387 -0.178156 0.051 0.043 0.031
v 0.146858 -0.334057 -0.139514 0.043 0.039 0.027
v 0.024023 -0.905665 -0.006073 0.067 0.063 0.055
v -0.646254 -0.783851 -0.281791 0.204 0.153 0.122
v -0.439907 -0.907723 -0.058733 0.063 0.047 0.043
v 0.408267 -0.932179 -0.263971 0.522 0.400 0.322
v -0.503861 -0.706780 -0.017527 0.106 0.098 0.094
v 0.068470 -0.114132 -0.239581 0.949 0.749 0.588
v -0.748728 -0.817297 -0.205309 0.824 0.635 0.514
v 0.420405 -0.465832 -0.187621 0.059 0.047 0.035
v 0.353822 1.055886 -0.095053 0.122 0.098 0.035
v -0.032145 -0.152812 -0.191969 0.059 0.039 0.027
v -0.429952 0.039772 -0.386515 0.027 0.024 0.016
v -0.324886 0.012716 -0.323786 0.024 0.016 0.008
v -0.793213 -0.480799 -0.274492 0.843 0.682 0.545
v -0.058274 0.316827 -0.096451 0.675 0.506 0.412
v 0.422065 -0.428618 -0.193939 0.059 0.051 0.035
v 0.031650 0.856615 0.095614 0.929 0.765 0.659
v 0.345891 -0.625834 -0.095612 0.055 0.039 0.035
v 0.273232 -0.193052 -0.253820 0.035 0.031 0.020
v -0.635762 -0.630233 -0.230642 0.031 0.016 0.012
v -0.007089 0.938151 0.048343 0.871 0.682 0.573
v -0.249245 0.014060 -0.324414 0.882 0.710 0.557
v -0.416312 -0.329581 -0.103775 0.043 0.031 0.024
v -0.389156 -0.171416 -0.194314 0.039 0.031 0.027
v -0.321019 -0.473113 -0.013980 0.047 0.035 0.031
v -0.405606 -0.206638 -0.172567 0.035 0.031 0.024
v 0.459933 0.937157 -0.195972 0.298 0.220 0.161
v -0.118185 0.009758 -0.285395 0.918 0.737 0.576
v 0.364052 0.562420 -0.164345 0.765 0.588 0.471
v -0.097776 0.676375 -0.024359 0.812 0.643 0.529
v -0.581773 -0.801007 -0.160821 0.035 0.039 0.031
v 0.267152 -0.880967 -0.048114 0.090 0.071 0.067
v -0.005676 -0.115290 -0.232167 0.941 0.745 0.569
v 0.142896 0.906454 0.108538 0.980 0.804 0.690
v 0.342391 0.891667 0.041920 0.776 0.576 0.471
v 0.386258 -0.875800 -0.260721 0.145 0.129 0.110
v -0.449463 -0.800680 -0.018188 0.071 0.047 0.047
v -0.851192 -0.214973 -0.390341 0.651 0.475 0.337
v 0.186216 1.068139 -0.005552 0.318 0.251 0.176
v 0.456463 -0.465362 -0.212555 0.867 0.678 0.518
v 0.379740 0.787798 -0.019655 0.824 0.667 0.565
v -0.221256 -0.338272 -0.098218 0.047 0.039 0.035
v -0.842070 -0.417524 -0.303163 0.784 0.616 0.490
v -0.350662 -0.049462 -0.277777 0.031 0.024 0.016
v -0.023150 0.702058 0.060124 0.420 0.216 0.133
v -0.083471 -0.061593 -0.244637 0.941 0.729 0.565
v 0.552674 -0.644547 -0.296058 0.890 0.718 0.553
v -0.545934 -0.552437 -0.102428 0.024 0.024 0.016
v -0.415125 -0.505945 -0.009613 0.051 0.039 0.031
v -0.453984 -0.699307 0.022036 0.055 0.051 0.043
v 0.326713 0.485526 -0.105301 0.784 0.608 0.486
v 0.182108 0.244959 -0.239660 0.886 0.729 0.576
v -0.455193 0.067684 -0.447321 0.055 0.039 0.039
v -0.261921 -0.215523 -0.159433 0.043 0.039 0.031
v 0.082079 -0.524516 -0.027645 0.051 0.039 0.031
v -0.138759 0.915085 -0.195696 0.322 0.247 0.180
v 0.389532 0.517516 -0.263672 0.945 0.710 0.592
v 0.159522 0.517679 0.066935 0.878 0.698 0.604
v -0.608432 -0.477440 -0.218323 0.475 0.349 0.231
v 0.221931 -0.017581 -0.347431 0.851 0.678 0.522
v 0.292961 -1.030158 -0.177984 0.122 0.098 0.106
v 0.295920 0.604391 0.014661 0.886 0.671 0.529
v -0.614761 -0.668383 -0.196210 0.027 0.012 0.012
v 0.024526 0.793041 0.105972 0.941 0.757 0.671
v 0.608928 -0.132736 -0.470339 0.863 0.675 0.537
v 0.360352 -1.053333 -0.283168 0.176 0.141 0.106
v 0.328288 -1.031575 -0.257273 0.224 0.204 0.188
v -0.792931 -0.659067 -0.272809 0.843 0.659 0.518
v 0.078204 0.477321 0.105118 0.322 0.090 0.082
v 0.112741 0.011252 -0.284382 0.894 0.733 0.561
v -0.176897 -0.463891 -0.036742 0.039 0.031 0.027
v 0.142119 0.925042 0.101916 0.965 0.780 0.671
v -0.162033 -0.832814 0.012208 0.047 0.043 0.043
v 0.342753 -0.093528 -0.365183 0.047 0.039 0.027
v -0.016868 0.151956 -0.245648 0.824 0.671 0.518
v 0.115554 0.905098 0.108286 0.969 0.792 0.686
v -0.356288 -0.479165 -0.012304 0.055 0.043 0.035
v -0.555553 -0.837090 -0.123484 0.086 0.075 0.067
v -0.113049 0.546824 -0.056347 0.765 0.588 0.502
v -0.155426 -0.417788 -0.064731 0.051 0.039 0.035
v -0.581745 -0.227570 -0.210771 0.922 0.757 0.584
v -0.720687 -0.304549 -0.247176 0.890 0.722 0.565
v 0.422376 -0.075069 -0.448089 0.110 0.102 0.098
v 0.030101 0.373930 0.027069 0.718 0.404 0.361
v -0.614933 -0.273760 -0.211137 0.875 0.698 0.533
v -0.791983 -0.237520 -0.291249 0.851 0.671 0.510
v 0.370092 0.614151 -0.114454 0.843 0.635 0.494
v 0.387545 -0.749150 -0.140469 0.129 0.106 0.106
v 0.431049 -0.714406 -0.279595 0.027 0.012 0.016
v -0.289411 -0.298120 -0.113643 0.039 0.035 0.027
v 0.205001 1.045110 0.019406 0.306 0.239 0.157
v 0.514554 -0.101462 -0.457088 0.875 0.694 0.565
v 0.193498 0.205268 -0.268517 0.914 0.765 0.596
v 0.217044 0.090066 -0.331119 0.835 0.682 0.522
v 0.111765 -0.629057 0.020480 0.059 0.043 0.035
v -0.433895 -0.241032 -0.156149 0.039 0.035 0.027
v 0.486393 -0.760572 -0.279944 0.808 0.620 0.475
v -0.122093 -0.920121 -0.003827 0.035 0.031 0.027
v 0.346996 0.669544 -0.017753 0.835 0.671 0.565
v 0.340539 0.718092 0.025062 0.878 0.722 0.620
v 0.218139 0.826140 0.112338 0.949 0.773 0.675
v 0.268697 -1.095589 -0.168893 0.153 0.133 0.122
v 0.192034 0.897345 0.106100 0.961 0.773 0.671
v 0.339585 0.514165 -0.123012 0.773 0.612 0.494
v -0.599175 -0.574794 -0.178077 0.020 0.016 0.008
v 0.173686 -0.833590 0.027116 0.086 0.071 0.071
v -0.798228 -0.094597 -0.367880 0.706 0.514 0.400
v 0.233323 -0.911972 -0.047017 0.086 0.063 0.067
v 0.674485 -0.192011 -0.422052 0.882 0.710 0.549
v 0.005334 1.058062 -0.062309 0.294 0.212 0.153
v -0.002563 -0.973059 -0.025518 0.043 0.043 0.035
v -0.144498 -0.498495 -0.024504 0.059 0.047 0.043
v 0.688051 -0.224867 -0.388643 0.894 0.718 0.557
v 0.049885 0.112297 -0.245010 0.871 0.702 0.565
v -0.550151 -0.663107 -0.071155 0.039 0.031 0.035
v -0.055560 0.238035 -0.250885 0.733 0.580 0.443
v 0.565771 -0.475804 -0.293788 0.925 0.757 0.580
v -0.081736 -0.953825 -0.012546 0.043 0.039 0.031
v 0.538069 -1.069152 -0.313647 0.875 0.663 0.525
v -0.818550 -0.529407 -0.288238 0.835 0.667 0.529
v -0.112154 0.606088 -0.037342 0.773 0.580 0.478
v 0.207518 0.870678 0.109014 0.961 0.792 0.690
v 0.251375 0.175885 -0.357088 0.820 0.643 0.482
v -0.141431 0.849817 -0.174840 0.357 0.267 0.196
v 0.257470 -0.391631 -0.133275 0.051 0.039 0.031
v -0.636320 -0.293098 -0.216808 0.890 0.722 0.557
v -0.621750 -0.473925 -0.226683 0.675 0.514 0.365
v -0.093275 0.365749 -0.256764 0.702 0.522 0.388
v 0.193893 -0.145636 -0.248106 0.051 0.039 0.027
v -0.577173 -0.480327 -0.173240 0.020 0.012 0.004
v -0.848555 -0.386955 -0.310441 0.776 0.608 0.482
v -0.112909 0.622026 -0.039294 0.776 0.584 0.471
v -0.131267 -0.873419 0.004410 0.039 0.035 0.031
v 0.236560 0.457294 0.018959 0.918 0.737 0.647
v 0.526646 -0.336112 -0.297232 0.945 0.788 0.620
v 0.373908 1.015102 -0.072893 0.306 0.243 0.184
v 0.155584 -0.607126 0.005232 0.059 0.051 0.043
v -0.277826 0.040636 -0.355690 0.894 0.706 0.553
v 0.490857 -1.002975 -0.269867 0.863 0.663 0.529
v -0.122435 -0.850570 0.008105 0.043 0.035 0.039
v 0.014440 0.242714 -0.204438 0.565 0.424 0.318
v 0.252445 0.425652 -0.011566 0.890 0.714 0.608
v -0.888351 -0.455318 -0.355216 0.643 0.490 0.369
v -0.896020 -0.440794 -0.378592 0.592 0.435 0.306
v 0.434912 -0.056345 -0.514564 0.102 0.094 0.102
v -0.464422 -0.328778 -0.117867 0.051 0.039 0.027
v 0.211534 0.107438 -0.315128 0.863 0.706 0.549
v 0.272608 -0.544210 -0.070369 0.051 0.039 0.031
v -0.156798 0.706909 -0.306081 0.639 0.502 0.416
v -0.183520 -0.745326 0.039169 0.086 0.075 0.078
v -0.137097 -0.384779 -0.083828 0.043 0.039 0.031
v 0.039500 0.512657 0.066666 0.773 0.549 0.471
v 0.263583 -0.680966 -0.007637 0.051 0.043 0.039
v -0.705468 -0.644335 -0.259081 0.812 0.639 0.506
v 0.111654 0.728874 0.125140 0.945 0.776 0.675
v 0.337066 -0.358557 -0.181320 0.043 0.039 0.027
v 0.371485 0.645565 -0.094570 0.847 0.655 0.518
v -0.678330 -0.853230 -0.161520 0.702 0.541 0.439
v -0.003144 0.843047 0.080332 0.890 0.722 0.624
v 0.188321 -1.077784 -0.102403 0.039 0.035 0.027
v -0.205252 -0.869021 0.008559 0.051 0.043 0.035
v 0.240812 -1.055768 -0.128157 0.043 0.035 0.027
v 0.440477 0.847117 -0.126955 0.463 0.345 0.263
v 0.317512 0.714245 0.054693 0.906 0.741 0.651
v -0.073038 0.024364 -0.272375 0.847 0.651 0.494
v -0.485945 -0.756408 -0.015812 0.086 0.067 0.067
v 0.542206 -0.638760 -0.289209 0.882 0.710 0.545
v 0.060745 0.043731 -0.266863 0.914 0.753 0.600
v 0.428702 0.779648 -0.144161 0.557 0.435 0.353
v 0.015285 -0.760389 0.037068 0.071 0.055 0.059
v -0.688091 -0.835069 -0.201551 0.710 0.545 0.447
v -0.049338 0.559574 0.018836 0.925 0.718 0.600
v -0.617331 -0.546686 -0.216992 0.031 0.020 0.012
v 0.727305 -0.337057 -0.389880 0.820 0.643 0.482
v -0.001982 -0.619250 0.017631 0.059 0.047 0.047
v -0.568419 -0.709924 -0.117244 0.031 0.027 0.024
v -0.394308 -0.130691 -0.221662 0.035 0.031 0.024
v 0.383949 1.010843 -0.086569 0.361 0.294 0.235
v -0.509138 -0.428013 -0.108286 0.055 0.043 0.035
v 0.066146 -0.398208 -0.100182 0.051 0.047 0.039
v -0.022846 0.648138 0.041228 0.655 0.475 0.376
v 0.191016 -0.020584 -0.325436 0.867 0.690 0.537
v 0.230913 0.401891 -0.007404 0.910 0.733 0.631
v 0.380655 0.607613 -0.167505 0.780 0.608 0.494
v 0.321663 0.645875 0.014157 0.820 0.647 0.537
v 0.155839 0.140527 -0.267769 0.914 0.765 0.604
v 0.267606 0.451957 -0.007762 0.890 0.706 0.604
v 0.373487 -0.349885 -0.202093 0.043 0.035 0.024
v 0.208181 -0.175043 -0.239158 0.043 0.035 0.020
v 0.374099 -0.112933 -0.366050 0.035 0.035 0.020
v 0.314618 0.869625 0.061815 0.918 0.741 0.624
v 0.214161 -0.777655 0.026334 0.082 0.071 0.075
v 0.304404 -0.518601 -0.096446 0.051 0.043 0.035
v 0.081508 0.966568 0.076020 0.937 0.761 0.655
v -0.294503 -0.040597 -0.265712 0.027 0.024 0.016
v 0.429067 -0.377110 -0.216831 0.071 0.051 0.035
v 0.235905 -0.463415 -0.091480 0.051 0.043 0.035
v 0.140666 -0.717318 0.043440 0.086 0.071 0.059
v 0.650194 -0.803525 -0.375039 0.851 0.651 0.482
v 0.348978 -0.106140 -0.357166 0.047 0.039 0.027
v -0.056259 1.066743 -0.156870 0.318 0.239 0.169
v -0.319127 -0.230674 -0.151753 0.035 0.031 0.024
v -0.130622 0.341932 -0.331060 0.714 0.525 0.384
v 0.149563 0.880447 0.115893 0.969 0.788 0.686
v 0.009856 -1.049710 -0.044389 0.039 0.035 0.027
v -0.699808 -0.477482 -0.240712 0.863 0.694 0.557
v 0.412926 -0.760311 -0.236967 0.075 0.039 0.031
v 0.353026 0.686419 -0.022525 0.847 0.686 0.576
v -0.129425 0.573313 -0.124069 0.722 0.545 0.455
v -0.472831 -0.798786 -0.032023 0.078 0.055 0.055
v -0.362108 -0.609007 0.048266 0.055 0.043 0.039
v 0.283001 -0.389395 -0.142028 0.047 0.039 0.027
v 0.149114 0.160551 -0.257881 0.914 0.765 0.604
v 0.429810 -0.330981 -0.243034 0.094 0.071 0.043
v 0.357989 1.057632 -0.105294 0.125 0.094 0.043
v 0.424916 -0.618921 -0.217649 0.106 0.086 0.086
v -0.057313 0.315651 -0.222891 0.647 0.490 0.376
v -0.110416 -0.072938 -0.228351 0.949 0.741 0.588
v 0.148964 -0.443603 -0.081566 0.051 0.039 0.035
v 0.185529 0.919079 0.099750 0.961 0.776 0.667
v -0.009427 1.079944 -0.122544 0.290 0.227 0.165
v -0.542734 -0.739498 -0.081860 0.047 0.047 0.047
v -0.857406 -0.557465 -0.311201 0.784 0.608 0.467
v -0.266178 -0.376060 -0.073841 0.043 0.039 0.031
v -0.241764 -0.491266 -0.010243 0.039 0.031 0.024
v 0.103355 0.702184 0.118056 0.890 0.718 0.608
v 0.189403 0.271191 -0.071306 0.784 0.612 0.510
v 0.268298 -0.632132 -0.029302 0.051 0.039 0.031
v -0.584944 -0.251058 -0.203073 0.894 0.729 0.565
v -0.320909 -0.277519 -0.124438 0.043 0.039 0.027
v 0.331448 0.483373 -0.132878 0.808 0.635 0.506
v -0.804574 -0.568745 -0.280487 0.839 0.663 0.529
v 0.488500 -0.787748 -0.282162 0.808 0.620 0.482
v -0.029481 0.451759 0.012264 0.824 0.627 0.529
v 0.641684 -0.392140 -0.324829 0.910 0.753 0.584
v -0.709531 -0.782199 -0.259218 0.678 0.529 0.427
v -0.113835 0.764816 -0.081357 0.780 0.620 0.514
v 0.464005 0.871487 -0.233585 0.231 0.184 0.129
v -0.397061 -0.385965 -0.072348 0.047 0.039 0.031
v -0.770899 -0.447842 -0.261955 0.847 0.682 0.537
v 0.334827 -0.058245 -0.397500 0.055 0.043 0.035
v -0.844354 -0.686815 -0.285640 0.843 0.647 0.498
v 0.269472 1.019951 0.018772 0.286 0.227 0.153
v -0.597331 -0.040687 -0.287459 0.941 0.776 0.612
v 0.283493 -0.365538 -0.154359 0.047 0.039 0.031
v 0.275246 0.054155 -0.412000 0.878 0.702 0.541
v 0.180578 0.139828 -0.281200 0.914 0.753 0.584
v -0.488752 -0.450323 -0.075925 0.055 0.039 0.035
v 0.328288 -0.665223 -0.067249 0.047 0.035 0.035
v 0.014177 -0.195996 -0.186824 0.055 0.043 0.035
v -0.499078 -0.093460 -0.254193 0.553 0.427 0.333
v -0.670177 -0.358928 -0.224513 0.878 0.710 0.557
v -0.375742 -0.887913 -0.024206 0.035 0.027 0.020
v -0.194414 0.180647 -0.440226 0.812 0.600 0.420
v 0.258147 0.148371 -0.384948 0.871 0.686 0.522
v -0.551739 -0.360155 -0.161005 0.067 0.043 0.039
v 0.061939 0.594606 0.070259 0.859 0.663 0.557
v 0.586277 -0.810824 -0.335887 0.867 0.671 0.518
v 0.400415 1.028398 -0.143146 0.373 0.322 0.267
v 0.249905 0.328103 -0.229275 0.675 0.541 0.424
v 0.417486 0.698950 -0.177625 0.557 0.427 0.345
v -0.786133 -0.095444 -0.339850 0.749 0.565 0.447
v 0.422808 -1.102714 -0.270122 0.749 0.576 0.471
v -0.866637 -0.652570 -0.305908 0.796 0.604 0.455
v 0.267930 -0.051997 -0.349409 0.576 0.478 0.424
v -0.908948 -0.547677 -0.374103 0.616 0.459 0.341
v 0.446893 0.591794 -0.318628 0.827 0.522 0.420
v 0.203271 0.399086 0.007398 0.902 0.729 0.620
v -0.137170 0.598532 -0.234976 0.710 0.522 0.416
v 0.655484 -0.254977 -0.342822 0.933 0.769 0.604
v 0.439232 0.873772 -0.126763 0.369 0.255 0.173
v -0.552495 -0.466576 -0.148481 0.031 0.024 0.020
v -0.333897 0.062954 -0.390897 0.043 0.031 0.016
v 0.455479 -0.350038 -0.254135 0.918 0.737 0.569
v -0.096459 0.958122 -0.093962 0.404 0.298 0.208
v 0.501917 -0.091740 -0.485290 0.831 0.647 0.518
v -0.857033 -0.279379 -0.346289 0.694 0.522 0.384
v -0.344971 0.094749 -0.453156 0.043 0.027 0.024
v -0.272457 -0.193931 -0.171760 0.039 0.035 0.027
v -0.573918 -0.720753 -0.131610 0.043 0.035 0.035
v -0.795439 -0.302171 -0.280364 0.851 0.678 0.522
v -0.016946 -0.404903 -0.086443 0.051 0.043 0.035
v 0.127034 0.735369 0.127799 0.941 0.769 0.671
v 0.130972 0.441816 0.061894 0.906 0.718 0.612
v 0.407199 -0.704527 -0.196576 0.086 0.063 0.067
v -0.698598 -0.051560 -0.284573 0.929 0.757 0.600
v -0.109116 0.733968 -0.060180 0.788 0.639 0.533
v -0.483048 -0.735062 -0.005761 0.071 0.055 0.051
v 0.343975 0.726459 0.021696 0.878 0.706 0.604
v -0.106305 0.845811 -0.050004 0.659 0.518 0.424
v 0.263056 0.282132 -0.307546 0.867 0.682 0.525
v 0.216184 0.689010 0.103668 0.553 0.412 0.333
v 0.437745 -0.520788 -0.208404 0.094 0.078 0.067
v -0.715945 -0.075943 -0.281558 0.918 0.753 0.592
v 0.197124 -0.439297 -0.091853 0.043 0.035 0.027
v -0.829011 -0.223926 -0.329464 0.745 0.557 0.416
v 0.179187 0.740337 0.125342 0.953 0.773 0.682
v 0.221529 -0.267177 -0.191738 0.051 0.039 0.027
v 0.146196 0.248461 -0.031709 0.831 0.624 0.525
v 0.678011 -0.646156 -0.366369 0.824 0.647 0.482
v -0.149804 0.872009 -0.220963 0.239 0.165 0.106
v -0.313646 -0.662097 0.063316 0.067 0.055 0.055
v 0.410140 0.978657 -0.104715 0.439 0.353 0.263
v 0.331183 0.672791 0.030470 0.871 0.710 0.612
v 0.254621 -0.645704 -0.014746 0.055 0.047 0.039
v -0.157428 0.729838 -0.292308 0.651 0.416 0.353
v -0.290258 -0.423739 -0.045242 0.047 0.035 0.031
v 0.317756 0.916779 0.055238 0.839 0.643 0.541
v 0.372084 -0.021491 -0.497961 0.129 0.114 0.118
v 0.262294 0.364129 -0.076808 0.867 0.694 0.576
v 0.361242 0.699709 -0.033284 0.851 0.682 0.569
v 0.623677 -0.253110 -0.330270 0.945 0.780 0.627
v -0.026800 0.281556 -0.061912 0.686 0.522 0.435
v 0.462252 0.610884 -0.329309 0.929 0.714 0.600
v 0.051957 -0.444659 -0.073337 0.055 0.043 0.035
v -0.485636 -0.428119 -0.086164 0.051 0.035 0.031
v 0.288058 0.044814 -0.430122 0.886 0.714 0.537
v -0.168924 0.220544 -0.431372 0.808 0.592 0.427
v -0.188628 0.639688 -0.310107 0.812 0.569 0.498
v 0.352445 0.987995 -0.012463 0.498 0.400 0.322
v -0.226662 -0.080431 -0.217766 0.051 0.035 0.027
v 0.029858 -1.074471 -0.050735 0.035 0.035 0.027
v -0.632126 -0.824841 -0.256962 0.161 0.125 0.098
v -0.046407 -0.359629 -0.105148 0.043 0.035 0.031
v 0.331043 -0.110283 -0.341288 0.043 0.039 0.024
v -0.805393 -0.272371 -0.291715 0.839 0.667 0.506
v 0.152799 0.525955 0.081196 0.875 0.690 0.600
v 0.304799 0.388630 -0.185875 0.718 0.565 0.455
v -0.250274 0.138643 -0.471376 0.855 0.659 0.494
v -0.197713 0.151603 -0.402840 0.784 0.592 0.427
v -0.078841 0.465338 -0.047549 0.765 0.588 0.506
v -0.538449 -0.509303 -0.110913 0.043 0.043 0.039
v 0.004848 -0.122237 -0.224347 0.933 0.737 0.569
v 0.260735 0.040824 -0.393900 0.882 0.710 0.557
v 0.407319 0.635204 -0.224835 0.659 0.502 0.408
v -0.576533 -0.573856 -0.145616 0.020 0.016 0.012
v 0.026450 0.702059 0.085596 0.533 0.349 0.259
v 0.247095 0.221009 -0.316838 0.859 0.682 0.518
v -0.515800 -0.619697 -0.025584 0.059 0.051 0.047
v 0.408081 -0.265039 -0.262163 0.059 0.051 0.039
v -0.530811 -0.099226 -0.261889 0.929 0.776 0.608
v -0.169980 -0.636092 0.032467 0.055 0.043 0.047
v 0.325809 0.663749 0.031743 0.882 0.718 0.620
v 0.337543 -0.325866 -0.198556 0.055 0.051 0.035
v 0.192802 0.157191 -0.284488 0.902 0.749 0.576
v 0.423167 0.599227 -0.289380 0.839 0.596 0.498
v 0.144483 0.251121 -0.203008 0.729 0.588 0.478
v -0.157136 -0.681277 0.036308 0.055 0.043 0.047
v 0.412699 0.628918 -0.271582 0.584 0.314 0.243
v 0.389048 -0.826804 -0.209319 0.082 0.075 0.078
v -0.125586 0.117116 -0.304924 0.820 0.639 0.506
v -0.464549 -0.003985 -0.311965 0.071 0.055 0.039
v -0.092447 -1.013368 -0.022081 0.027 0.012 0.008
v -0.159694 -0.336818 -0.105109 0.043 0.039 0.031
v -0.018584 0.447784 0.020823 0.851 0.663 0.561
v -0.375870 -0.531773 0.014402 0.055 0.039 0.035
v -0.052349 0.595846 0.020032 0.945 0.737 0.604
v 0.217210 -1.038064 -0.107670 0.039 0.031 0.024
v -0.007913 -0.174567 -0.191536 0.063 0.043 0.031
v -0.578221 -0.817224 -0.155872 0.047 0.039 0.047
v -0.651909 -0.142440 -0.252653 0.910 0.757 0.584
v -0.089928 -0.399877 -0.079648 0.055 0.047 0.039
v 0.623678 -0.543892 -0.321597 0.906 0.737 0.569
v -0.926794 -0.581234 -0.399344 0.588 0.435 0.314
v 0.003177 0.654775 0.046904 0.404 0.314 0.259
v -0.074460 -0.635322 0.021288 0.051 0.039 0.035
v 0.027087 0.556247 0.048167 0.945 0.757 0.639
v 0.367179 -0.323640 -0.212838 0.055 0.047 0.031
v 0.291416 -1.091283 -0.198199 0.161 0.153 0.157
v -0.039552 -0.186600 -0.182915 0.059 0.039 0.031
v -0.107212 -0.715507 0.032252 0.075 0.063 0.063
v -0.224976 -0.451143 -0.035615 0.047 0.039 0.031
v -0.047201 -0.887647 0.001959 0.051 0.051 0.043
v -0.101497 -0.425012 -0.065384 0.051 0.039 0.035
v 0.375051 0.598851 -0.154585 0.788 0.600 0.478
v 0.249063 -0.145260 -0.270234 0.039 0.031 0.020
v -0.402248 -0.246296 -0.147731 0.043 0.035 0.031
v -0.133299 0.925372 -0.181871 0.302 0.212 0.141
v 0.382071 0.762674 -0.034900 0.827 0.671 0.557
v -0.158876 0.718077 -0.291463 0.769 0.557 0.475
v -0.039097 0.438310 -0.002250 0.765 0.588 0.490
v 0.438836 -0.412155 -0.213143 0.361 0.275 0.216
v 0.023823 0.782213 0.108432 0.941 0.757 0.667
v -0.210416 -0.617927 0.036806 0.051 0.043 0.039
v -0.606501 -0.140966 -0.249321 0.929 0.769 0.596
v 0.364354 0.677744 -0.055087 0.851 0.682 0.569
v 0.429626 -0.349088 -0.232748 0.102 0.071 0.055
v 0.463034 0.783907 -0.252594 0.278 0.204 0.145
v -0.468787 -0.307297 -0.129050 0.047 0.035 0.031
v -0.728794 -0.551855 -0.252888 0.855 0.686 0.549
v -0.910120 -0.500770 -0.404607 0.576 0.424 0.302
v -0.080412 0.953480 -0.048447 0.584 0.443 0.345
v 0.086061 -0.146258 -0.211487 0.071 0.059 0.043
v -0.067248 -0.031519 -0.264677 0.902 0.698 0.537
v 0.510417 -0.615921 -0.275409 0.831 0.639 0.475
v 0.304632 -0.075728 -0.355283 0.051 0.043 0.027
v -0.563394 0.060883 -0.423370 0.902 0.698 0.553
v 0.060400 0.423584 0.071645 0.918 0.659 0.588
v -0.592661 -0.309691 -0.193613 0.816 0.639 0.486
v -0.169251 0.740904 -0.301220 0.737 0.537 0.475
v 0.506640 -0.500008 -0.265019 0.871 0.682 0.498
v -0.467219 -0.289301 -0.138078 0.051 0.039 0.031
v 0.658302 -0.758219 -0.374067 0.851 0.663 0.502
v 0.557383 -0.198016 -0.358317 0.918 0.745 0.580
v 0.161070 0.638765 0.058070 0.855 0.714 0.612
v -0.362376 0.095605 -0.473475 0.031 0.020 0.016
v -0.074329 -0.547841 -0.009339 0.051 0.039 0.031
v -0.725028 -0.809716 -0.207021 0.816 0.639 0.525
v 0.128621 -0.960254 -0.043617 0.039 0.035 0.027
v 0.099155 0.102273 -0.260251 0.898 0.733 0.584
v -0.265543 -0.026987 -0.258253 0.039 0.031 0.024
v -0.824887 -0.176218 -0.352629 0.714 0.525 0.376
v 0.409307 -0.169059 -0.329166 0.031 0.027 0.012
v -0.664265 -0.817773 -0.293222 0.208 0.149 0.110
v 0.463723 -0.560082 -0.254120 0.380 0.282 0.212
v -0.032836 -0.954101 -0.015590 0.043 0.039 0.035
v -0.574672 -0.263842 -0.192617 0.894 0.725 0.565
v -0.510983 -0.377277 -0.127278 0.051 0.035 0.031
v -0.006399 0.446817 0.027856 0.824 0.635 0.529
v 0.339324 1.056463 -0.085018 0.286 0.255 0.184
v -0.503395 -0.073882 -0.272294 0.882 0.729 0.616
v -0.261356 -0.543795 0.020790 0.051 0.039 0.031
v -0.186432 -0.293240 -0.124216 0.043 0.035 0.027
v -0.722117 -0.462012 -0.244039 0.867 0.698 0.561
v -0.179683 -0.035622 -0.255515 0.918 0.710 0.561
v 0.372382 0.699359 -0.060764 0.847 0.678 0.557
v -0.858305 -0.405313 -0.318122 0.761 0.600 0.475
v -0.844132 -0.276334 -0.327755 0.741 0.561 0.427
v 0.353759 0.703975 -0.012236 0.855 0.694 0.580
v -0.624821 -0.163437 -0.245973 0.922 0.761 0.592
v 0.312707 -0.653010 -0.055942 0.055 0.043 0.031
v 0.399588 0.967276 -0.067081 0.482 0.357 0.267
v 0.641223 -0.195879 -0.381527 0.898 0.729 0.561
v 0.627898 -0.204057 -0.365592 0.906 0.733 0.569
v 0.283734 -0.604516 -0.051865 0.051 0.043 0.031
v -0.074284 0.607096 0.009437 0.914 0.714 0.588
v -0.494812 -0.307239 -0.139135 0.059 0.043 0.035
v -0.213247 -0.564714 0.020262 0.051 0.039 0.035
v 0.275871 0.320713 -0.310776 0.863 0.678 0.525
v -0.129074 0.892773 -0.133538 0.416 0.314 0.239
v -0.099764 -0.798800 0.026851 0.098 0.090 0.094
v 0.217916 -0.233199 -0.208892 0.043 0.039 0.027
v -0.195839 0.722927 -0.326148 0.765 0.490 0.412
v 0.408177 0.718203 -0.137916 0.737 0.573 0.463
v 0.390728 0.971766 -0.054532 0.553 0.435 0.322
v 0.434588 0.847058 -0.114281 0.580 0.459 0.376
v -0.309274 -0.306891 -0.108415 0.043 0.035 0.024
v -0.599987 -0.645055 -0.163249 0.020 0.016 0.008
v -0.292637 -0.727568 0.058924 0.082 0.075 0.078
v -0.895555 -0.511769 -0.356914 0.631 0.478 0.357
v -0.165538 -0.624420 0.028746 0.051 0.039 0.039
v -0.697544 -0.556502 -0.247576 0.843 0.678 0.541
v -0.633838 -0.738475 -0.261538 0.055 0.035 0.024
v 0.427129 0.984579 -0.147629 0.353 0.275 0.204
v 0.126681 0.603737 0.093673 0.914 0.718 0.612
v -0.509604 -0.596084 -0.025937 0.043 0.031 0.027
v -0.031945 0.277229 -0.084669 0.627 0.459 0.361
v 0.356807 -0.940954 -0.232931 0.137 0.129 0.133
v -0.266112 -0.521865 0.010150 0.059 0.047 0.039
v -0.197971 -0.937086 -0.000973 0.035 0.031 0.027
v 0.365769 -0.229082 -0.265041 0.043 0.039 0.024
v -0.358141 0.028906 -0.361722 0.027 0.020 0.016
v 0.388456 0.652962 -0.140743 0.757 0.612 0.510
v -0.278458 -0.392602 -0.063824 0.043 0.035 0.031
v -0.495716 -0.765641 -0.029280 0.090 0.075 0.071
v 0.568739 -0.797621 -0.324578 0.867 0.678 0.522
v 0.351318 1.008827 -0.034040 0.349 0.278 0.184
v 0.415835 0.950736 -0.087550 0.549 0.427 0.329
v 0.275309 0.063236 -0.415280 0.871 0.686 0.525
v -0.618267 0.055698 -0.417930 0.871 0.655 0.522
v -0.777646 -0.156261 -0.301578 0.839 0.663 0.502
v -0.129242 -0.897536 0.000225 0.043 0.039 0.035
v 0.071237 0.758586 0.122942 0.953 0.776 0.686
v -0.314724 -0.112589 -0.227274 0.035 0.031 0.024
v 0.325613 1.016627 -0.022190 0.255 0.204 0.129
v -0.177902 -0.338494 -0.102318 0.043 0.039 0.031
v -0.909241 -0.504750 -0.395647 0.580 0.435 0.314
v 0.452268 0.740915 -0.254914 0.361 0.286 0.227
v 0.220885 -0.061819 -0.319517 0.902 0.725 0.569
v 0.112429 -0.455204 -0.071283 0.051 0.035 0.031
v 0.195392 0.269799 -0.228643 0.800 0.639 0.510
v 0.541675 -0.973316 -0.310808 0.871 0.667 0.522
v 0.392856 -0.440222 -0.177336 0.047 0.039 0.031
v -0.625278 -0.512049 -0.226285 0.584 0.451 0.337
v 0.280654 0.448166 -0.028536 0.878 0.698 0.592
v -0.118074 0.903058 -0.103934 0.471 0.349 0.267
v 0.198683 1.056821 0.006966 0.373 0.302 0.224
v 0.001017 -1.035112 -0.040098 0.035 0.031 0.024
v -0.515463 -0.610500 -0.027990 0.051 0.047 0.043
v 0.105826 -0.061412 -0.281359 0.922 0.729 0.573
v 0.332885 1.068051 -0.097000 0.275 0.243 0.173
v -0.271566 -0.293285 -0.117227 0.043 0.035 0.027
v -0.184941 0.150534 -0.387224 0.765 0.584 0.416
v -0.025928 0.361811 -0.024611 0.769 0.596 0.498
v -0.298768 0.059526 -0.380117 0.792 0.616 0.510
v -0.226835 -0.412225 -0.057687 0.051 0.039 0.035
v -0.137728 -0.644118 0.028297 0.055 0.047 0.043
v 0.071736 0.546067 0.120616 0.816 0.624 0.533
v -0.081737 0.345596 -0.251068 0.698 0.522 0.388
v -0.374396 0.090755 -0.476353 0.039 0.035 0.031
v 0.154251 -0.482799 -0.060997 0.051 0.039 0.031
v -0.843766 -0.677376 -0.287073 0.839 0.643 0.498
v -0.198189 -0.553938 0.012683 0.047 0.035 0.031
v 0.088274 0.115047 -0.251032 0.890 0.722 0.576
v 0.389452 0.717568 -0.089328 0.808 0.643 0.522
v 0.395710 1.013710 -0.113020 0.404 0.349 0.298
v -0.246178 -0.246055 -0.143155 0.035 0.031 0.024
v -0.684514 -0.802043 -0.285732 0.467 0.361 0.298
v -0.442608 -0.152695 -0.209069 0.035 0.031 0.020
v 0.222386 -0.194788 -0.233846 0.043 0.035 0.024
v -0.158541 0.826735 -0.268412 0.278 0.204 0.141
v -0.623773 -0.443942 -0.226438 0.753 0.576 0.412
v 0.304220 0.003640 -0.430970 0.894 0.718 0.553
v -0.130283 0.192480 -0.317364 0.729 0.561 0.416
v 0.109826 1.065690 -0.007586 0.263 0.204 0.137
v -0.457427 -0.319167 -0.119504 0.047 0.035 0.027
v 0.279767 0.017008 -0.409255 0.890 0.722 0.557
v 0.441216 -1.105900 -0.274093 0.820 0.631 0.514
v -0.611010 -0.502422 -0.218974 0.416 0.302 0.208
v -0.600919 -0.844589 -0.195042 0.216 0.329 0.188
v -0.151831 -0.253240 -0.146691 0.039 0.035 0.027
v -0.244781 -0.290645 -0.120610 0.035 0.031 0.024
v -0.435349 -0.324194 -0.110621 0.051 0.039 0.031
v 0.191218 0.283019 -0.055999 0.859 0.671 0.561
v 0.684639 -0.213149 -0.398208 0.890 0.718 0.557
v 0.002794 -0.200410 -0.183420 0.059 0.043 0.035
v -0.537626 -0.037387 -0.296543 0.941 0.773 0.608
v -0.820462 -0.252353 -0.309685 0.796 0.620 0.482
v 0.053384 0.744901 0.121367 0.945 0.776 0.690
v 0.002708 1.066761 -0.084961 0.263 0.188 0.129
v 0.369562 -0.357086 -0.197128 0.047 0.043 0.027
v 0.277731 0.100396 -0.444080 0.855 0.655 0.482
v 0.440814 0.958179 -0.157813 0.384 0.302 0.220
v -0.122980 0.516569 -0.114241 0.753 0.573 0.482
v 0.380168 -0.787932 -0.132469 0.114 0.106 0.106
v 0.369833 -0.694300 -0.110163 0.055 0.039 0.027
v 0.196364 -0.815890 0.025762 0.078 0.067 0.063
v -0.366780 -0.137595 -0.216621 0.035 0.027 0.016
v -0.144600 0.705464 -0.250378 0.722 0.537 0.435
v -0.600732 -0.526458 -0.194566 0.024 0.016 0.012
v 0.195109 0.263448 -0.236640 0.839 0.682 0.541
v -0.309073 -0.840121 0.014149 0.047 0.039 0.035
v 0.474851 -0.859193 -0.272151 0.816 0.624 0.486
v 0.098877 -0.036554 -0.280163 0.886 0.702 0.537
v -0.084571 -0.808857 0.023740 0.059 0.051 0.055
v 0.450991 -0.671227 -0.282509 0.608 0.482 0.353
v 0.004085 0.246216 -0.073577 0.525 0.365 0.263
v 0.305697 0.709314 0.070050 0.737 0.565 0.471
v -0.222019 -0.259758 -0.137511 0.043 0.039 0.031
v -0.034438 1.057854 -0.106035 0.412 0.318 0.224
v -0.197497 -0.452198 -0.039335 0.055 0.039 0.035
v 0.395546 0.826083 -0.038567 0.773 0.616 0.506
v -0.138316 -0.033430 -0.262292 0.929 0.718 0.561
v -0.540464 -0.559752 -0.088776 0.031 0.031 0.031
v 0.047787 0.858651 0.101654 0.937 0.773 0.671
v -0.555677 -0.730186 -0.101356 0.031 0.031 0.031
v -0.264057 -0.592290 0.040240 0.051 0.039 0.035
v 0.263891 -1.023446 -0.138771 0.067 0.055 0.047
v 0.404064 0.519984 -0.284230 0.820 0.573 0.467
v -0.098263 0.002662 -0.278746 0.910 0.725 0.569
v 0.472153 -0.882865 -0.265397 0.824 0.631 0.494
v -0.412267 -0.695746 0.041508 0.055 0.055 0.051
v -0.151398 0.249717 -0.390731 0.722 0.537 0.388
v 0.508426 -0.141180 -0.400362 0.922 0.749 0.588
v -0.053207 -0.759495 0.031514 0.094 0.086 0.082
v 0.363078 -0.648177 -0.109404 0.051 0.035 0.031
v 0.215497 0.335836 -0.043176 0.871 0.694 0.580
v 0.221598 -0.617545 -0.011402 0.051 0.043 0.031
v 0.417607 -0.742956 -0.240990 0.075 0.051 0.059
v -0.682630 -0.374257 -0.228961 0.875 0.706 0.557
v 0.451294 0.746511 -0.236786 0.357 0.275 0.204
v -0.152678 -0.303187 -0.122345 0.047 0.039 0.031
v 0.191780 0.517662 0.046718 0.953 0.749 0.655
v -0.729812 -0.211066 -0.264262 0.890 0.722 0.561
v 0.144522 -1.003826 -0.069457 0.035 0.027 0.020
v -0.552568 -0.694174 -0.083243 0.039 0.039 0.035
v 0.122933 -0.576928 -0.004987 0.059 0.043 0.035
v -0.483429 0.067625 -0.451453 0.114 0.094 0.094
v -0.129181 -0.169300 -0.180853 0.047 0.039 0.027
v -0.089756 0.330734 -0.265313 0.773 0.592 0.447
v 0.003460 0.967651 0.041608 0.843 0.659 0.553
v -0.328922 -0.032825 -0.284184 0.035 0.035 0.024
v 0.175925 0.213035 -0.252152 0.914 0.761 0.600
v 0.348510 -0.879400 -0.138426 0.118 0.098 0.082
v 0.592079 -0.543341 -0.305880 0.906 0.737 0.569
v -0.820483 -0.727100 -0.262446 0.855 0.651 0.514
v 0.454590 0.808021 -0.202878 0.365 0.282 0.216
v -0.121491 0.813928 -0.099804 0.718 0.573 0.482
v 0.187959 1.030333 0.039179 0.341 0.263 0.169
v 0.367156 0.587295 -0.129783 0.812 0.624 0.490
v 0.457835 -0.436188 -0.222684 0.918 0.741 0.561
v -0.734705 -0.302604 -0.252762 0.886 0.722 0.561
v 0.409498 -1.080317 -0.264224 0.686 0.529 0.431
v -0.145873 -0.662869 0.032746 0.059 0.051 0.055
v 0.180951 0.366334 -0.008538 0.910 0.714 0.612
v 0.319335 0.743575 0.056873 0.914 0.741 0.639
v 0.574599 -0.610216 -0.304060 0.898 0.733 0.565
v 0.372228 -0.869778 -0.189936 0.129 0.106 0.098
v 0.336707 -0.950988 -0.191899 0.122 0.094 0.082
v -0.230369 -0.021652 -0.263281 0.855 0.675 0.561
v 0.382680 -0.437022 -0.172981 0.043 0.035 0.024
v 0.646014 -0.715574 -0.358713 0.855 0.667 0.510
v -0.613398 -0.558222 -0.207818 0.024 0.020 0.012
v 0.626779 -0.690396 -0.343410 0.859 0.678 0.518
v -0.143638 -0.011744 -0.282654 0.937 0.757 0.604
v 0.349866 0.725644 0.009947 0.878 0.722 0.616
v 0.340815 0.647068 -0.019357 0.847 0.686 0.580
v -0.135921 0.885751 -0.160854 0.408 0.306 0.231
v -0.407354 -0.296431 -0.119427 0.051 0.047 0.031
v 0.008422 -0.470483 -0.053427 0.055 0.043 0.039
v 0.406382 -0.999757 -0.258948 0.600 0.471 0.384
v 0.356048 -1.082661 -0.284308 0.165 0.141 0.106
v 0.344210 0.994654 -0.008529 0.424 0.349 0.271
v 0.110395 -0.051396 -0.284242 0.914 0.725 0.565
v 0.408115 -0.134102 -0.358045 0.031 0.027 0.012
v 0.313444 0.487149 -0.049014 0.827 0.647 0.525
v 0.430631 0.798012 -0.134277 0.494 0.376 0.290
v -0.018829 0.940888 0.037345 0.871 0.690 0.580
v -0.482685 -0.328856 -0.124653 0.043 0.035 0.027
v -0.572307 -0.506078 -0.160999 0.024 0.016 0.012
v -0.143669 0.780005 -0.175573 0.427 0.325 0.239
v -0.401604 -0.592849 0.032942 0.059 0.047 0.043
v 0.170394 -0.020231 -0.313620 0.894 0.722 0.561
v 0.604281 -0.156843 -0.413958 0.902 0.718 0.553
v 0.463327 0.943564 -0.215039 0.282 0.216 0.161
v 0.377033 0.496062 -0.262485 0.925 0.722 0.608
v 0.630041 -0.410500 -0.321200 0.918 0.757 0.580
v -0.145647 0.568972 -0.261919 0.835 0.612 0.529
v 0.331657 0.453063 -0.192485 0.773 0.600 0.478
v 0.455874 -0.658882 -0.279633 0.647 0.510 0.353
v 0.368540 -0.825463 -0.129469 0.086 0.086 0.086
v 0.166101 0.884326 0.113489 0.965 0.788 0.686
v 0.582252 -0.122527 -0.462414 0.875 0.690 0.561
v 0.376674 0.582558 -0.212723 0.792 0.616 0.502
v 0.551753 -0.868015 -0.319907 0.863 0.667 0.514
v 0.655653 -0.382901 -0.329677 0.902 0.745 0.573
v -0.436649 -0.607563 0.025169 0.055 0.047 0.043
v 0.068007 0.975718 0.068296 0.894 0.706 0.600
v -0.045575 -0.064316 -0.258900 0.945 0.749 0.588
v 0.209601 0.270495 -0.245295 0.863 0.698 0.557
v 0.106025 0.352232 0.037872 0.776 0.463 0.424
v -0.631745 -0.704016 -0.244742 0.043 0.027 0.024
v 0.037789 0.358398 0.027621 0.718 0.541 0.467
v 0.403777 -0.616239 -0.169434 0.071 0.059 0.063
v -0.225773 -0.188806 -0.172909 0.051 0.043 0.039
v 0.443762 0.815279 -0.157896 0.337 0.243 0.149
v 0.127534 -0.611063 0.011582 0.059 0.047 0.039
v 0.214740 0.153765 -0.300381 0.882 0.714 0.557
v -0.044389 -0.876831 0.004241 0.051 0.043 0.039
v 0.236444 0.681870 0.089618 0.694 0.525 0.424
v 0.358084 -0.907211 -0.190576 0.149 0.118 0.110
v 0.219351 -0.510647 -0.064408 0.047 0.035 0.031
v -0.526931 -0.590008 -0.049529 0.031 0.031 0.027
v 0.266962 0.158036 -0.407187 0.855 0.663 0.486
v -0.610658 -0.772204 -0.213580 0.047 0.031 0.035
v -0.121451 -1.048544 -0.022815 0.027 0.024 0.016
v 0.015104 0.789736 0.103092 0.914 0.729 0.651
v 0.387784 0.561901 -0.236033 0.933 0.765 0.627
v -0.271579 -0.758606 0.048782 0.082 0.075 0.078
v 0.202325 0.329859 -0.033887 0.890 0.714 0.608
v 0.240258 0.315225 -0.095232 0.820 0.631 0.522
v 0.236417 -0.154592 -0.261022 0.047 0.039 0.024
v 0.056541 -0.201864 -0.191473 0.051 0.043 0.031
v 0.096467 -0.003230 -0.278477 0.898 0.725 0.561
v 0.196729 -0.421661 -0.100647 0.047 0.043 0.035
v -0.031333 -0.747859 0.033559 0.059 0.047 0.039
v -0.500229 -0.034663 -0.300784 0.898 0.729 0.616
v 0.637282 -0.842761 -0.370047 0.851 0.631 0.478
v -0.280099 -0.534589 0.019089 0.051 0.039 0.035
v 0.031307 -0.999255 -0.038986 0.055 0.043 0.043
v 0.663544 -0.198881 -0.395462 0.894 0.718 0.553
v 0.531106 -0.099757 -0.492492 0.859 0.678 0.545
v -0.035347 -0.314574 -0.128550 0.043 0.039 0.031
v -0.147313 0.831901 -0.196557 0.345 0.259 0.192
v 0.446869 0.817563 -0.172550 0.349 0.263 0.188
v 0.688934 -0.310692 -0.347842 0.898 0.733 0.569
v 0.667926 -0.268018 -0.343386 0.925 0.765 0.600
v 0.053366 1.084011 -0.061193 0.318 0.243 0.176
v 0.251523 -0.283842 -0.190448 0.047 0.039 0.027
v 0.436878 -0.258553 -0.291865 0.106 0.086 0.078
v 0.423887 0.995820 -0.150008 0.353 0.271 0.208
v 0.589610 -0.518076 -0.303419 0.918 0.749 0.580
v -0.928347 -0.634276 -0.374442 0.643 0.490 0.361
v 0.307984 0.413025 -0.124839 0.827 0.651 0.529
v -0.103584 0.930154 -0.088563 0.549 0.424 0.341
v -0.437126 -0.501216 -0.020855 0.055 0.043 0.039
v 0.402933 0.928694 -0.041509 0.690 0.553 0.443
v -0.565813 -0.512473 -0.151136 0.027 0.012 0.012
v 0.213740 -0.930283 -0.050855 0.078 0.063 0.059
v 0.670278 -0.348560 -0.334896 0.902 0.745 0.576
v -0.107898 0.288056 -0.290400 0.753 0.584 0.435
v -0.061170 -0.835208 0.016329 0.055 0.051 0.047
v -0.263337 -0.871312 0.007671 0.035 0.031 0.024
v -0.258749 -0.772915 0.045320 0.098 0.082 0.090
v -0.253785 -0.431736 -0.043516 0.039 0.031 0.024
v 0.224516 -0.228320 -0.214133 0.043 0.039 0.024
v 0.366638 -0.811200 -0.115188 0.102 0.098 0.090
v 0.287428 -0.513484 -0.090594 0.047 0.043 0.031
v -0.421003 -0.853748 -0.031738 0.051 0.027 0.031
v -0.270594 -0.568682 0.033734 0.047 0.035 0.031
v -0.027184 -0.771633 0.031454 0.078 0.075 0.075
v -0.350793 -0.318361 -0.102301 0.051 0.043 0.039
v 0.241741 -0.061217 -0.328709 0.886 0.714 0.584
v 0.119388 -0.386216 -0.110344 0.047 0.039 0.031
v 0.135174 -0.164496 -0.219283 0.051 0.043 0.027
v 0.022821 0.002219 -0.276250 0.910 0.733 0.569
v 0.006991 -0.308099 -0.135994 0.043 0.035 0.031
v -0.510519 -0.108688 -0.252799 0.890 0.733 0.600
v 0.145243 0.237758 -0.052478 0.647 0.482 0.380
v 0.031947 0.304499 0.005860 0.925 0.729 0.624
v 0.222033 -0.652889 0.004206 0.055 0.043 0.035
v 0.145972 -0.321672 -0.146471 0.047 0.039 0.031
v -0.524713 -0.515326 -0.085704 0.078 0.078 0.078
v -0.406760 -0.684253 0.044930 0.059 0.047 0.039
v -0.627617 -0.684548 -0.232912 0.031 0.016 0.012
v 0.592481 -0.138878 -0.434997 0.898 0.714 0.545
v -0.152529 -0.054638 -0.240448 0.929 0.722 0.569
v -0.543887 -0.841320 -0.112807 0.075 0.039 0.039
v 0.388521 -0.814790 -0.188799 0.059 0.047 0.039
v 0.207630 -1.068650 -0.109515 0.035 0.031 0.020
v 0.129647 -0.887207 0.004787 0.071 0.059 0.055
v 0.022114 1.048504 -0.023083 0.380 0.286 0.204
v 0.252856 -0.575745 -0.046745 0.055 0.047 0.039
v 0.260450 0.087635 -0.395417 0.871 0.690 0.529
v 0.180299 -0.285624 -0.172507 0.043 0.035 0.027
v -0.121936 0.383917 -0.308473 0.753 0.561 0.416
v 0.451761 -0.977729 -0.253937 0.820 0.635 0.518
v -0.115430 0.894213 -0.091209 0.510 0.384 0.286
v 0.366659 -0.859270 -0.159362 0.118 0.102 0.090
v 0.230305 0.559082 0.035747 0.937 0.725 0.600
v -0.527022 -0.304219 -0.156416 0.059 0.043 0.035
v 0.324566 -0.150504 -0.303576 0.039 0.031 0.020
v -0.062323 0.385547 -0.060414 0.733 0.557 0.482
v 0.425398 -0.260519 -0.277944 0.078 0.063 0.051
v -0.192595 0.762360 -0.311158 0.635 0.341 0.267
v -0.249301 -0.318421 -0.106103 0.043 0.031 0.027
v 0.181300 0.076738 -0.301706 0.886 0.725 0.569
v -0.117592 0.518883 -0.093323 0.729 0.553 0.467
v -0.155934 0.548293 -0.285495 0.616 0.416 0.349
v -0.151609 0.089476 -0.321338 0.800 0.624 0.478
v -0.633398 -0.442838 -0.229589 0.792 0.631 0.463
v -0.160136 -0.941300 -0.004801 0.039 0.035 0.027
v 0.351313 0.764607 0.021632 0.890 0.733 0.620
v 0.049622 -0.946503 -0.024427 0.051 0.043 0.035
v 0.280886 0.672343 0.070594 0.808 0.600 0.478
v 0.428252 0.677238 -0.226652 0.424 0.318 0.239
v -0.483724 -0.187851 -0.190865 0.035 0.027 0.016
v 0.391005 -0.057128 -0.461046 0.137 0.122 0.114
v -0.671185 -0.852808 -0.201153 0.627 0.482 0.400
v 0.154735 0.682325 0.107566 0.820 0.675 0.569
v 0.322638 -0.494754 -0.115845 0.047 0.043 0.031
v 0.132779 0.799619 0.125411 0.957 0.784 0.686
v -0.279963 -0.513985 0.008153 0.051 0.039 0.031
v -0.102027 1.025523 -0.205839 0.247 0.176 0.110
v -0.133954 0.345699 -0.347890 0.706 0.514 0.376
v -0.501587 -0.428933 -0.099569 0.051 0.035 0.027
v -0.000054 0.329984 -0.010102 0.863 0.682 0.588
v 0.075728 0.478870 0.114707 0.247 0.020 0.016
v -0.582974 -0.717570 -0.147026 0.035 0.027 0.031
v 0.336880 -0.714583 -0.066657 0.051 0.043 0.031
v -0.122005 -0.346003 -0.104880 0.047 0.039 0.031
v 0.313162 -1.053917 -0.234893 0.157 0.125 0.118
v -0.357234 -0.705434 0.058268 0.063 0.055 0.059
v 0.492554 -0.180622 -0.362796 0.922 0.749 0.588
v 0.416561 -0.097523 -0.398747 0.024 0.027 0.012
v 0.458465 0.655792 -0.268533 0.910 0.686 0.569
v 0.240981 0.802445 0.105718 0.953 0.773 0.675
v -0.419869 -0.193474 -0.182695 0.039 0.035 0.024
v -0.069236 0.084629 -0.269036 0.871 0.698 0.537
v -0.352082 -0.368723 -0.076159 0.047 0.043 0.035
v -0.047448 0.272611 -0.238991 0.722 0.569 0.435
v 0.040269 -0.200337 -0.189472 0.059 0.047 0.035
v 0.383428 0.672464 -0.110613 0.824 0.655 0.537
v 0.461082 -1.050049 -0.270048 0.847 0.655 0.529
v 0.340704 -0.039577 -0.425423 0.125 0.102 0.094
v -0.035143 -0.045897 -0.267896 0.890 0.690 0.522
v 0.227748 -0.602265 -0.021506 0.059 0.047 0.039
v 0.223333 0.385485 -0.013013 0.898 0.725 0.620
v 0.401395 -0.142463 -0.348410 0.039 0.027 0.020
v -0.548732 -0.390477 -0.156668 0.051 0.035 0.031
v 0.105708 0.688741 0.107714 0.851 0.678 0.576
v 0.401553 -0.857640 -0.279609 0.059 0.027 0.012
v -0.644063 -0.878377 -0.066961 0.624 0.463 0.369
v -0.838329 -0.182808 -0.391231 0.667 0.490 0.353
v 0.123126 -0.194046 -0.205268 0.055 0.043 0.031
v 0.371719 0.578098 -0.177394 0.776 0.592 0.475
v 0.432569 -0.506435 -0.197725 0.090 0.071 0.067
v 0.097972 0.460663 0.088594 0.616 0.400 0.341
v 0.253519 -0.423798 -0.115130 0.055 0.047 0.035
v -0.492238 -0.880410 -0.094316 0.098 0.078 0.063
v -0.721842 -0.847211 -0.169175 0.804 0.604 0.494
v -0.503298 -0.583128 -0.024240 0.047 0.043 0.035
v 0.270999 -0.228217 -0.230677 0.039 0.035 0.024
v -0.559421 -0.388547 -0.167710 0.059 0.035 0.027
v 0.168857 0.273916 -0.032551 0.890 0.702 0.596
v 0.045430 0.961137 0.067685 0.902 0.714 0.600
v 0.398133 -0.776019 -0.199799 0.059 0.039 0.035
v 0.196178 -0.212984 -0.213639 0.043 0.035 0.024
v 0.178891 0.978674 0.076022 0.796 0.600 0.514
v -0.613861 -0.691150 -0.201489 0.020 0.008 0.000
v 0.415876 -0.572986 -0.187799 0.090 0.075 0.075
v 0.349684 -0.019868 -0.458959 0.129 0.102 0.094
v 0.185827 0.018890 -0.320115 0.886 0.733 0.569
v 0.344058 0.811959 0.036423 0.910 0.761 0.647
v 0.406941 0.631162 -0.233634 0.753 0.573 0.471
v -0.648577 0.047762 -0.404861 0.867 0.655 0.518
v -0.336686 -0.145319 -0.208378 0.031 0.027 0.020
v -0.551169 -0.280934 -0.175398 0.059 0.039 0.031
v 0.012479 0.896749 0.076645 0.898 0.722 0.624
v 0.277372 -0.596585 -0.050965 0.047 0.039 0.035
v -0.320790 -0.866547 -0.000271 0.039 0.031 0.035
v -0.055846 0.207828 -0.254331 0.737 0.576 0.431
v -0.670940 -0.434240 -0.232788 0.875 0.706 0.561
v -0.003138 0.591415 0.036855 0.933 0.733 0.604
v 0.187069 -0.496404 -0.061520 0.047 0.039 0.031
v -0.352642 -0.111533 -0.233632 0.039 0.035 0.027
v -0.843369 -0.205278 -0.374942 0.663 0.482 0.353
v -0.712725 -0.115382 -0.268893 0.894 0.733 0.573
v -0.900838 -0.636877 -0.338538 0.749 0.561 0.404
v 0.737716 -0.348829 -0.412699 0.820 0.651 0.486
v 0.283579 0.989207 0.036748 0.400 0.306 0.216
v -0.486298 -0.466597 -0.066548 0.059 0.047 0.039
v 0.314752 -0.746905 -0.039996 0.047 0.043 0.043
v 0.195468 0.733951 0.122311 0.949 0.773 0.678
v -0.371535 -0.756534 0.039336 0.059 0.047 0.047
v 0.041791 0.204034 -0.212069 0.635 0.502 0.392
v 0.067121 -0.015653 -0.276762 0.910 0.725 0.561
v 0.073463 -0.511116 -0.034058 0.059 0.047 0.039
v -0.915771 -0.694495 -0.342400 0.773 0.565 0.416
v 0.371937 -0.903152 -0.240544 0.122 0.106 0.098
v 0.283493 -0.117915 -0.304015 0.047 0.039 0.027
v 0.454038 -0.077597 -0.453295 0.129 0.118 0.122
v -0.586691 -0.496790 -0.180238 0.024 0.016 0.008
v 0.533660 -0.729002 -0.294727 0.875 0.686 0.533
v -0.027006 0.608942 0.030848 0.941 0.749 0.620
v 0.085158 -0.592995 0.005699 0.051 0.043 0.035
v -0.634067 -0.727083 -0.259666 0.031 0.016 0.004
v 0.631618 -0.900627 -0.371660 0.859 0.643 0.482
v -0.549378 -0.561161 -0.104588 0.031 0.031 0.031
v -0.544142 0.022324 -0.349286 0.953 0.769 0.616
v -0.597442 -0.818898 -0.187373 0.047 0.039 0.035
v -0.329722 -0.832268 0.014006 0.059 0.043 0.047
v 0.274467 1.029440 0.006612 0.212 0.161 0.090
v 0.379047 0.646361 -0.118851 0.812 0.627 0.498
v -0.438392 -0.653758 0.030893 0.063 0.047 0.051
v 0.358280 0.466994 -0.255120 0.945 0.761 0.635
v 0.397443 0.962259 -0.057147 0.533 0.427 0.325
v -0.208068 -0.218108 -0.159257 0.039 0.035 0.027
v -0.290029 -0.143171 -0.203300 0.035 0.031 0.024
v 0.046711 -0.685561 0.039075 0.051 0.043 0.039
v 0.154313 0.895590 0.111332 0.961 0.780 0.675
v -0.709207 -0.405250 -0.237242 0.867 0.698 0.557
v 0.430201 -0.708265 -0.267445 0.024 0.020 0.016
v -0.002443 -0.473503 -0.050329 0.055 0.043 0.035
v 0.183710 0.217093 -0.255846 0.918 0.765 0.608
v -0.626258 -0.531691 -0.224311 0.529 0.404 0.302
v 0.477591 -0.682837 -0.275834 0.773 0.588 0.431
v 0.205082 -0.142081 -0.253878 0.047 0.031 0.024
v -0.277659 0.013776 -0.301815 0.075 0.043 0.027
v 0.160943 1.043608 0.028108 0.318 0.239 0.153
v -0.047724 -0.613235 0.015331 0.051 0.043 0.035
v 0.312165 -0.947771 -0.146276 0.094 0.078 0.067
v -0.082304 0.355300 -0.242529 0.651 0.478 0.361
v -0.537626 -0.185921 -0.216133 0.867 0.718 0.584
v -0.600222 -0.502596 -0.202795 0.020 0.016 0.008
v -0.827751 -0.719583 -0.268618 0.859 0.655 0.518
v 0.119810 -0.432521 -0.085149 0.047 0.035 0.031
v 0.602246 -0.583780 -0.315557 0.890 0.722 0.553
v 0.144770 0.259899 -0.019559 0.898 0.694 0.596
v 0.011853 -0.355598 -0.114781 0.051 0.043 0.035
v 0.237300 -0.298552 -0.178010 0.043 0.039 0.027
v 0.230759 0.240565 -0.284206 0.882 0.710 0.557
v -0.669867 -0.314575 -0.226899 0.886 0.722 0.557
v 0.386432 -0.145738 -0.340728 0.039 0.031 0.020
v -0.345137 -0.271401 -0.128147 0.039 0.031 0.027
v -0.032345 -0.360930 -0.106175 0.051 0.043 0.035
v 0.383382 0.590979 -0.229485 0.863 0.686 0.553
v -0.341466 -0.195661 -0.174848 0.039 0.035 0.027
v -0.531936 -0.711729 -0.054927 0.031 0.027 0.027
v 0.018689 -0.962527 -0.026581 0.047 0.039 0.039
v -0.790757 -0.172686 -0.307303 0.839 0.651 0.498
v 0.093388 0.501561 0.157325 0.937 0.749 0.663
v -0.810847 -0.167039 -0.333422 0.753 0.561 0.424
v -0.487837 -0.645804 0.001758 0.063 0.051 0.051
v 0.329731 0.644988 0.002600 0.827 0.659 0.557
v -0.613738 -0.245608 -0.217615 0.910 0.741 0.573
v -0.689031 -0.840198 -0.183529 0.729 0.557 0.459
v 0.139167 -0.702197 0.040837 0.075 0.059 0.063
v 0.099564 0.422081 0.070244 0.949 0.718 0.635
v -0.090575 0.472161 -0.063722 0.765 0.600 0.514
v -0.498606 -0.658147 -0.007362 0.063 0.059 0.051
v 0.346692 -0.953855 -0.217613 0.137 0.106 0.098
v -0.140676 0.753037 -0.167046 0.533 0.404 0.322
v 0.355344 0.748064 0.009239 0.882 0.725 0.608
v -0.627654 -0.813742 -0.247163 0.204 0.153 0.125
v -0.607083 0.027755 -0.353119 0.929 0.737 0.580
v -0.919273 -0.611419 -0.368950 0.635 0.475 0.361
v 0.312617 1.081325 -0.103718 0.329 0.259 0.180
v -0.745341 -0.283751 -0.259883 0.886 0.714 0.553
v -0.176390 0.177727 -0.393737 0.765 0.573 0.420
v -0.744494 -0.714057 -0.270374 0.835 0.663 0.529
v -0.157046 0.815320 -0.236890 0.247 0.173 0.118
v -0.631115 -0.063202 -0.271447 0.945 0.780 0.624
v -0.070930 0.421100 -0.056825 0.753 0.576 0.498
v 0.180142 -0.505511 -0.055403 0.051 0.039 0.035
v 0.031513 -0.965464 -0.029139 0.055 0.047 0.043
v -0.422876 -0.391591 -0.074666 0.051 0.039 0.031
v 0.407544 0.988929 -0.109300 0.439 0.345 0.278
v -0.067772 -0.602715 0.011350 0.059 0.047 0.043
v 0.297675 -0.261842 -0.217597 0.039 0.035 0.024
v -0.091288 -0.086802 -0.223536 0.965 0.769 0.612
v -0.128136 0.542345 -0.125045 0.749 0.573 0.482
v 0.001544 -0.911366 -0.006085 0.043 0.039 0.035
v -0.091914 -0.887973 0.001327 0.047 0.039 0.043
v 0.208001 -0.524582 -0.054256 0.051 0.039 0.031
v -0.091844 -0.048121 -0.253837 0.945 0.733 0.573
v 0.480559 -0.593145 -0.267578 0.765 0.596 0.420
v 0.227125 0.909559 0.092895 0.945 0.761 0.651
v -0.268534 -0.767533 0.046941 0.071 0.059 0.067
v -0.527071 -0.072494 -0.275782 0.941 0.780 0.612
v -0.008273 0.561323 0.035636 0.957 0.757 0.643
v -0.179281 0.706134 -0.305555 0.839 0.624 0.533
v 0.053651 -0.035501 -0.275538 0.929 0.737 0.569
v -0.427727 -0.596790 0.025178 0.059 0.051 0.047
v -0.046177 0.471042 0.001201 0.788 0.592 0.502
v -0.114342 0.777990 -0.081810 0.753 0.600 0.506
v 0.046604 0.231776 -0.060555 0.596 0.424 0.314
v 0.050216 0.442575 0.065549 0.886 0.706 0.604
v -0.792302 -0.706629 -0.269103 0.843 0.663 0.522
v 0.108860 0.832331 0.121110 0.961 0.773 0.675
v -0.791928 -0.224253 -0.293989 0.851 0.675 0.514
v 0.182510 0.261646 -0.222713 0.788 0.631 0.506
v 0.313438 1.037429 -0.035858 0.278 0.227 0.161
v 0.310482 0.423105 -0.121103 0.816 0.655 0.525
v 0.378304 1.051327 -0.132866 0.310 0.259 0.224
v -0.016376 -0.754383 0.033720 0.075 0.063 0.067
v 0.389674 0.620638 -0.178757 0.702 0.533 0.431
v -0.077510 0.975231 -0.060010 0.533 0.400 0.298
v 0.136055 0.422530 0.056868 0.898 0.706 0.604
v 0.397574 -0.167823 -0.325604 0.043 0.039 0.027
v -0.423920 -0.174633 -0.194106 0.035 0.031 0.020
v 0.282264 1.037392 -0.009755 0.353 0.294 0.227
v 0.412579 0.925767 -0.070763 0.659 0.510 0.408
v 0.286952 -0.750910 -0.013213 0.063 0.051 0.043
v -0.943664 -0.630544 -0.419898 0.588 0.443 0.322
v 0.380535 -0.401218 -0.183704 0.043 0.035 0.024
v 0.550038 -0.137831 -0.416788 0.914 0.733 0.569
v -0.639597 -0.546304 -0.230969 0.635 0.490 0.384
v 0.013572 -0.909889 -0.006841 0.055 0.047 0.043
v 0.414409 0.796746 -0.089424 0.663 0.518 0.424
v -0.406294 -0.777371 0.015094 0.071 0.063 0.067
v 0.255868 -0.859501 -0.027053 0.067 0.063 0.055
v -0.573841 -0.121908 -0.252750 0.941 0.784 0.616
v -0.851222 -0.619141 -0.300218 0.816 0.627 0.478
v 0.453437 0.911951 -0.168686 0.341 0.275 0.200
v 0.054928 0.232574 -0.198350 0.447 0.314 0.227
v -0.232468 -0.895412 0.004802 0.031 0.027 0.020
v -0.786323 -0.066178 -0.375666 0.714 0.514 0.404
v -0.743868 -0.591851 -0.259669 0.847 0.675 0.537
v -0.107490 0.114933 -0.290631 0.827 0.659 0.518
v -0.035063 -0.666623 0.032117 0.051 0.039 0.043
v 0.138431 0.017146 -0.294470 0.890 0.729 0.573
v -0.177760 -0.472227 -0.032258 0.047 0.035 0.031
v -0.012458 -0.812064 0.028336 0.090 0.082 0.078
v -0.189479 -0.726066 0.042123 0.094 0.082 0.082
v -0.029059 -0.962490 -0.018136 0.039 0.035 0.027
v 0.141682 0.859950 0.119803 0.961 0.788 0.682
v 0.576987 -0.233539 -0.334889 0.937 0.773 0.612
v 0.345321 1.043701 -0.071332 0.235 0.200 0.129
v 0.074911 0.952749 0.081623 0.949 0.757 0.647
v 0.416701 0.824148 -0.084107 0.639 0.498 0.404
v 0.462188 -1.087925 -0.279152 0.847 0.651 0.522
v -0.189376 -0.081575 -0.207110 0.071 0.051 0.039
v -0.361883 -0.218738 -0.160980 0.039 0.035 0.027
v 0.330926 -1.087841 -0.275349 0.118 0.098 0.067
v 0.353376 0.927132 0.030170 0.773 0.612 0.514
v 0.448144 0.626050 -0.310309 0.875 0.612 0.498
v 0.037241 -0.228462 -0.176771 0.051 0.043 0.031
v -0.737563 -0.505310 -0.252492 0.851 0.686 0.545
v -0.520042 -0.289105 -0.157705 0.055 0.043 0.031
v -0.829191 -0.510319 -0.294956 0.824 0.655 0.518
v 0.287419 -0.349705 -0.163495 0.047 0.039 0.031
v 0.470348 -1.104866 -0.284371 0.851 0.655 0.525
v 0.318872 -0.109610 -0.332965 0.051 0.043 0.031
v 0.477568 -1.091724 -0.285288 0.855 0.663 0.533
v -0.633947 0.040029 -0.376526 0.910 0.702 0.569
v -0.695835 -0.853494 -0.155176 0.729 0.565 0.463
v -0.540317 0.009592 -0.336046 0.957 0.773 0.620
v 0.081940 0.393876 0.059668 0.592 0.208 0.208
v -0.158382 -0.066342 -0.228653 0.937 0.737 0.584
v 0.329704 -0.097104 -0.352774 0.043 0.035 0.020
v -0.041298 0.500889 0.012755 0.871 0.675 0.569
v 0.039209 0.003153 -0.274609 0.902 0.729 0.569
v -0.704774 -0.173198 -0.259598 0.898 0.737 0.576
v -0.837411 -0.634593 -0.290929 0.835 0.647 0.506
v -0.252061 -0.746363 0.050061 0.086 0.075 0.078
v 0.460931 0.901671 -0.194705 0.318 0.235 0.176
v -0.031462 0.544379 0.026794 0.953 0.745 0.627
v -0.099408 -0.602561 0.012498 0.051 0.039 0.035
v -0.137964 0.616756 -0.229237 0.725 0.541 0.443
v -0.046449 0.234565 -0.245111 0.733 0.576 0.439
v 0.406323 -0.758357 -0.216632 0.137 0.106 0.098
v 0.079004 -0.926863 -0.017434 0.067 0.055 0.051
v -0.582990 0.057680 -0.410092 0.910 0.702 0.553
v 0.208316 -0.863859 -0.001805 0.071 0.059 0.055
v -0.346061 0.098270 -0.463069 0.035 0.027 0.024
v 0.308543 -0.404696 -0.145230 0.047 0.039 0.031
v -0.108585 0.298712 -0.292146 0.757 0.584 0.435
v -0.091808 -0.135401 -0.191441 0.063 0.043 0.031
v -0.151580 -0.916159 -0.001501 0.039 0.035 0.027
v -0.122125 0.974357 -0.198398 0.278 0.212 0.157
v -0.066975 0.299659 -0.247731 0.737 0.580 0.443
v -0.461293 -0.368092 -0.098474 0.051 0.035 0.027
v -0.724595 -0.710479 -0.269291 0.800 0.631 0.510
v -0.154424 0.793119 -0.220449 0.294 0.220 0.161
v 0.169156 -0.611153 0.004044 0.059 0.043 0.035
v 0.317302 -0.781564 -0.047091 0.055 0.039 0.039
v -0.791884 -0.070312 -0.391978 0.698 0.498 0.392
v 0.292903 -0.175420 -0.271770 0.043 0.039 0.024
v 0.396541 0.662425 -0.154082 0.698 0.557 0.455
v -0.783962 -0.318952 -0.272046 0.867 0.694 0.545
v 0.219587 0.347132 -0.040020 0.886 0.698 0.592
v 0.205915 -0.855740 0.004074 0.082 0.071 0.067
v 0.007711 1.082024 -0.107908 0.298 0.227 0.161
v -0.560122 0.057080 -0.409689 0.906 0.702 0.553
v -0.045167 -0.328898 -0.120532 0.051 0.043 0.035
v -0.664267 -0.775306 -0.295492 0.247 0.176 0.141
v -0.426879 -0.346121 -0.097320 0.055 0.043 0.031
v -0.576527 -0.705786 -0.130617 0.035 0.024 0.020
v 0.297375 0.352553 -0.337116 0.808 0.627 0.482
v 0.059721 -0.281559 -0.154636 0.051 0.039 0.031
v 0.227142 0.633108 0.046741 0.145 0.086 0.039
v 0.248932 0.497727 0.025219 0.925 0.706 0.604
v -0.326852 -0.451696 -0.027706 0.043 0.031 0.027
v 0.351584 -0.086275 -0.380209 0.043 0.039 0.024
v 0.334439 0.499613 -0.123055 0.792 0.627 0.506
v 0.097257 0.195642 -0.218846 0.843 0.694 0.553
v -0.887482 -0.358459 -0.379419 0.616 0.455 0.333
v 0.250275 -0.912178 -0.058344 0.098 0.090 0.082
v 0.185926 0.993192 0.069055 0.631 0.490 0.396
v 0.408107 -0.833230 -0.275254 0.094 0.047 0.031
v -0.340624 -0.121336 -0.225479 0.031 0.027 0.020
v 0.607155 -0.801205 -0.346728 0.863 0.671 0.522
v -0.084157 0.429808 -0.075009 0.776 0.600 0.518
v 0.383720 -0.504023 -0.152852 0.055 0.047 0.039
v -0.581765 -0.744837 -0.152403 0.027 0.012 0.008
v -0.205831 0.064576 -0.353103 0.882 0.698 0.529
v -0.487924 -0.090869 -0.248953 0.094 0.071 0.055
v 0.626694 -0.142415 -0.468687 0.855 0.671 0.525
v -0.058662 -0.393627 -0.086091 0.051 0.039 0.035
v 0.112597 -1.064051 -0.073142 0.031 0.027 0.020
v 0.237311 0.878954 0.099250 0.961 0.780 0.678
v 0.369253 -0.837950 -0.143607 0.118 0.106 0.098
v 0.441401 -0.528224 -0.217949 0.090 0.075 0.071
v -0.348918 -0.723640 0.056631 0.059 0.051 0.047
v 0.151845 0.502266 0.082918 0.871 0.651 0.557
v 0.379790 -0.646465 -0.130789 0.075 0.051 0.043
v 0.422227 -0.880527 -0.266877 0.573 0.435 0.337
v 0.431889 -0.544700 -0.210878 0.086 0.071 0.071
v -0.864791 -0.372766 -0.330867 0.718 0.553 0.420
v 0.225668 -0.055967 -0.330172 0.898 0.722 0.557
v 0.187632 0.346803 -0.013637 0.922 0.761 0.639
v 0.227611 -0.418854 -0.109674 0.051 0.039 0.031
v -0.124645 0.461117 -0.151671 0.733 0.553 0.463
v 0.645128 -0.217077 -0.362319 0.914 0.741 0.573
v 0.486008 -1.053118 -0.281733 0.875 0.678 0.549
v -0.721098 -0.622178 -0.258018 0.851 0.678 0.541
v 0.274008 0.104537 -0.426988 0.859 0.659 0.486
v 0.554862 -0.520989 -0.286013 0.914 0.749 0.580
v 0.287595 -0.066050 -0.350395 0.051 0.039 0.024
v -0.022865 0.392670 -0.007616 0.859 0.678 0.569
v -0.682470 -0.844187 -0.189746 0.698 0.537 0.443
v -0.542431 -0.060638 -0.282213 0.953 0.792 0.627
v -0.591980 -0.849188 -0.180785 0.110 0.082 0.078
v 0.036211 0.265192 0.000839 0.808 0.580 0.502
v 0.059482 0.532767 0.111086 0.780 0.588 0.514
v 0.582793 -0.722519 -0.323297 0.867 0.678 0.525
v 0.409637 -0.115624 -0.375814 0.035 0.035 0.020
v 0.043561 0.429730 0.061794 0.914 0.714 0.627
v -0.645141 0.034156 -0.367604 0.898 0.702 0.565
v 0.236139 1.065543 -0.016415 0.247 0.188 0.110
v 0.182102 -0.615017 0.002219 0.059 0.047 0.039
v -0.489658 -0.663251 0.000456 0.059 0.055 0.051
v 0.057440 1.073436 -0.039862 0.298 0.220 0.141
v 0.341951 0.563528 -0.055698 0.847 0.647 0.502
v -0.105531 0.613841 -0.025396 0.796 0.592 0.486
v 0.173352 1.016711 0.053249 0.349 0.255 0.153
v -0.015044 -0.222284 -0.171854 0.055 0.043 0.035
v 0.230183 0.858112 0.106296 0.957 0.780 0.675
v -0.193571 0.172014 -0.419142 0.765 0.565 0.408
v 0.291554 -0.203552 -0.254393 0.039 0.035 0.020
v -0.535096 -0.681577 -0.049698 0.035 0.035 0.035
v -0.206668 0.124278 -0.391211 0.804 0.620 0.451
v -0.234474 -0.930760 -0.000739 0.075 0.059 0.055
v -0.210818 -0.784271 0.040098 0.106 0.098 0.094
v -0.120306 0.679844 -0.073843 0.804 0.631 0.525
v 0.413312 -1.011611 -0.255021 0.675 0.525 0.427
v 0.199692 -1.033644 -0.097496 0.039 0.031 0.027
v -0.506191 -0.738816 -0.029381 0.098 0.086 0.086
v 0.295717 0.381589 -0.131531 0.784 0.612 0.490
v -0.465101 -0.616724 0.014485 0.059 0.055 0.047
v 0.534467 -0.867579 -0.306901 0.871 0.671 0.518
v 0.415228 -0.648998 -0.204702 0.086 0.067 0.063
v -0.784801 -0.210498 -0.292673 0.847 0.671 0.510
v -0.809186 -0.588117 -0.281291 0.839 0.663 0.522
v 0.684623 -0.416640 -0.347535 0.882 0.718 0.541
v 0.319890 0.470344 -0.095686 0.796 0.620 0.502
v -0.250514 -0.518525 0.006018 0.047 0.035 0.027
v -0.024378 0.290753 -0.047532 0.722 0.553 0.471
v -0.252178 -0.310108 -0.110093 0.043 0.035 0.027
v -0.255217 0.065422 -0.373966 0.890 0.710 0.545
v 0.253538 0.980306 0.056285 0.604 0.475 0.376
v -0.085759 0.307872 -0.264673 0.761 0.588 0.451
v 0.558532 -0.811018 -0.319888 0.863 0.675 0.518
v 0.162627 -0.080476 -0.285982 0.929 0.737 0.580
v -0.463744 -0.761416 -0.002607 0.071 0.055 0.051
v -0.179590 0.062591 -0.334446 0.824 0.647 0.486
v 0.261039 -0.570057 -0.053647 0.055 0.047 0.035
v -0.115073 0.414820 -0.160801 0.682 0.506 0.416
v -0.436581 -0.106498 -0.237181 0.039 0.035 0.024
v 0.423891 -0.635956 -0.221210 0.086 0.067 0.071
v -0.055404 0.845331 0.038302 0.875 0.706 0.608
v -0.929016 -0.596863 -0.394950 0.596 0.447 0.318
v 0.497137 -0.093983 -0.466616 0.851 0.667 0.537
v -0.257074 -0.411045 -0.054993 0.047 0.035 0.031
v -0.630996 -0.797708 -0.254080 0.216 0.157 0.141
v 0.449676 -0.477513 -0.208907 0.161 0.129 0.102
v 0.273666 0.351197 -0.120906 0.780 0.592 0.482
v -0.267156 0.124527 -0.452844 0.788 0.608 0.463
v 0.353617 -0.899104 -0.169607 0.122 0.090 0.086
v -0.092825 0.928014 -0.055295 0.627 0.478 0.376
v -0.770927 -0.037966 -0.389609 0.725 0.529 0.412
v -0.220021 -0.150095 -0.191006 0.039 0.035 0.027
v -0.820716 -0.628425 -0.283337 0.839 0.655 0.514
v 0.378910 -0.390359 -0.187058 0.043 0.039 0.024
v -0.133513 0.545973 -0.161197 0.741 0.561 0.467
v -0.279726 0.055685 -0.370292 0.886 0.694 0.541
v 0.414135 0.769823 -0.108091 0.620 0.482 0.380
v -0.363170 -0.377087 -0.072710 0.047 0.035 0.031
v -0.649218 -0.391047 -0.224320 0.843 0.675 0.510
v 0.021260 0.993595 0.039965 0.690 0.518 0.420
v -0.127464 0.887737 -0.122442 0.416 0.294 0.204
v -0.368807 -0.491436 -0.007321 0.051 0.039 0.031
v -0.081689 0.930974 -0.034139 0.647 0.494 0.404
v -0.027268 0.953656 0.024428 0.816 0.616 0.510
v -0.335794 -0.155553 -0.201349 0.035 0.031 0.024
v 0.327487 0.449194 -0.159106 0.776 0.604 0.494
v 0.464879 0.641777 -0.307606 0.769 0.514 0.416
v -0.749590 -0.801471 -0.215249 0.831 0.647 0.529
v 0.133568 0.453518 0.064612 0.910 0.718 0.616
v 0.350078 0.698191 -0.005804 0.847 0.690 0.584
v -0.406962 0.073556 -0.467523 0.043 0.035 0.031
v 0.115520 0.344468 0.027485 0.843 0.655 0.565
v 0.445930 -0.587668 -0.248159 0.067 0.051 0.035
v 0.011193 -0.784638 0.033210 0.086 0.075 0.078
v 0.714986 -0.241230 -0.418067 0.855 0.675 0.522
v 0.271975 -1.019242 -0.144883 0.094 0.071 0.071
v 0.273014 -0.944879 -0.098499 0.098 0.078 0.071
v 0.421618 0.758837 -0.140128 0.718 0.569 0.478
v 0.441500 0.934134 -0.143276 0.565 0.447 0.365
v -0.928252 -0.682754 -0.359395 0.769 0.565 0.420
v -0.101739 0.744147 -0.034240 0.765 0.604 0.518
v 0.267548 0.257535 -0.337425 0.816 0.639 0.482
v -0.131844 0.499072 -0.191463 0.710 0.529 0.431
v 0.373662 -0.047718 -0.456152 0.125 0.106 0.106
v -0.090995 0.610525 -0.005454 0.867 0.659 0.541
v -0.864193 -0.606102 -0.311002 0.788 0.608 0.459
v 0.319510 -0.097849 -0.345042 0.043 0.039 0.024
v 0.395497 -0.051867 -0.476870 0.137 0.125 0.122
v 0.095902 0.878815 0.111753 0.961 0.788 0.682
v 0.216048 -0.557075 -0.040492 0.059 0.043 0.035
v -0.065384 0.831065 0.031133 0.827 0.667 0.573
v 0.375929 -0.215533 -0.278102 0.043 0.035 0.024
v 0.415603 0.812980 -0.085819 0.647 0.506 0.412
v 0.373664 0.784891 -0.008516 0.843 0.682 0.576
v 0.222417 0.374855 -0.020083 0.898 0.725 0.620
v -0.082111 0.386671 -0.094448 0.761 0.592 0.506
v -0.864704 -0.321864 -0.340991 0.686 0.518 0.384
v -0.091708 0.422009 -0.091546 0.773 0.604 0.522
v 0.437815 -0.472220 -0.197661 0.071 0.051 0.039
v -0.149125 -0.926038 -0.003316 0.031 0.027 0.024
v 0.032427 0.705570 0.091892 0.549 0.373 0.282
v 0.289263 -0.334190 -0.172080 0.043 0.039 0.031
v -0.393764 -0.413479 -0.056991 0.051 0.035 0.031
v 0.442000 0.856773 -0.131879 0.463 0.353 0.271
v 0.061319 -0.626496 0.019756 0.055 0.043 0.039
v 0.548727 -0.274661 -0.315004 0.945 0.792 0.631
v 0.043839 -0.634751 0.022867 0.051 0.039 0.035
v 0.573008 -0.150092 -0.410329 0.918 0.733 0.569
v -0.855447 -0.239664 -0.372273 0.647 0.475 0.341
v -0.724312 -0.056580 -0.295780 0.890 0.718 0.573
v 0.332598 0.473915 -0.152360 0.800 0.631 0.506
v 0.372959 0.597221 -0.145129 0.792 0.600 0.475
v 0.345349 -0.899617 -0.151287 0.133 0.106 0.098
v 0.460607 -0.678194 -0.278994 0.710 0.557 0.412
v -0.232720 -0.442524 -0.039713 0.043 0.039 0.031
v 0.030615 -0.678996 0.036438 0.090 0.075 0.071
v 0.363539 -0.883366 -0.179391 0.141 0.122 0.110
v -0.162689 0.230799 -0.426400 0.800 0.576 0.416
v -0.354824 -0.807997 0.023380 0.059 0.059 0.051
v -0.482802 -0.353068 -0.114811 0.051 0.035 0.027
v 0.147327 0.801769 0.124734 0.965 0.792 0.694
v -0.042614 -0.392771 -0.088859 0.047 0.039 0.031
v 0.012488 1.038738 -0.020260 0.412 0.306 0.220
v -0.231902 -0.553754 0.019825 0.047 0.039 0.035
v 0.190992 -0.684278 0.026474 0.063 0.047 0.043
v -0.482309 -0.857463 -0.075438 0.043 0.027 0.024
v 0.472965 -0.123562 -0.405092 0.106 0.082 0.078
v -0.330099 -0.374392 -0.072592 0.043 0.031 0.027
v 0.183313 0.499891 0.047420 0.910 0.698 0.604
v -0.188762 -0.201585 -0.167103 0.043 0.039 0.031
v -0.208490 -0.573164 0.022377 0.051 0.043 0.035
v -0.510965 -0.056229 -0.285185 0.929 0.765 0.620
v -0.145335 0.578801 -0.262044 0.808 0.600 0.506
v 0.404889 0.775150 -0.077150 0.733 0.580 0.478
v 0.305391 0.810710 0.070010 0.925 0.749 0.631
v 0.442319 -0.379817 -0.226755 0.863 0.694 0.549
v 0.213161 0.933915 0.087204 0.941 0.761 0.643
v 0.286198 -0.741444 -0.013020 0.055 0.051 0.043
v 0.373982 -0.096726 -0.383707 0.043 0.039 0.024
v -0.478493 -0.520014 -0.033297 0.055 0.043 0.043
v -0.592915 -0.786500 -0.179196 0.027 0.020 0.016
v 0.105766 -0.572342 -0.004944 0.063 0.047 0.039
v -0.550644 -0.706960 -0.084048 0.035 0.035 0.027
v 0.332357 -0.043381 -0.409133 0.114 0.082 0.075
v -0.100574 -0.038045 -0.261957 0.949 0.749 0.588
v 0.227290 0.762593 0.113620 0.953 0.765 0.678
v -0.067429 0.463983 -0.030073 0.773 0.604 0.518
v 0.435955 0.872416 -0.117004 0.514 0.396 0.314
v 0.406881 -0.658850 -0.185839 0.067 0.063 0.055
v 0.474616 -0.163964 -0.371289 0.800 0.682 0.616
v -0.397585 -0.368458 -0.080456 0.051 0.039 0.031
v -0.603189 -0.819153 -0.196766 0.051 0.039 0.035
v 0.402471 0.621901 -0.236830 0.808 0.635 0.529
v -0.548600 0.047085 -0.387438 0.929 0.733 0.584
v -0.758059 -0.243961 -0.271861 0.886 0.714 0.553
v 0.460653 0.780899 -0.241791 0.325 0.251 0.192
v 0.095103 0.384396 0.051452 0.502 0.129 0.114
v -0.138849 -0.554161 -0.000645 0.043 0.039 0.031
v 0.232883 -0.683886 0.010783 0.063 0.055 0.043
v -0.845488 -0.376047 -0.308467 0.776 0.608 0.482
v -0.660508 0.018136 -0.345436 0.910 0.714 0.569
v -0.111022 0.761317 -0.071479 0.776 0.627 0.525
v -0.766665 -0.095908 -0.311169 0.827 0.663 0.529
v -0.101810 0.395576 -0.266951 0.671 0.475 0.345
v 0.536338 -0.210567 -0.347376 0.925 0.757 0.596
v 0.228173 -0.168334 -0.250806 0.047 0.039 0.027
v -0.057363 0.882152 0.023220 0.847 0.678 0.569
v -0.385344 0.064988 -0.436228 0.035 0.027 0.020
v 0.215080 -0.116919 -0.267962 0.071 0.047 0.039
v -0.510214 -0.151746 -0.219527 0.333 0.247 0.196
v 0.380241 -0.373363 -0.193869 0.051 0.043 0.031
v 0.241388 1.013717 0.038349 0.337 0.259 0.165
v -0.106269 -0.373451 -0.092651 0.043 0.039 0.031
v 0.453517 -1.093249 -0.276792 0.835 0.643 0.518
v 0.280327 0.558752 0.021703 0.937 0.722 0.592
v -0.131804 0.900931 -0.152632 0.388 0.286 0.212
v 0.404482 -0.800401 -0.237305 0.098 0.098 0.098
v -0.053112 0.437349 -0.020034 0.776 0.600 0.518
v 0.106499 -0.610784 0.013265 0.055 0.043 0.035
v 0.242843 0.144173 -0.354626 0.824 0.643 0.478
v -0.103239 0.402911 -0.257127 0.620 0.439 0.310
v 0.042363 -0.964257 -0.030038 0.047 0.043 0.039
v 0.333931 -0.922769 -0.155115 0.106 0.086 0.071
v 0.097484 0.967329 0.078887 0.953 0.776 0.671
v 0.349803 0.667157 -0.027345 0.847 0.690 0.580
v -0.260093 -0.319534 -0.104575 0.043 0.035 0.027
v -0.818245 -0.586671 -0.285635 0.839 0.659 0.518
v -0.150609 0.123872 -0.330284 0.733 0.565 0.424
v -0.718286 -0.510084 -0.247133 0.859 0.690 0.553
v -0.256264 -0.782056 0.043360 0.106 0.090 0.094
v 0.400229 0.763900 -0.075327 0.745 0.588 0.478
v 0.173548 -0.114958 -0.251371 0.086 0.067 0.047
v -0.011559 -0.844004 0.020413 0.047 0.039 0.039
v -0.143856 0.016345 -0.293091 0.902 0.725 0.569
v -0.347197 -0.553864 0.030503 0.047 0.039 0.031
v 0.461207 -1.007186 -0.260222 0.847 0.659 0.529
v -0.097600 0.593729 -0.012705 0.835 0.627 0.529
v 0.357825 0.567590 -0.112492 0.800 0.612 0.482
v -0.262145 -0.656274 0.057157 0.063 0.055 0.051
v 0.030068 1.065410 -0.040347 0.329 0.255 0.180
v 0.179305 -1.060448 -0.095020 0.039 0.031 0.024
v 0.420490 -0.049440 -0.525292 0.118 0.110 0.114
v -0.135248 0.932922 -0.201775 0.165 0.094 0.043
v -0.663782 -0.395836 -0.226615 0.867 0.698 0.541
v 0.684808 -0.404543 -0.346544 0.890 0.718 0.545
v 0.043332 0.586689 0.056232 0.878 0.694 0.596
v -0.388416 -0.011677 -0.315927 0.035 0.031 0.020
v 0.590175 -0.904651 -0.344705 0.875 0.659 0.510
v -0.695357 -0.246601 -0.247452 0.902 0.737 0.576
v 0.429494 -0.692481 -0.254138 0.059 0.043 0.047
v 0.631578 -0.161433 -0.424305 0.898 0.718 0.553
v 0.028069 -0.410177 -0.090224 0.051 0.043 0.035
v -0.025118 0.823179 0.070401 0.886 0.714 0.624
v 0.509665 -0.564758 -0.270068 0.855 0.671 0.506
v 0.023160 0.092793 -0.254029 0.890 0.722 0.573
v 0.412648 0.726369 -0.142666 0.690 0.533 0.435
v -0.363347 -0.448354 -0.032628 0.047 0.043 0.039
v -0.182174 0.070208 -0.340255 0.835 0.659 0.502
v -0.066894 0.988358 -0.051701 0.576 0.443 0.349
v 0.348147 0.565367 -0.073778 0.824 0.620 0.475
v 0.189604 0.307186 -0.035627 0.906 0.737 0.624
v 0.462944 -0.516160 -0.231218 0.745 0.592 0.443
v -0.115440 0.274792 -0.298467 0.741 0.565 0.424
v -0.601609 -0.658341 -0.167190 0.020 0.012 0.016
v -0.526882 0.006141 -0.333776 0.949 0.769 0.612
v -0.715755 -0.029344 -0.311909 0.875 0.698 0.557
v 0.213692 0.422581 0.017880 0.898 0.733 0.635
v 0.367051 -0.710506 -0.104180 0.055 0.043 0.035
v 0.404587 0.709790 -0.135832 0.729 0.576 0.478
v 0.241148 -0.350282 -0.149505 0.039 0.035 0.024
v 0.406697 -0.363849 -0.209818 0.043 0.035 0.024
v -0.525027 -0.260454 -0.170333 0.035 0.020 0.012
v -0.286930 -0.559814 0.032612 0.055 0.043 0.039
v 0.627473 -0.598220 -0.330012 0.882 0.718 0.549
v 0.436933 -0.461975 -0.197037 0.059 0.039 0.024
v 0.500758 -0.678459 -0.278184 0.843 0.659 0.502
v 0.640001 -0.327093 -0.321578 0.922 0.769 0.608
v -0.157709 0.151317 -0.352315 0.698 0.522 0.376
v 0.032760 -0.514152 -0.030259 0.055 0.043 0.039
v 0.335781 0.714210 0.032154 0.882 0.722 0.624
v -0.152178 0.236891 -0.382999 0.729 0.541 0.392
v -0.789368 -0.612246 -0.273117 0.839 0.659 0.522
v 0.626834 -0.453452 -0.319746 0.918 0.753 0.584
v -0.596068 -0.191417 -0.231815 0.929 0.769 0.596
v -0.025183 0.270124 -0.085017 0.592 0.424 0.329
v -0.378880 -0.059418 -0.275198 0.031 0.027 0.020
v 0.308338 0.464397 -0.065998 0.843 0.663 0.541
v 0.419860 -0.586439 -0.198912 0.078 0.063 0.055
v -0.495951 -0.412767 -0.102054 0.043 0.035 0.027
v 0.092902 1.005794 0.054522 0.635 0.498 0.400
v -0.486776 -0.778873 -0.027762 0.067 0.047 0.047
v -0.085309 0.850461 -0.004794 0.761 0.588 0.478
v 0.298681 -0.544352 -0.083931 0.043 0.031 0.024
v 0.346031 0.572527 -0.060994 0.839 0.627 0.490
v 0.285832 0.941474 0.062744 0.851 0.655 0.557
v -0.365099 -0.464734 -0.022960 0.047 0.039 0.035
v -0.649341 -0.485300 -0.235369 0.816 0.647 0.494
v 0.730305 -0.284715 -0.412822 0.843 0.671 0.514
v -0.740075 -0.626103 -0.260660 0.855 0.682 0.545
v -0.803652 -0.144576 -0.334263 0.749 0.573 0.443
v 0.420954 -0.149864 -0.347704 0.055 0.051 0.035
v 0.501977 -0.910860 -0.278202 0.867 0.663 0.522
v -0.204912 0.168900 -0.440554 0.812 0.600 0.431
v 0.394864 0.616540 -0.224917 0.729 0.557 0.451
v -0.024404 0.759253 0.086805 0.667 0.506 0.416
v 0.328593 0.002496 -0.463938 0.157 0.133 0.129
v 0.726744 -0.268804 -0.421147 0.851 0.671 0.510
v -0.378009 -0.514691 0.004338 0.047 0.035 0.035
v 0.188447 -0.030129 -0.323582 0.863 0.694 0.533
v -0.203016 0.042824 -0.337393 0.875 0.694 0.529
v -0.118380 0.059503 -0.293765 0.890 0.714 0.553
v 0.214611 1.007798 0.052447 0.490 0.396 0.302
v 0.410505 -0.609276 -0.183037 0.075 0.055 0.055
v -0.342361 -0.694150 0.061561 0.055 0.051 0.047
v 0.295371 0.913457 0.067540 0.894 0.702 0.600
v -0.368162 -0.700408 0.056441 0.051 0.043 0.039
v 0.524132 -0.113978 -0.438677 0.867 0.675 0.525
v 0.088729 0.613521 0.088532 0.788 0.580 0.475
v 0.342261 -0.004564 -0.474279 0.141 0.118 0.114
v 0.086265 0.252820 -0.179874 0.588 0.467 0.369
v -0.156025 -0.408673 -0.069497 0.047 0.035 0.027
v 0.278362 0.367353 -0.104734 0.816 0.639 0.514
v 0.243292 -0.076801 -0.314005 0.082 0.051 0.024
v -0.487098 -0.216340 -0.179316 0.043 0.035 0.027
v -0.140027 -0.870275 0.005175 0.051 0.039 0.043
v 0.127453 0.711736 0.122078 0.922 0.749 0.647
v -0.665732 -0.380850 -0.225266 0.871 0.702 0.541
v 0.174672 0.451574 0.040903 0.929 0.753 0.639
v 0.295720 1.029481 -0.012450 0.235 0.184 0.118
v 0.368427 1.044355 -0.102029 0.345 0.290 0.255
v 0.297944 -0.678654 -0.033558 0.063 0.051 0.047
v 0.518123 -0.951137 -0.287634 0.871 0.667 0.518
v -0.075638 0.238845 -0.263370 0.737 0.588 0.447
v 0.195126 -0.464868 -0.079033 0.043 0.039 0.027
v -0.407546 -0.791779 0.006644 0.063 0.047 0.043
v -0.697155 -0.292855 -0.240428 0.894 0.725 0.561
v -0.072545 0.380271 -0.080839 0.725 0.561 0.486
v -0.082855 0.478938 -0.046713 0.769 0.596 0.510
v 0.279948 0.292116 -0.344801 0.796 0.616 0.463
v -0.232245 0.054261 -0.355062 0.882 0.698 0.537
v 0.369654 0.603684 -0.122520 0.835 0.631 0.494
v -0.533582 0.060634 -0.438160 0.886 0.690 0.549
v 0.368452 -0.143613 -0.333374 0.047 0.035 0.027
v 0.331663 1.007403 -0.014862 0.353 0.298 0.227
v -0.427798 -0.068038 -0.266728 0.039 0.035 0.024
v 0.655270 -0.571737 -0.340988 0.878 0.710 0.533
v 0.510082 -0.308898 -0.297225 0.937 0.784 0.620
v -0.306445 0.042304 -0.347684 0.055 0.039 0.027
v 0.522196 -0.418249 -0.279384 0.906 0.737 0.553
v -0.539804 -0.206228 -0.206041 0.827 0.671 0.529
v -0.083581 0.396187 -0.091126 0.749 0.573 0.498
v 0.163424 0.550093 0.069830 0.918 0.733 0.631
v -0.570746 -0.745835 -0.133241 0.031 0.027 0.016
v 0.407806 -0.721901 -0.207109 0.094 0.075 0.075
v -0.609311 -0.129220 -0.252948 0.929 0.769 0.596
v 0.034218 -0.109856 -0.244379 0.937 0.737 0.569
v 0.133127 0.956809 0.087571 0.961 0.792 0.678
v -0.063401 0.688695 0.018072 0.592 0.443 0.365
v 0.638647 -0.780410 -0.364326 0.851 0.659 0.502
v -0.198534 -0.209793 -0.163535 0.039 0.035 0.024
v 0.642052 -0.423868 -0.325908 0.902 0.741 0.573
v 0.587853 -0.885242 -0.342674 0.867 0.663 0.510
v -0.442792 -0.533384 -0.004665 0.055 0.039 0.035
v 0.640814 -0.151574 -0.464723 0.859 0.675 0.529
v -0.280079 0.066129 -0.383482 0.886 0.698 0.541
v 0.211932 0.092808 -0.322412 0.855 0.702 0.549
v 0.303135 1.078101 -0.088230 0.271 0.224 0.153
v -0.708345 -0.365154 -0.236846 0.878 0.714 0.565
v -0.535503 -0.324478 -0.155820 0.055 0.039 0.031
v -0.699299 -0.652579 -0.260707 0.769 0.604 0.486
v 0.223799 -0.627947 -0.007427 0.055 0.047 0.039
v -0.564828 -0.055625 -0.283033 0.953 0.788 0.624
v 0.063937 0.488298 0.103593 0.255 0.047 0.027
v 0.149766 -0.876120 0.008821 0.075 0.059 0.055
v 0.194818 0.919491 0.097652 0.953 0.769 0.659
v 0.345078 -1.015853 -0.278820 0.141 0.122 0.086
v 0.333585 0.915621 0.046886 0.827 0.635 0.537
v -0.107239 0.798840 -0.056121 0.765 0.608 0.510
v -0.725437 -0.730245 -0.269717 0.780 0.620 0.498
v -0.561605 -0.603308 -0.104259 0.027 0.027 0.020
v -0.070178 -0.892309 0.000880 0.047 0.043 0.039
v 0.045690 0.229136 -0.201981 0.486 0.361 0.263
v 0.063307 0.613148 0.063797 0.808 0.620 0.510
v -0.194028 -0.344826 -0.097445 0.047 0.039 0.031
v -0.000645 -0.099485 -0.252641 0.953 0.761 0.592
v -0.524464 0.050332 -0.399139 0.922 0.718 0.573
v 0.001700 1.037867 -0.032857 0.400 0.290 0.208
v 0.223665 0.297335 -0.232945 0.765 0.620 0.494
v 0.355231 -0.293413 -0.223717 0.039 0.031 0.024
v 0.442787 -0.544022 -0.227273 0.082 0.078 0.075
v -0.217092 -0.470272 -0.026004 0.047 0.039 0.035
v -0.563222 -0.688248 -0.100348 0.031 0.027 0.020
v -0.741848 -0.653740 -0.263401 0.847 0.671 0.537
v 0.642705 -0.885979 -0.378539 0.851 0.631 0.475
v -0.233640 0.103751 -0.394872 0.851 0.667 0.498
v -0.871192 -0.318091 -0.356587 0.655 0.478 0.353
v -0.313649 0.069404 -0.392503 0.078 0.055 0.027
v 0.254137 -0.813005 -0.004611 0.075 0.067 0.067
v -0.678752 -0.862084 -0.131419 0.678 0.525 0.424
v 0.051158 -0.118356 -0.233689 0.925 0.741 0.573
v 0.183944 0.279385 -0.048703 0.871 0.682 0.573
v 0.194682 -0.158140 -0.242217 0.051 0.035 0.027
v 0.203827 0.818992 0.116610 0.957 0.780 0.682
v 0.074289 0.627577 0.068437 0.733 0.557 0.443
v 0.011325 0.064446 -0.261410 0.902 0.745 0.580
v 0.388395 0.671938 -0.124653 0.784 0.624 0.514
v -0.453489 -0.280083 -0.139617 0.051 0.039 0.031
v 0.353397 -0.977646 -0.267092 0.122 0.090 0.082
v -0.176095 0.207550 -0.434429 0.808 0.596 0.431
v 0.200564 -0.577380 -0.024622 0.059 0.047 0.039
v 0.226151 0.832191 0.110101 0.949 0.769 0.667
v 0.393333 -0.730021 -0.153578 0.071 0.051 0.055
v -0.112566 -1.045903 -0.023689 0.055 0.039 0.043
v -0.307655 -0.495570 0.000027 0.043 0.035 0.035
v 0.696371 -0.317492 -0.352842 0.898 0.729 0.565
v 0.371661 1.024822 -0.081875 0.298 0.227 0.176
v 0.287656 0.968913 0.048528 0.596 0.455 0.357
v 0.459523 -0.723675 -0.282920 0.706 0.529 0.400
v 0.461507 0.876468 -0.194680 0.298 0.231 0.161
v -0.411430 -0.736277 0.031332 0.055 0.047 0.039
v -0.074573 0.394816 -0.076218 0.749 0.576 0.494
v -0.256471 -0.632821 0.050563 0.043 0.039 0.031
v 0.344050 0.002763 -0.497770 0.133 0.114 0.110
v 0.313151 -0.978980 -0.179020 0.122 0.106 0.098
v 0.277584 -0.652245 -0.026822 0.051 0.039 0.031
v 0.085518 -0.018485 -0.277289 0.910 0.725 0.561
v -0.034396 0.903159 0.039297 0.843 0.682 0.569
v -0.192622 -0.743550 0.041446 0.078 0.075 0.071
v 0.415930 -0.727143 -0.230160 0.067 0.047 0.035
v 0.183431 -0.772858 0.036707 0.090 0.086 0.078
v -0.711943 -0.606007 -0.254579 0.839 0.671 0.537
v -0.112935 0.136819 -0.294419 0.796 0.627 0.490
v 0.507570 -0.923505 -0.280631 0.867 0.663 0.518
v 0.447949 0.826262 -0.169378 0.329 0.247 0.173
v -0.176440 -0.328602 -0.107358 0.047 0.039 0.035
v -0.488997 -0.709460 -0.003062 0.078 0.071 0.067
v -0.621331 -0.722897 -0.231193 0.035 0.020 0.016
v 0.025879 0.352606 0.015275 0.780 0.604 0.522
v 0.231725 -0.108665 -0.281178 0.063 0.047 0.035
v 0.235052 -1.019140 -0.111113 0.051 0.039 0.035
v 0.454895 -0.130375 -0.390810 0.071 0.067 0.055
v 0.328538 -0.574702 -0.094922 0.055 0.039 0.031
v 0.321724 1.006703 -0.006440 0.306 0.243 0.165
v -0.385222 -0.580309 0.033323 0.055 0.043 0.035
v 0.304040 0.631246 0.016761 0.745 0.561 0.459
v -0.116747 0.992824 -0.205289 0.333 0.267 0.216
v 0.175964 -0.127110 -0.247652 0.063 0.051 0.035
v 0.186805 0.486108 0.043476 0.910 0.710 0.608
v -0.473690 0.068598 -0.440919 0.110 0.110 0.094
v -0.193747 -0.272830 -0.133559 0.039 0.035 0.027
v -0.917095 -0.590815 -0.373316 0.620 0.467 0.345
v -0.223220 0.012902 -0.321415 0.894 0.718 0.565
v 0.090248 0.599906 0.101208 0.835 0.631 0.529
v 0.341896 0.485418 -0.207959 0.757 0.576 0.459
v 0.109028 -0.964296 -0.043317 0.055 0.051 0.047
v 0.660092 -0.390830 -0.332960 0.902 0.745 0.573
v 0.617197 -0.707961 -0.340532 0.867 0.682 0.525
v 0.373458 -0.659125 -0.120903 0.051 0.039 0.031
v 0.189257 -0.355115 -0.135340 0.043 0.035 0.027
v -0.495739 -0.148119 -0.215218 0.071 0.051 0.031
v -0.221655 0.053665 -0.350919 0.890 0.706 0.533
v -0.194401 0.626191 -0.317663 0.753 0.486 0.408
v 0.364804 -0.930917 -0.251318 0.125 0.102 0.094
v 0.022563 -0.749862 0.038956 0.082 0.059 0.059
v 0.722584 -0.252034 -0.428611 0.847 0.667 0.514
v 0.283603 -0.089328 -0.328312 0.051 0.043 0.027
v 0.099839 -0.898198 0.004303 0.071 0.055 0.055
v -0.079875 -0.098596 -0.217040 0.937 0.725 0.576
v -0.283659 -0.242809 -0.143918 0.043 0.035 0.027
v 0.062921 0.726962 0.121144 0.769 0.596 0.502
v 0.012672 -0.396069 -0.095163 0.051 0.043 0.035
v 0.288656 0.319141 -0.354789 0.761 0.580 0.439
v 0.236334 -0.533236 -0.059740 0.059 0.043 0.035
v 0.089229 -0.309955 -0.144858 0.047 0.039 0.031
v 0.325488 0.820936 0.054265 0.918 0.745 0.631
v -0.053801 0.817199 0.048801 0.875 0.702 0.608
v 0.367571 0.579930 -0.140937 0.808 0.616 0.494
v 0.519373 -0.762629 -0.290824 0.867 0.675 0.522
v -0.082088 1.008762 -0.106197 0.459 0.353 0.263
v 0.607789 -0.163078 -0.407051 0.906 0.722 0.557
v 0.231191 0.292427 -0.251161 0.835 0.675 0.533
v 0.237072 0.286882 -0.265451 0.875 0.706 0.553
v 0.123836 0.915602 0.104912 0.969 0.788 0.682
v -0.128548 -0.659942 0.029933 0.063 0.051 0.051
v 0.246389 0.951937 0.070298 0.890 0.686 0.592
v -0.688310 -0.336070 -0.231901 0.878 0.714 0.553
v 0.512188 -0.529303 -0.267612 0.859 0.671 0.494
v 0.233653 0.923331 0.085436 0.933 0.749 0.639
v -0.881048 -0.312126 -0.385267 0.627 0.463 0.333
v -0.646322 0.012531 -0.334175 0.929 0.729 0.576
v -0.550706 -0.245385 -0.187072 0.529 0.420 0.333
v -0.441224 -0.389823 -0.081138 0.055 0.039 0.035
v 0.420485 -0.527030 -0.186927 0.098 0.078 0.075
v 0.349711 -0.871509 -0.131722 0.118 0.098 0.082
v -0.665975 -0.247872 -0.237627 0.906 0.741 0.576
v -0.106890 -0.936863 -0.007456 0.031 0.027 0.024
v -0.700671 -0.711318 -0.273630 0.686 0.537 0.439
v -0.542694 -0.470094 -0.134289 0.027 0.020 0.016
v -0.394715 -0.727881 0.040501 0.059 0.059 0.055
v 0.666577 -0.366371 -0.333837 0.902 0.741 0.573
v -0.226879 -0.157968 -0.188434 0.043 0.039 0.031
v 0.037140 0.244304 -0.018382 0.631 0.435 0.353
v 0.670337 -0.330232 -0.333815 0.906 0.745 0.580
v -0.691128 -0.208695 -0.251643 0.898 0.741 0.576
v 0.163806 0.171687 -0.261747 0.918 0.765 0.608
v 0.048190 0.595234 0.057084 0.863 0.671 0.561
v -0.253910 -0.553152 0.023540 0.055 0.047 0.043
v -0.318798 0.083190 -0.418236 0.106 0.086 0.067
v 0.645805 -0.908412 -0.383620 0.863 0.643 0.494
v -0.314307 -0.738643 0.056360 0.075 0.051 0.059
v -0.093036 0.293999 -0.274202 0.761 0.592 0.443
v 0.290208 0.069355 -0.455467 0.882 0.694 0.518
v 0.658132 -0.274961 -0.335282 0.925 0.773 0.616
v -0.200697 0.630029 -0.328876 0.847 0.569 0.494
v 0.011848 0.604320 0.041820 0.906 0.710 0.592
v 0.352075 -0.366052 -0.185203 0.051 0.047 0.035
v -0.502357 -0.058357 -0.282186 0.886 0.718 0.596
v 0.375894 0.583003 -0.202487 0.749 0.561 0.451
v -0.428619 -0.412498 -0.065789 0.047 0.035 0.031
v 0.162532 -0.399628 -0.107624 0.051 0.047 0.039
v 0.554669 -0.767077 -0.312265 0.875 0.686 0.533
v -0.619669 -0.776866 -0.232060 0.055 0.043 0.035
v -0.356472 -0.695798 0.059604 0.055 0.043 0.043
v 0.297041 -0.189282 -0.265193 0.039 0.031 0.020
v -0.033770 -0.072764 -0.260936 0.906 0.702 0.533
v 0.401996 -0.876037 -0.276025 0.310 0.231 0.169
v 0.293457 -0.901072 -0.085854 0.106 0.098 0.090
v -0.131538 -0.742692 0.031336 0.090 0.075 0.082
v -0.767818 -0.536718 -0.264934 0.843 0.678 0.541
v 0.150898 -0.277415 -0.170990 0.047 0.043 0.031
v 0.442864 -0.069157 -0.471326 0.122 0.102 0.114
v 0.020850 -0.044934 -0.277832 0.933 0.741 0.573
v -0.057754 0.115366 -0.264971 0.894 0.722 0.573
v 0.596189 -0.164121 -0.401595 0.906 0.725 0.553
v -0.177809 -0.567170 0.012889 0.043 0.035 0.031
v -0.167643 0.077949 -0.332728 0.776 0.604 0.447
v 0.378299 -0.722790 -0.117620 0.063 0.047 0.035
v 0.102603 -0.690227 0.040462 0.059 0.047 0.043
v -0.093715 0.442892 -0.084638 0.776 0.608 0.522
v 0.339858 1.021073 -0.038382 0.380 0.337 0.263
v 0.391888 -0.266875 -0.253191 0.035 0.031 0.020
v -0.180877 -0.877566 0.005889 0.027 0.027 0.024
v -0.769960 -0.202962 -0.285092 0.867 0.694 0.533
v 0.134888 -0.062845 -0.287294 0.941 0.757 0.600
v -0.346458 -0.614913 0.052331 0.059 0.047 0.047
v 0.359639 -0.881917 -0.165962 0.145 0.129 0.118
v 0.082983 -0.887970 0.009790 0.063 0.051 0.047
v 0.102343 -0.370022 -0.117277 0.043 0.035 0.027
v -0.008763 0.007527 -0.273092 0.902 0.725 0.561
v 0.580124 -0.643614 -0.311771 0.886 0.722 0.557
v 0.152591 0.209514 -0.238446 0.918 0.757 0.612
v 0.215894 -0.096211 -0.280986 0.082 0.067 0.047
v 0.173975 0.305717 -0.023206 0.902 0.737 0.627
v 0.155719 -0.020822 -0.306043 0.894 0.725 0.565
v 0.258562 0.339960 -0.100178 0.835 0.647 0.525
v -0.200789 -0.508648 -0.008251 0.047 0.039 0.031
v -0.115469 0.690933 -0.065742 0.800 0.655 0.553
v 0.383171 0.599566 -0.197287 0.714 0.506 0.404
v -0.377914 -0.820058 0.011031 0.106 0.086 0.086
v -0.132958 0.748856 -0.145010 0.663 0.525 0.435
v 0.364851 -0.753033 -0.098033 0.063 0.039 0.031
v -0.680277 -0.711737 -0.279747 0.537 0.420 0.333
v -0.699376 -0.012401 -0.320337 0.886 0.702 0.557
v 0.082325 0.876431 0.109398 0.965 0.800 0.690
v -0.485816 -0.816917 -0.050458 0.102 0.078 0.078
v 0.032762 -0.940334 -0.019905 0.043 0.039 0.039
v 0.261439 0.010746 -0.387026 0.886 0.722 0.561
v 0.671971 -0.260492 -0.348999 0.925 0.761 0.596
v -0.240544 -0.452891 -0.032800 0.047 0.039 0.031
v 0.288632 -1.023034 -0.169085 0.129 0.106 0.114
v 0.051370 0.380238 0.043860 0.773 0.369 0.341
v 0.193666 -0.778643 0.033629 0.082 0.071 0.063
v -0.130765 -0.725781 0.032067 0.071 0.055 0.059
v -0.486498 -0.594596 -0.006257 0.047 0.043 0.035
v -0.686353 -0.615869 -0.251787 0.780 0.612 0.486
v 0.188994 -0.425898 -0.096777 0.043 0.039 0.031
v -0.440987 -0.624713 0.026891 0.067 0.059 0.063
v -0.247540 -0.112813 -0.212070 0.039 0.035 0.024
v -0.340024 -0.536655 0.022461 0.047 0.039 0.035
v 0.401372 -0.841727 -0.266443 0.086 0.071 0.067
v 0.313034 0.905137 0.059213 0.859 0.659 0.557
v 0.381655 -0.802521 -0.146731 0.086 0.075 0.055
v 0.225267 0.690627 0.102549 0.486 0.337 0.255
v -0.234400 -0.297540 -0.118043 0.039 0.035 0.027
v -0.873571 -0.485397 -0.331586 0.710 0.565 0.427
v 0.200395 0.460751 0.035921 0.910 0.714 0.612
v 0.151991 1.056876 0.008597 0.235 0.165 0.082
v -0.242386 0.008390 -0.317241 0.886 0.710 0.557
v 0.591430 -0.672534 -0.321076 0.882 0.710 0.545
v 0.142769 -0.850758 0.025168 0.082 0.071 0.067
v -0.120066 -0.443490 -0.054388 0.043 0.035 0.027
v 0.375715 -0.278604 -0.238760 0.043 0.035 0.027
v 0.319907 -0.839551 -0.072554 0.078 0.075 0.059
v -0.749368 -0.013393 -0.389171 0.761 0.576 0.439
v -0.576163 -0.496312 -0.168128 0.024 0.020 0.012
v 0.614273 -0.603261 -0.324492 0.886 0.718 0.549
v -0.614526 -0.630521 -0.193588 0.031 0.027 0.020
v -0.132891 -0.047051 -0.249593 0.925 0.710 0.553
v -0.278671 -0.087666 -0.233764 0.039 0.031 0.024
v 0.259507 0.602814 0.036435 0.722 0.533 0.424
v -0.252975 -0.817139 0.025380 0.059 0.043 0.047
v 0.275050 -0.212999 -0.242186 0.047 0.039 0.027
v 0.395350 0.864704 -0.030182 0.820 0.667 0.557
v 0.353514 -0.949713 -0.234502 0.157 0.137 0.122
v -0.449316 -0.058535 -0.269812 0.035 0.031 0.020
v -0.132749 0.156501 -0.316606 0.761 0.588 0.447
v -0.873331 -0.553161 -0.325617 0.729 0.561 0.439
v -0.008163 0.539761 0.036688 0.957 0.749 0.635
v 0.344984 0.563062 -0.064501 0.820 0.627 0.486
v -0.000901 0.129415 -0.245940 0.847 0.678 0.533
v 0.374085 0.468903 -0.263910 0.922 0.702 0.584
v -0.180710 -0.926127 -0.000616 0.031 0.027 0.020
v 0.282107 0.649013 0.046150 0.702 0.486 0.357
v 0.557892 -0.877398 -0.324371 0.871 0.675 0.522
v 0.224317 0.359564 -0.036194 0.882 0.698 0.592
v 0.511582 -1.072770 -0.298200 0.875 0.671 0.541
v -0.660255 -0.084361 -0.262739 0.929 0.773 0.608
v -0.053449 -0.913894 -0.004231 0.039 0.035 0.031
v -0.703571 -0.189404 -0.257675 0.898 0.737 0.573
v 0.490106 -0.236637 -0.324934 0.933 0.780 0.620
v 0.289178 0.628230 0.024948 0.345 0.208 0.141
v 0.055239 0.500925 0.114864 0.765 0.580 0.518
v 0.289573 -0.867855 -0.058964 0.110 0.106 0.094
v -0.380275 -0.643854 0.052008 0.043 0.039 0.035
v -0.608938 0.043186 -0.379876 0.925 0.722 0.576
v -0.298047 -0.139605 -0.206389 0.039 0.031 0.024
v -0.124110 0.475292 -0.141042 0.761 0.580 0.490
v 0.078296 0.902656 0.101363 0.961 0.788 0.675
v 0.498476 -0.306195 -0.294653 0.945 0.788 0.627
v 0.086967 0.008545 -0.273921 0.922 0.757 0.588
v -0.109844 0.439407 -0.117670 0.761 0.588 0.502
v -0.535524 -0.450117 -0.132170 0.035 0.031 0.024
v 0.111586 -0.920543 -0.013211 0.071 0.055 0.055
v -0.210221 -0.533073 0.006393 0.055 0.043 0.035
v -0.000581 0.254954 -0.047143 0.588 0.416 0.341
v 0.383690 -0.125538 -0.358723 0.031 0.027 0.012
v 0.226144 -0.137078 -0.264281 0.051 0.043 0.027
v -0.059041 -0.344471 -0.111337 0.043 0.035 0.027
v 0.273098 0.399186 -0.063188 0.878 0.714 0.604
v -0.026215 0.059834 -0.263752 0.906 0.737 0.569
v -0.212041 -0.029473 -0.256922 0.906 0.706 0.557
v 0.010488 0.372323 0.010378 0.804 0.616 0.522
v -0.779024 -0.143568 -0.306153 0.831 0.655 0.502
v 0.446419 -0.750529 -0.285204 0.612 0.467 0.357
v -0.562123 -0.544437 -0.136232 0.027 0.027 0.020
v 0.425079 -1.084322 -0.266842 0.761 0.580 0.478
v 0.651269 -0.749277 -0.368033 0.855 0.663 0.502
v -0.026980 -0.550314 -0.010056 0.055 0.043 0.035
v 0.127980 -0.184901 -0.209971 0.051 0.043 0.027
v -0.248800 -0.358645 -0.085120 0.043 0.035 0.027
v 0.002784 -1.044135 -0.042078 0.039 0.035 0.027
v 0.090896 0.924765 0.096399 0.957 0.784 0.678
v -0.757457 -0.434876 -0.255532 0.855 0.690 0.549
v -0.084267 -0.358137 -0.102156 0.051 0.043 0.035
v -0.437457 -0.308979 -0.119233 0.055 0.043 0.035
v 0.408911 -0.343157 -0.220131 0.051 0.039 0.027
v -0.594349 -0.799000 -0.181851 0.043 0.035 0.031
v 0.044867 -0.216717 -0.183150 0.055 0.047 0.035
v 0.114730 0.289243 0.007162 0.929 0.729 0.627
v 0.258469 -0.308141 -0.177900 0.047 0.043 0.031
v 0.010084 0.319178 -0.003712 0.894 0.698 0.596
v -0.233084 -0.026663 -0.252754 0.192 0.141 0.110
v 0.359766 0.946278 0.013843 0.631 0.482 0.380
v 0.038687 0.349113 0.024756 0.745 0.588 0.506
v -0.703410 -0.468545 -0.240722 0.867 0.706 0.561
v -0.448310 0.068191 -0.454191 0.067 0.055 0.051
v 0.196780 -0.071326 -0.303790 0.906 0.725 0.565
v -0.056892 0.635939 0.018783 0.918 0.725 0.596
v 0.529422 -0.890677 -0.303137 0.863 0.659 0.506
v 0.457707 0.954124 -0.202045 0.357 0.286 0.224
v -0.793023 -0.436272 -0.272621 0.843 0.678 0.541
v 0.166554 0.288938 -0.023727 0.902 0.722 0.612
v 0.551395 -0.469073 -0.287765 0.929 0.757 0.576
v 0.352382 -0.145223 -0.323606 0.039 0.035 0.020
v 0.155746 0.367720 0.007402 0.886 0.643 0.565
v -0.304880 -0.919671 -0.008708 0.027 0.024 0.016
v 0.574709 -0.386011 -0.304989 0.929 0.769 0.596
v -0.458406 0.061506 -0.425340 0.059 0.043 0.039
v 0.532124 -0.962334 -0.302084 0.871 0.663 0.518
v 0.183590 0.694558 0.114851 0.714 0.553 0.467
v -0.299475 -0.257494 -0.135641 0.039 0.031 0.027
v 0.415339 -1.089011 -0.264730 0.722 0.553 0.455
v -0.560903 0.001342 -0.325411 0.945 0.769 0.612
v 0.239815 -0.009094 -0.363069 0.851 0.678 0.525
v -0.916765 -0.569444 -0.381366 0.608 0.451 0.333
v -0.409179 -0.544870 0.012323 0.051 0.039 0.035
v 0.545051 -0.628968 -0.289615 0.890 0.718 0.553
v -0.372336 -0.499025 -0.003384 0.059 0.043 0.039
v -0.044433 -0.133475 -0.200654 0.082 0.055 0.047
v -0.137924 0.695532 -0.161881 0.761 0.580 0.490
v 0.232775 0.491971 0.030876 0.941 0.737 0.639
v -0.364118 -0.411449 -0.053894 0.047 0.035 0.027
v -0.849639 -0.264631 -0.341209 0.710 0.529 0.392
v -0.667181 -0.062688 -0.270849 0.949 0.788 0.627
v -0.006971 -0.938696 -0.014151 0.043 0.039 0.031
v 0.210868 0.968898 0.074480 0.875 0.682 0.580
v 0.702766 -0.334268 -0.358233 0.882 0.710 0.545
v -0.656036 -0.558007 -0.239334 0.694 0.541 0.424
v -0.111925 0.418590 -0.286548 0.710 0.510 0.373
v -0.714891 -0.008119 -0.338410 0.855 0.659 0.522
v -0.086463 0.571779 -0.004511 0.839 0.635 0.533
v -0.870201 -0.360388 -0.339795 0.698 0.537 0.408
v 0.405995 1.024253 -0.149242 0.416 0.357 0.298
v 0.620258 -0.567945 -0.322476 0.890 0.722 0.553
v 0.041259 0.754910 0.116671 0.957 0.792 0.706
v 0.443430 -0.429541 -0.212672 0.784 0.627 0.518
v 0.459672 0.847477 -0.209874 0.267 0.212 0.161
v -0.074095 -0.411610 -0.075071 0.043 0.035 0.031
v 0.358615 -0.867063 -0.147993 0.129 0.106 0.098
v 0.373377 -0.557514 -0.133578 0.051 0.043 0.031
v -0.202852 -0.357863 -0.090047 0.039 0.031 0.024
v -0.056413 0.939246 -0.000270 0.808 0.635 0.533
v -0.267056 0.005898 -0.291527 0.090 0.067 0.039
v -0.514050 -0.369476 -0.131224 0.043 0.031 0.024
v 0.165002 1.063651 0.000053 0.271 0.200 0.129
v 0.328871 -0.909349 -0.132997 0.098 0.075 0.075
v -0.722438 0.004128 -0.373276 0.808 0.604 0.475
v 0.097529 1.055086 0.004805 0.271 0.204 0.145
v 0.105543 -0.780429 0.046035 0.090 0.082 0.086
v 0.301050 0.043386 -0.459376 0.886 0.698 0.529
v -0.596204 -0.431550 -0.208534 0.137 0.110 0.086
v 0.429915 -0.170773 -0.339600 0.051 0.047 0.031
v 0.057315 -0.836814 0.028782 0.071 0.063 0.067
v 0.080475 -0.154129 -0.208852 0.067 0.047 0.039
v 0.036793 0.559246 0.052929 0.890 0.706 0.600
v 0.532190 -0.784178 -0.300566 0.863 0.671 0.518
v -0.026067 -0.795063 0.029547 0.082 0.075 0.082
v 0.416433 0.931926 -0.080393 0.627 0.498 0.400
v -0.178129 -0.437002 -0.051617 0.047 0.035 0.027
v 0.398893 0.495710 -0.283260 0.929 0.694 0.569
v 0.054475 -0.237901 -0.174911 0.051 0.043 0.031
v -0.494720 -0.059126 -0.276817 0.557 0.443 0.373
v 0.151613 0.920047 0.104375 0.957 0.765 0.659
v -0.263434 -0.684839 0.059952 0.063 0.059 0.051
v -0.461961 -0.651959 0.019818 0.051 0.047 0.043
v -0.092662 0.961981 -0.085689 0.475 0.357 0.263
v 0.189999 1.076924 -0.020614 0.369 0.298 0.212
v 0.415291 -0.070933 -0.452339 0.129 0.118 0.118
v 0.409808 -0.701632 -0.205703 0.067 0.043 0.043
v 0.263477 0.236732 -0.343082 0.824 0.647 0.490
v -0.588660 0.035877 -0.365774 0.941 0.745 0.600
v -0.060934 -0.335600 -0.115458 0.043 0.035 0.031
v 0.684043 -0.235333 -0.373730 0.902 0.729 0.569
v 0.066158 0.744111 0.123374 0.941 0.769 0.678
v 0.468050 -0.325866 -0.273345 0.937 0.769 0.600
v -0.718853 -0.418615 -0.240058 0.863 0.694 0.553
v 0.449078 0.816090 -0.185828 0.376 0.282 0.220
v 0.469231 -0.734012 -0.279505 0.749 0.569 0.435
v 0.517517 -0.964612 -0.286942 0.875 0.671 0.529
v 0.240347 -0.850101 -0.012045 0.071 0.051 0.051
v 0.425188 -0.644648 -0.226316 0.086 0.063 0.059
v 0.303984 0.995550 0.018406 0.361 0.267 0.157
v 0.214827 -0.884492 -0.019258 0.082 0.067 0.063
v -0.141341 -0.709342 0.033808 0.055 0.047 0.051
v -0.152836 0.788465 -0.210994 0.224 0.141 0.086
v -0.080353 0.847104 0.003922 0.784 0.616 0.514
v 0.233767 1.087659 -0.051686 0.294 0.224 0.137
v 0.310944 0.596211 -0.000766 0.906 0.722 0.584
v -0.042189 0.394268 -0.026973 0.757 0.584 0.498
v 0.338219 0.873958 0.044388 0.835 0.635 0.522
v -0.340075 0.108665 -0.506287 0.071 0.055 0.051
v 0.183084 0.271258 -0.054314 0.843 0.659 0.549
v 0.125395 0.193198 -0.231208 0.914 0.769 0.616
v 0.584941 -0.320731 -0.310120 0.941 0.788 0.620
v 0.096917 0.585537 0.112629 0.922 0.718 0.627
v -0.927469 -0.611956 -0.381629 0.620 0.471 0.341
v -0.877149 -0.613023 -0.320540 0.757 0.569 0.420
v 0.278329 1.058281 -0.033867 0.302 0.251 0.180
v -0.104570 0.365511 -0.281340 0.757 0.580 0.435
v 0.195035 0.421397 0.024325 0.894 0.729 0.624
v 0.129696 -0.675947 0.036076 0.059 0.047 0.043
v 0.472104 -0.423340 -0.237475 0.918 0.733 0.549
v 0.232762 -0.265111 -0.195559 0.043 0.039 0.024
v 0.237384 -0.860908 -0.016595 0.067 0.055 0.047
v 0.495506 -0.836633 -0.282172 0.843 0.639 0.494
v 0.262571 -0.064561 -0.335327 0.067 0.039 0.024
v -0.467106 -0.258644 -0.154990 0.043 0.031 0.024
v 0.509040 -0.401648 -0.274548 0.918 0.749 0.565
v 0.305348 0.425346 -0.102691 0.839 0.667 0.545
v 0.432348 -0.270051 -0.279762 0.086 0.075 0.059
v -0.119221 0.891454 -0.099776 0.467 0.349 0.259
v -0.100515 0.948576 -0.098239 0.420 0.306 0.224
v -0.139087 -0.902733 -0.000394 0.043 0.039 0.031
v 0.049953 0.368820 0.042039 0.757 0.373 0.341
v -0.296396 0.079390 -0.407841 0.855 0.659 0.518
v 0.483671 -0.160801 -0.376532 0.902 0.729 0.596
v -0.259858 0.097675 -0.406278 0.867 0.678 0.518
v 0.627839 -0.844880 -0.363433 0.859 0.647 0.494
v 0.005682 -0.995894 -0.032871 0.043 0.039 0.031
v 0.025584 -0.455346 -0.064157 0.055 0.043 0.039
v -0.373220 -0.326849 -0.099261 0.043 0.035 0.027
v 0.248338 -0.257294 -0.204228 0.043 0.039 0.024
v -0.300932 0.024404 -0.325717 0.035 0.016 0.008
v -0.279503 -0.764879 0.046855 0.078 0.071 0.075
v 0.141954 -0.170833 -0.219246 0.055 0.047 0.031
v 0.079214 -0.101735 -0.251350 0.937 0.741 0.580
v -0.148095 0.662923 -0.244837 0.898 0.714 0.600
v -0.043548 -0.203187 -0.175926 0.059 0.047 0.039
v 0.215273 -0.765125 0.027316 0.071 0.067 0.063
v 0.050363 -0.409970 -0.092321 0.047 0.039 0.031
v 0.326499 1.046400 -0.059927 0.180 0.145 0.071
v 0.654163 -0.160802 -0.461739 0.867 0.682 0.525
v 0.394721 -0.475385 -0.168759 0.043 0.039 0.031
v 0.114798 0.597895 0.106794 0.965 0.769 0.675
v -0.065421 0.176252 -0.262088 0.812 0.651 0.506
v 0.734168 -0.285371 -0.424878 0.831 0.647 0.486
v 0.131753 -0.079110 -0.278271 0.941 0.757 0.600
v 0.211284 -0.827337 0.015024 0.075 0.059 0.059
v 0.394182 0.843778 -0.031405 0.796 0.635 0.533
v -0.027733 -0.820023 0.026525 0.094 0.078 0.075
v 0.550666 -0.238399 -0.329963 0.941 0.776 0.612
v -0.123390 0.911846 -0.124580 0.463 0.353 0.275
v -0.082126 0.810058 0.009725 0.765 0.600 0.502
v -0.050638 -0.421718 -0.073028 0.047 0.039 0.031
v 0.537858 -0.498698 -0.278315 0.914 0.741 0.565
v -0.120080 -0.891231 0.001059 0.039 0.035 0.031
v -0.839743 -0.328951 -0.308131 0.780 0.612 0.475
v 0.254954 -0.664345 -0.007728 0.059 0.047 0.039
v -0.050241 0.629215 0.021817 0.918 0.733 0.600
v -0.234562 -0.396809 -0.065365 0.043 0.035 0.027
v -0.112811 1.001875 -0.203143 0.318 0.235 0.169
v -0.687855 -0.863046 -0.131639 0.694 0.529 0.424
v 0.425797 -0.722484 -0.259482 0.051 0.035 0.035
v -0.556412 -0.632315 -0.083500 0.031 0.027 0.024
v -0.521283 -0.223096 -0.182335 0.063 0.047 0.035
v -0.248875 0.003649 -0.305190 0.882 0.694 0.537
v -0.662482 -0.714993 -0.281812 0.373 0.282 0.224
v 0.513873 -0.634019 -0.278569 0.867 0.678 0.529
v 0.723702 -0.313932 -0.387734 0.847 0.667 0.506
v 0.129710 -0.385597 -0.111276 0.047 0.039 0.031
v 0.491289 -0.385678 -0.266219 0.925 0.757 0.573
v 0.254788 0.264820 -0.304381 0.875 0.702 0.541
v 0.325992 -0.511822 -0.111672 0.059 0.047 0.043
v 0.318855 0.664737 0.039934 0.890 0.722 0.627
v -0.585824 -0.220821 -0.215916 0.918 0.757 0.584
v 0.338282 1.070190 -0.104743 0.286 0.267 0.192
v 0.508038 -0.472865 -0.262842 0.882 0.698 0.510
v -0.566455 -0.079998 -0.270365 0.937 0.780 0.608
v -0.401193 -0.192762 -0.180752 0.035 0.031 0.020
v 0.622593 -0.431674 -0.317886 0.922 0.761 0.584
v 0.377401 1.034179 -0.103817 0.282 0.235 0.188
v 0.055402 -1.053169 -0.055995 0.039 0.035 0.031
v -0.002740 -0.482158 -0.045267 0.059 0.047 0.043
v -0.735681 -0.520134 -0.252909 0.855 0.686 0.549
v -0.095262 -0.593596 0.009144 0.051 0.039 0.035
v 0.423330 -0.068610 -0.463951 0.137 0.122 0.118
v -0.829836 -0.666004 -0.283425 0.847 0.659 0.514
v 0.149635 0.990662 0.071879 0.635 0.482 0.380
v 0.148554 0.193765 -0.242963 0.922 0.761 0.608
v 0.030604 0.494705 0.048755 0.737 0.553 0.471
v -0.359281 -0.776896 0.033482 0.039 0.039 0.035
v 0.368129 -0.191335 -0.292878 0.043 0.035 0.027
v -0.656464 -0.630537 -0.246920 0.549 0.431 0.345
v -0.588691 -0.622345 -0.147541 0.024 0.020 0.016
v -0.386837 0.001314 -0.329473 0.031 0.027 0.016
v 0.270731 0.806139 0.090880 0.929 0.749 0.639
v -0.000977 0.551542 0.039084 0.949 0.745 0.627
v -0.353415 -0.671426 0.060652 0.063 0.055 0.051
v 0.058400 -0.704254 0.043296 0.071 0.055 0.055
v 0.247425 -0.764818 0.011225 0.075 0.055 0.051
v 0.235550 -0.486272 -0.081189 0.043 0.035 0.027
v -0.532456 -0.119987 -0.251278 0.937 0.788 0.616
v -0.661970 -0.210943 -0.244249 0.906 0.745 0.576
v 0.455462 0.845442 -0.190408 0.310 0.239 0.180
v 0.136939 0.228727 -0.217866 0.843 0.698 0.565
v 0.622825 -0.313371 -0.316432 0.945 0.792 0.635
v -0.132069 0.108974 -0.309034 0.816 0.643 0.510
v -0.758329 -0.047696 -0.336530 0.804 0.608 0.494
v 0.328263 -0.890107 -0.115488 0.090 0.075 0.071
v -0.545541 -0.626590 -0.066131 0.024 0.024 0.016
v 0.587564 -0.685436 -0.320262 0.886 0.710 0.549
v 0.215367 0.678047 0.089415 0.667 0.502 0.396
v 0.257399 -0.925437 -0.073809 0.106 0.086 0.082
v 0.183156 -0.192415 -0.220226 0.043 0.039 0.024
v 0.425541 -0.857112 -0.272159 0.557 0.420 0.318
v -0.405040 0.000016 -0.328422 0.039 0.035 0.024
v -0.232585 -0.344354 -0.094059 0.043 0.035 0.031
v -0.008059 0.094795 -0.255786 0.902 0.737 0.573
v -0.159632 0.761979 -0.226876 0.365 0.251 0.176
v 0.247015 0.173036 -0.347719 0.808 0.631 0.471
v -0.460045 -0.531983 -0.015060 0.055 0.043 0.039
v 0.378864 -1.051463 -0.273711 0.384 0.298 0.243
v -0.439982 -0.524787 -0.007951 0.055 0.043 0.035
v 0.373999 1.058416 -0.137954 0.294 0.239 0.200
v -0.077420 0.388856 -0.084437 0.757 0.588 0.506
v 0.024696 -0.127870 -0.219021 0.914 0.729 0.584
v 0.422145 0.796143 -0.111113 0.631 0.498 0.400
v 0.404914 0.845313 -0.052097 0.710 0.557 0.459
v 0.444569 -0.358951 -0.241339 0.886 0.718 0.549
v 0.285032 0.468376 -0.017010 0.882 0.682 0.573
v -0.515971 -0.413143 -0.121298 0.063 0.043 0.035
v 0.247009 0.898429 0.089607 0.945 0.761 0.651
v 0.250638 -0.687440 0.002322 0.063 0.051 0.047
v 0.418965 0.799488 -0.098911 0.631 0.490 0.396
v 0.567081 -0.863975 -0.329142 0.875 0.671 0.522
v -0.677117 -0.448672 -0.234774 0.871 0.710 0.565
v 0.366593 0.559853 -0.190324 0.765 0.584 0.467
v -0.190880 -0.802672 0.025652 0.055 0.047 0.047
v -0.864319 -0.255303 -0.384444 0.635 0.463 0.329
v 0.594493 -0.130266 -0.451805 0.894 0.718 0.580
v -0.536066 -0.217364 -0.194987 0.576 0.443 0.357
v 0.456587 0.856957 -0.185285 0.286 0.204 0.141
v -0.144417 0.177846 -0.337798 0.702 0.525 0.376
v 0.286801 0.694344 0.082005 0.588 0.431 0.333
v -0.275088 -0.235003 -0.148446 0.039 0.035 0.024
v 0.267504 0.191894 -0.411610 0.824 0.631 0.471
v -0.824777 -0.285115 -0.304235 0.800 0.631 0.475
v -0.577291 -0.459733 -0.180522 0.024 0.016 0.012
v -0.068288 0.216226 -0.261046 0.729 0.573 0.439
v 0.554953 -0.721745 -0.305678 0.875 0.690 0.537
v -0.630930 -0.301140 -0.212963 0.871 0.698 0.533
v 0.560988 -0.183098 -0.371886 0.914 0.733 0.569
v 0.419375 0.832801 -0.087202 0.541 0.392 0.302
v 0.277433 0.718120 0.089786 0.918 0.745 0.659
v -0.094712 0.104458 -0.281152 0.827 0.659 0.518
v -0.743826 -0.573313 -0.258672 0.847 0.675 0.541
v 0.636666 -0.232244 -0.347041 0.922 0.753 0.592
v -0.105572 -0.840591 0.009996 0.047 0.043 0.039
v 0.320704 0.726242 0.054015 0.910 0.757 0.655
v -0.347948 -0.420080 -0.047984 0.047 0.031 0.027
v 0.299540 -0.231396 -0.238880 0.047 0.039 0.027
v 0.443828 0.569081 -0.318698 0.839 0.518 0.416
v -0.603525 -0.836029 -0.198703 0.208 0.318 0.180
v -0.877639 -0.646938 -0.315506 0.776 0.588 0.443
v 0.221779 -0.249582 -0.201159 0.051 0.043 0.031
v -0.417240 0.040034 -0.389639 0.031 0.027 0.020
v -0.109447 0.893518 -0.073861 0.612 0.478 0.384
v 0.417325 0.510385 -0.305888 0.941 0.710 0.596
v -0.360954 -0.001847 -0.322454 0.027 0.024 0.016
v -0.540864 -0.518651 -0.110587 0.035 0.031 0.024
v -0.132603 0.587241 -0.199666 0.725 0.537 0.447
v 0.048055 -0.866651 0.018742 0.078 0.071 0.067
v 0.164368 0.243145 -0.226351 0.847 0.686 0.549
v 0.284435 -0.647412 -0.033670 0.055 0.043 0.035
v 0.024759 0.478160 0.045542 0.843 0.659 0.561
v -0.799672 -0.417526 -0.276051 0.847 0.678 0.541
v -0.132553 0.315884 -0.334545 0.706 0.522 0.380
v 0.728403 -0.346990 -0.390776 0.820 0.651 0.482
v -0.389448 -0.775109 0.022497 0.067 0.047 0.039
v -0.050291 -0.727504 0.034189 0.071 0.067 0.067
v -0.463579 -0.348377 -0.108099 0.051 0.035 0.027
v -0.761224 -0.656897 -0.266389 0.847 0.671 0.533
v 0.682558 -0.285207 -0.348772 0.914 0.745 0.584
v 0.317642 -0.873636 -0.090492 0.102 0.090 0.082
v 0.222220 -0.739600 0.023890 0.063 0.051 0.047
v 0.221936 0.928957 0.086696 0.945 0.761 0.647
v 0.008623 -0.954573 -0.022375 0.039 0.035 0.035
v 0.112016 -0.176901 -0.209802 0.047 0.043 0.024
v -0.021077 1.033480 -0.053415 0.545 0.424 0.341
v -0.812173 -0.205409 -0.317279 0.792 0.612 0.471
v -0.374021 -0.157702 -0.203004 0.039 0.035 0.024
v -0.821480 -0.149790 -0.371339 0.694 0.506 0.376
v 0.205087 -0.020654 -0.334624 0.851 0.675 0.522
v 0.504479 -0.949145 -0.275312 0.863 0.663 0.522
v 0.492658 -0.158283 -0.381212 0.922 0.749 0.592
v 0.529396 -0.327677 -0.299813 0.949 0.796 0.631
v 0.463418 0.871069 -0.223552 0.271 0.220 0.173
v 0.147885 0.136591 -0.265107 0.918 0.769 0.608
v 0.360181 -0.897489 -0.186171 0.118 0.102 0.090
v 0.187549 -0.700199 0.031622 0.071 0.059 0.055
v 0.621711 -0.681440 -0.339297 0.867 0.686 0.525
v -0.084289 -0.627909 0.019614 0.051 0.043 0.039
v -0.004156 0.804817 0.089333 0.894 0.722 0.635
v -0.052211 0.666714 0.020847 0.635 0.443 0.341
v -0.394872 -0.064052 -0.271665 0.039 0.035 0.024
v -0.264077 -0.474609 -0.017002 0.043 0.031 0.024
v 0.420852 -0.691172 -0.229414 0.051 0.035 0.039
v -0.074488 0.529684 -0.007185 0.824 0.631 0.541
v 0.509767 -0.460773 -0.265015 0.894 0.710 0.522
v -0.634991 -0.749010 -0.264862 0.035 0.012 0.012
v -0.365243 -0.740475 0.047753 0.043 0.039 0.031
v 0.062840 -0.848588 0.025340 0.067 0.055 0.055
v -0.196067 0.006913 -0.309711 0.875 0.686 0.525
v -0.171673 0.750633 -0.265611 0.682 0.416 0.329
v -0.105213 -0.457398 -0.048472 0.051 0.043 0.035
v 0.359945 -0.835965 -0.119500 0.106 0.102 0.094
v 0.493380 -0.417583 -0.256756 0.910 0.733 0.541
v 0.148679 0.572204 0.084490 0.894 0.714 0.604
v 0.014215 1.021536 0.007201 0.494 0.373 0.275
v 0.680806 -0.242529 -0.365576 0.910 0.741 0.576
v -0.143992 0.905554 -0.213383 0.204 0.122 0.067
v -0.347803 -0.068255 -0.263969 0.031 0.027 0.020
v -0.676467 -0.542882 -0.241914 0.820 0.663 0.522
v 0.235206 0.441122 0.011790 0.929 0.757 0.655
v 0.255949 -0.877498 -0.037875 0.090 0.078 0.071
v 0.132664 -0.944060 -0.033251 0.063 0.051 0.051
v 0.360140 0.584675 -0.101507 0.824 0.627 0.482
v 0.525471 -0.966097 -0.295151 0.863 0.655 0.510
v 0.218401 -0.906477 -0.036080 0.086 0.078 0.071
v 0.185856 -0.434759 -0.091495 0.051 0.043 0.035
v -0.307679 -0.250689 -0.139743 0.039 0.035 0.027
v 0.510754 -0.128369 -0.413963 0.906 0.718 0.561
v 0.252003 -0.081208 -0.315051 0.078 0.059 0.039
v 0.671012 -0.539909 -0.346518 0.890 0.722 0.545
v 0.041332 -0.375090 -0.109153 0.055 0.047 0.039
v -0.309504 -0.562746 0.035962 0.043 0.039 0.031
v -0.404871 -0.321017 -0.105663 0.047 0.035 0.027
v 0.132258 -0.105480 -0.252951 0.941 0.745 0.588
v 0.653902 -0.561293 -0.339065 0.882 0.710 0.541
v 0.420993 -0.081657 -0.432216 0.114 0.106 0.110
v 0.381295 0.829360 -0.011351 0.812 0.667 0.557
v -0.013623 0.574486 0.032869 0.953 0.753 0.631
v -0.047867 -0.243868 -0.158180 0.055 0.047 0.039
v 0.612122 -0.586544 -0.320771 0.886 0.718 0.549
v -0.531989 -0.266508 -0.170671 0.051 0.039 0.027
v -0.116793 -0.106281 -0.198646 0.106 0.055 0.043
v 0.247794 0.409782 -0.019368 0.882 0.710 0.604
v -0.133347 0.667224 -0.115411 0.812 0.612 0.510
v 0.408317 -0.739077 -0.214532 0.071 0.063 0.055
v 0.318168 -0.717529 -0.044998 0.059 0.047 0.043
v -0.231496 0.063715 -0.361675 0.894 0.714 0.541
v -0.013154 -0.084885 -0.260390 0.929 0.733 0.561
v -0.061794 0.819982 0.037960 0.847 0.686 0.588
v -0.391933 -0.275883 -0.128201 0.039 0.031 0.024
v 0.309587 -0.782468 -0.039962 0.051 0.039 0.035
v 0.278083 0.077749 -0.422057 0.871 0.686 0.514
v 0.395516 -0.713572 -0.159316 0.059 0.043 0.047
v 0.545387 -0.675889 -0.294966 0.886 0.714 0.549
v -0.097111 0.775880 -0.024155 0.769 0.620 0.529
v 0.419451 -0.658737 -0.217154 0.082 0.055 0.051
v -0.125470 0.851266 -0.104778 0.537 0.416 0.333
v -0.523686 -0.470611 -0.107806 0.075 0.071 0.063
v 0.398258 0.774246 -0.061252 0.761 0.616 0.506
v -0.080701 0.095170 -0.274304 0.847 0.675 0.525
v -0.179498 0.044647 -0.327085 0.847 0.663 0.506
v 0.708008 -0.348886 -0.363606 0.863 0.686 0.529
v -0.139980 0.786420 -0.164647 0.498 0.384 0.310
v 0.736628 -0.398362 -0.408001 0.812 0.643 0.475
v -0.172673 0.127086 -0.360924 0.765 0.584 0.431
v 0.257377 0.050721 -0.390573 0.882 0.710 0.553
v -0.333506 -0.521599 0.015278 0.055 0.039 0.035
v -0.428806 -0.226959 -0.163679 0.039 0.031 0.024
v -0.049683 0.321528 -0.074051 0.714 0.557 0.463
v 0.274798 0.114674 -0.431707 0.843 0.635 0.463
v 0.376737 0.668223 -0.095687 0.843 0.671 0.545
v -0.113614 0.976463 -0.171190 0.341 0.267 0.200
v -0.382510 -0.224445 -0.158600 0.039 0.031 0.024
v 0.235127 0.703269 0.110503 0.537 0.400 0.306
v -0.114308 0.862487 -0.073305 0.573 0.427 0.345
v -0.094392 -0.638533 0.022909 0.055 0.047 0.043
v 0.476494 -0.602239 -0.267754 0.729 0.580 0.396
v 0.137505 -0.742938 0.045238 0.102 0.090 0.086
v -0.063104 -0.813528 0.024504 0.055 0.051 0.047
v 0.282297 -0.872294 -0.055534 0.106 0.098 0.094
v 0.359719 -0.193767 -0.287335 0.039 0.031 0.020
v -0.024107 -0.582077 0.003283 0.051 0.039 0.035
v -0.096873 -0.648247 0.025683 0.051 0.039 0.039
v -0.357549 0.061479 -0.407107 0.035 0.027 0.020
v 0.258778 -1.016552 -0.129859 0.067 0.063 0.047
v -0.046101 0.115229 -0.260525 0.898 0.733 0.580
v 0.683948 -0.463183 -0.348807 0.890 0.722 0.545
v 0.018061 0.738951 0.109172 0.565 0.408 0.322
v 0.083449 0.245859 -0.007587 0.667 0.455 0.376
v 0.171343 -0.598595 -0.003303 0.059 0.043 0.039
v -0.786699 -0.487248 -0.271562 0.843 0.678 0.541
v -0.096994 -0.018069 -0.273821 0.949 0.757 0.600
v 0.455217 -1.020068 -0.262244 0.835 0.647 0.522
v 0.085917 0.683425 0.098013 0.635 0.463 0.361
v 0.296376 0.931019 0.061739 0.792 0.596 0.498
v 0.208607 -0.252901 -0.196384 0.039 0.035 0.024
v 0.077073 0.688458 0.099495 0.584 0.412 0.310
v -0.547860 -0.318192 -0.165548 0.067 0.043 0.035
v -0.361088 -0.518497 0.010166 0.055 0.039 0.035
v 0.425957 -0.597904 -0.214945 0.090 0.071 0.071
v -0.004141 0.252660 -0.072907 0.537 0.369 0.282
v -0.516792 -0.344392 -0.138451 0.055 0.035 0.027
v -0.742118 -0.039037 -0.325236 0.831 0.635 0.514
v -0.035339 0.932494 0.027574 0.847 0.667 0.561
v 0.097601 1.061500 -0.004460 0.224 0.161 0.094
v -0.877921 -0.296567 -0.387290 0.631 0.463 0.337
v -0.074284 -0.826878 0.018360 0.051 0.047 0.043
v -0.895668 -0.593027 -0.342380 0.702 0.529 0.412
v 0.589208 -0.249471 -0.326484 0.949 0.792 0.631
v -0.008892 0.953059 0.039756 0.863 0.682 0.576
v -0.447566 -0.321769 -0.114827 0.051 0.039 0.031
v -0.097734 0.095391 -0.283533 0.843 0.678 0.537
v -0.301055 -0.004795 -0.293674 0.024 0.012 0.004
v -0.821520 -0.178001 -0.344327 0.737 0.549 0.408
v 0.403436 -0.663323 -0.176487 0.086 0.067 0.059
v 0.639088 -0.621361 -0.339837 0.875 0.710 0.537
v -0.002988 0.712104 0.078747 0.624 0.435 0.341
v -0.026157 -0.167227 -0.190878 0.051 0.035 0.024
v -0.898577 -0.396361 -0.407190 0.569 0.427 0.298
v -0.882208 -0.352553 -0.368212 0.635 0.467 0.333
v 0.153810 -0.692818 0.036962 0.063 0.047 0.039
v -0.639233 -0.515777 -0.234202 0.718 0.557 0.424
v -0.800668 -0.368181 -0.277029 0.847 0.678 0.541
v 0.287896 0.348702 -0.316533 0.855 0.675 0.525
v -0.037720 -0.116089 -0.220157 0.941 0.745 0.588
v 0.052105 0.721231 0.114645 0.553 0.392 0.314
v 0.270255 -0.579875 -0.053417 0.055 0.043 0.035
v 0.376125 0.533451 -0.242587 0.718 0.431 0.322
v 0.437744 0.601775 -0.299693 0.937 0.757 0.651
v 0.240684 0.098475 -0.366679 0.851 0.675 0.506
v -0.110113 -0.311094 -0.122504 0.047 0.039 0.035
v 0.256145 0.877704 0.092362 0.945 0.761 0.651
v 0.029360 0.532942 0.048376 0.839 0.647 0.541
v -0.641819 -0.734098 -0.274994 0.024 0.000 0.000
v 0.345795 -1.088423 -0.282977 0.149 0.122 0.090
v 0.265096 0.161342 -0.398744 0.863 0.678 0.502
v -0.008498 -0.103066 -0.246683 0.937 0.733 0.561
v 0.019827 0.439107 0.043944 0.835 0.651 0.557
v 0.105304 1.048591 0.015822 0.302 0.235 0.169
v -0.263602 -0.262737 -0.133572 0.039 0.031 0.027
v 0.270702 -0.899317 -0.063535 0.110 0.090 0.086
v 0.410356 0.860499 -0.059373 0.757 0.596 0.486
v 0.423172 -0.699198 -0.236647 0.075 0.059 0.047
v 0.378907 0.631705 -0.129421 0.812 0.627 0.498
v -0.119317 0.126809 -0.299695 0.816 0.643 0.510
v 0.337878 -0.550593 -0.108059 0.051 0.039 0.031
v 0.104589 0.749532 0.127249 0.953 0.780 0.686
v 0.252635 -0.479508 -0.090048 0.051 0.043 0.035
v 0.388030 -0.694187 -0.138933 0.067 0.051 0.047
v 0.271760 -0.280677 -0.197908 0.039 0.035 0.020
v 0.395976 -0.396500 -0.191972 0.043 0.035 0.027
v 0.195799 0.295843 -0.052040 0.882 0.702 0.592
v -0.885786 -0.442681 -0.353757 0.643 0.482 0.361
v 0.254785 -0.851388 -0.021955 0.067 0.059 0.055
v 0.445213 0.961287 -0.173209 0.455 0.353 0.290
v -0.663314 -0.166341 -0.251550 0.910 0.749 0.584
v 0.190212 -0.554365 -0.033614 0.055 0.047 0.039
v 0.345150 0.636196 -0.032257 0.867 0.702 0.588
v 0.135194 0.931256 0.098997 0.969 0.784 0.675
v 0.242111 0.061639 -0.373768 0.882 0.710 0.549
v -0.496918 -0.441179 -0.089094 0.047 0.035 0.027
v 0.231794 0.107060 -0.348712 0.808 0.635 0.475
v -0.640459 -0.661623 -0.246025 0.055 0.039 0.027
v -0.555357 -0.797412 -0.118999 0.039 0.031 0.035
v 0.387293 -0.764632 -0.143291 0.078 0.071 0.075
v -0.037144 -0.978887 -0.021887 0.039 0.039 0.031
v 0.623401 -0.444293 -0.318361 0.922 0.757 0.584
v -0.246168 0.037505 -0.345691 0.886 0.706 0.549
v -0.130411 -0.120400 -0.192455 0.071 0.055 0.043
v -0.195524 0.617113 -0.318638 0.835 0.557 0.494
v -0.455256 0.051919 -0.398260 0.035 0.024 0.016
v 0.247130 0.211471 -0.322152 0.847 0.675 0.510
v 0.235754 -0.501706 -0.074051 0.051 0.047 0.039
v -0.820709 -0.135986 -0.390242 0.667 0.486 0.357
v -0.389050 -0.250279 -0.143324 0.043 0.035 0.027
v -0.704471 -0.219786 -0.254876 0.902 0.737 0.573
v -0.726803 -0.323217 -0.247400 0.875 0.706 0.549
v -0.581424 -0.455511 -0.187532 0.016 0.012 0.004
v -0.133425 0.596479 -0.206290 0.714 0.522 0.427
v -0.115788 0.967312 -0.164162 0.357 0.271 0.204
v -0.153284 0.113589 -0.329856 0.749 0.580 0.427
v 0.348363 0.550206 -0.094832 0.788 0.604 0.475
v -0.105273 0.472333 -0.091385 0.773 0.600 0.514
v -0.907815 -0.570334 -0.362039 0.639 0.475 0.349
v -0.503348 -0.010826 -0.321606 0.929 0.761 0.631
v -0.134212 0.678997 -0.129782 0.808 0.616 0.506
v 0.439268 -0.188862 -0.334858 0.063 0.059 0.047
v -0.655005 -0.662676 -0.257422 0.443 0.345 0.275
v -0.027886 0.328205 -0.037951 0.753 0.604 0.514
v -0.414498 -0.513710 -0.004795 0.051 0.043 0.039
v -0.237223 -0.433183 -0.044405 0.047 0.035 0.031
v 0.224920 0.714937 0.114548 0.922 0.741 0.671
v 0.317901 1.083866 -0.111059 0.286 0.216 0.129
v -0.149228 0.806919 -0.197219 0.345 0.251 0.180
v -0.254192 -0.448118 -0.033991 0.055 0.043 0.035
v -0.439841 -0.398698 -0.077019 0.051 0.039 0.031
v -0.076033 -0.201294 -0.173295 0.043 0.039 0.031
v -0.253469 -0.873051 0.008041 0.047 0.039 0.035
v 0.233555 1.000354 0.051197 0.427 0.329 0.239
v -0.083676 -0.414999 -0.072241 0.047 0.039 0.031
v -0.853154 -0.634073 -0.298882 0.816 0.627 0.475
v 0.372319 0.548851 -0.221474 0.878 0.702 0.584
v 0.052796 -0.425784 -0.083929 0.055 0.047 0.039
v 0.314505 0.735579 0.061422 0.918 0.741 0.635
v 0.500510 -0.105535 -0.442526 0.875 0.678 0.541
v 0.574175 -0.532166 -0.296399 0.914 0.745 0.576
v -0.694449 -0.354271 -0.232853 0.882 0.714 0.561
v 0.446235 0.808768 -0.178447 0.412 0.318 0.255
v -0.182711 -0.806125 0.022586 0.063 0.051 0.055
v -0.414828 -0.225636 -0.162478 0.039 0.031 0.024
v 0.419252 0.850175 -0.081454 0.631 0.478 0.384
v 0.097517 0.226857 -0.042227 0.588 0.416 0.314
v 0.490060 -0.862594 -0.276553 0.839 0.639 0.490
v 0.363607 -0.502299 -0.137983 0.047 0.039 0.031
v 0.485493 -0.412595 -0.251865 0.906 0.729 0.549
v -0.426845 0.015657 -0.344419 0.031 0.027 0.020
v 0.613651 -0.749346 -0.344914 0.863 0.678 0.525
v -0.153142 -0.500498 -0.022148 0.055 0.043 0.035
v 0.301646 0.365441 -0.337215 0.804 0.627 0.478
v -0.253790 0.116100 -0.421932 0.816 0.631 0.467
v 0.250289 0.709690 0.104881 0.776 0.612 0.533
v 0.580203 -0.199028 -0.358832 0.918 0.737 0.573
v 0.162429 0.787661 0.124933 0.965 0.788 0.694
v 0.178660 0.279795 -0.041118 0.890 0.706 0.592
v 0.377385 0.885000 -0.002036 0.831 0.682 0.576
v 0.077527 -0.912766 -0.008004 0.047 0.031 0.031
v 0.421087 -0.392664 -0.205608 0.078 0.063 0.055
v 0.548710 -0.594752 -0.288291 0.890 0.718 0.553
v 0.130840 -0.344512 -0.132170 0.043 0.035 0.027
v 0.669185 -0.475370 -0.340801 0.894 0.729 0.553
v 0.360701 -0.917274 -0.209135 0.129 0.110 0.094
v -0.743085 -0.028036 -0.340073 0.812 0.616 0.486
v 0.335063 0.610029 -0.027605 0.890 0.722 0.584
v 0.133598 -0.656729 0.028998 0.059 0.043 0.039
v -0.046529 -0.531963 -0.017142 0.047 0.035 0.031
v 0.414172 0.960514 -0.094549 0.498 0.396 0.302
v 0.288742 -0.709330 -0.018484 0.051 0.043 0.039
v -0.037817 0.830639 0.058993 0.886 0.718 0.624
v -0.077480 0.341903 -0.130047 0.643 0.471 0.373
v -0.539251 -0.829800 -0.104021 0.141 0.114 0.106
v 0.420786 -0.103309 -0.392767 0.024 0.027 0.008
v -0.343623 -0.589509 0.044450 0.047 0.039 0.035
v -0.728525 -0.241653 -0.259460 0.886 0.722 0.557
v -0.463422 -0.596081 0.009935 0.055 0.051 0.047
v -0.076536 -0.519572 -0.020972 0.059 0.043 0.039
v -0.046555 0.907954 0.024524 0.839 0.667 0.561
v 0.295543 0.678983 0.066924 0.882 0.706 0.580
v 0.388581 1.010146 -0.094461 0.337 0.271 0.216
v -0.047522 0.375561 -0.043219 0.733 0.580 0.502
v 0.546173 -0.783112 -0.308885 0.867 0.678 0.522
v -0.285939 -0.332154 -0.095932 0.043 0.031 0.027
v 0.475355 -0.263900 -0.306816 0.949 0.792 0.631
v -0.373376 0.028615 -0.367812 0.027 0.024 0.016
v -0.113036 0.683902 -0.055990 0.808 0.639 0.529
v 0.599209 -0.873513 -0.348892 0.867 0.659 0.510
v 0.068071 0.003218 -0.274431 0.925 0.753 0.588
v -0.067535 -0.795364 0.027113 0.090 0.075 0.086
v -0.014542 1.083244 -0.134557 0.286 0.216 0.137
v 0.266858 0.173527 -0.412827 0.835 0.639 0.475
v 0.236967 -0.079578 -0.307849 0.078 0.039 0.020
v 0.382035 -0.757397 -0.129719 0.114 0.106 0.098
v 0.082650 0.796882 0.120805 0.961 0.788 0.694
v 0.383603 0.846910 -0.011879 0.843 0.686 0.588
v 0.046724 0.916587 0.086487 0.925 0.733 0.624
v 0.690836 -0.269981 -0.359918 0.910 0.745 0.580
v -0.459348 -0.265295 -0.149639 0.043 0.035 0.024
v 0.707615 -0.327954 -0.363889 0.871 0.698 0.541
v 0.310560 -0.542141 -0.092405 0.055 0.047 0.035
v 0.390888 -0.078437 -0.422964 0.129 0.098 0.090
v -0.138837 0.872733 -0.164616 0.384 0.294 0.224
v 0.335112 -0.986790 -0.232562 0.145 0.114 0.106
v -0.716231 -0.788080 -0.239855 0.745 0.573 0.471
v -0.683202 -0.289257 -0.236033 0.898 0.729 0.573
v 0.255747 -0.895703 -0.050370 0.078 0.071 0.063
v 0.313519 0.681312 0.057679 0.835 0.675 0.580
v 0.644408 -0.520195 -0.330259 0.898 0.733 0.561
v -0.517436 -0.630381 -0.025506 0.051 0.047 0.039
v -0.048960 0.616612 0.021961 0.937 0.745 0.616
v -0.559221 -0.403285 -0.166082 0.051 0.039 0.031
v -0.084743 -1.041056 -0.026026 0.027 0.027 0.020
v 0.058822 -0.806676 0.036676 0.078 0.059 0.059
v -0.224444 -0.602082 0.035287 0.047 0.039 0.039
v 0.398540 -0.405805 -0.189740 0.043 0.035 0.027
v -0.217030 -0.191376 -0.171773 0.039 0.035 0.027
v 0.015779 0.768614 0.107593 0.941 0.780 0.690
v 0.466774 0.799771 -0.262617 0.290 0.227 0.176
v -0.847128 -0.719025 -0.268932 0.827 0.624 0.478
v -0.612448 -0.102655 -0.260421 0.929 0.769 0.600
v 0.419368 0.818871 -0.092168 0.635 0.498 0.412
v 0.604971 -0.364786 -0.312972 0.929 0.773 0.600
v 0.239995 0.769759 0.107756 0.937 0.749 0.659
v 0.336648 -0.503436 -0.120841 0.047 0.043 0.035
v -0.099760 0.617012 -0.015625 0.839 0.627 0.506
v -0.620682 -0.691914 -0.218838 0.039 0.024 0.020
v -0.236106 -0.807386 0.030457 0.055 0.051 0.047
v -0.885795 -0.315624 -0.400363 0.612 0.447 0.314
v 0.539107 -0.196888 -0.357943 0.925 0.753 0.596
v -0.108968 0.984887 -0.167778 0.365 0.282 0.200
v -0.713071 0.001908 -0.351587 0.835 0.639 0.510
v 0.242591 -0.137645 -0.270961 0.047 0.043 0.027
v -0.062970 -0.937540 -0.009523 0.035 0.031 0.024
v -0.904771 -0.716587 -0.325615 0.749 0.553 0.400
v 0.182949 -0.575934 -0.019509 0.051 0.039 0.031
v 0.354307 -0.015997 -0.474729 0.125 0.102 0.098
v -0.038968 0.238190 -0.239058 0.729 0.576 0.443
v -0.132284 0.590749 -0.135294 0.710 0.525 0.431
v 0.415578 0.647018 -0.229345 0.588 0.427 0.341
v -0.043567 0.942584 0.013717 0.812 0.627 0.518
v 0.080205 -0.003446 -0.275392 0.918 0.745 0.576
v 0.086513 0.241814 -0.193334 0.467 0.318 0.235
v -0.055344 0.547575 0.014367 0.890 0.690 0.576
v -0.137988 -0.542096 -0.005952 0.051 0.043 0.035
v 0.349000 0.819115 0.031720 0.914 0.773 0.651
v -0.109923 0.876524 -0.063136 0.549 0.420 0.325
v -0.347042 -0.827890 0.013139 0.063 0.055 0.059
v -0.033353 0.270438 -0.227487 0.686 0.545 0.416
v -0.212994 0.093528 -0.373423 0.875 0.690 0.518
v 0.532852 -0.528944 -0.275483 0.906 0.729 0.557
v -0.574198 -0.593031 -0.133234 0.024 0.020 0.012
v -0.828894 -0.733136 -0.257169 0.843 0.643 0.506
v 0.091312 -0.054440 -0.276757 0.902 0.706 0.541
v 0.009377 0.339384 -0.001243 0.820 0.635 0.545
v -0.078495 -0.460633 -0.048680 0.059 0.043 0.039
v 0.393901 -0.799734 -0.194397 0.063 0.031 0.035
v 0.372012 -0.897654 -0.231974 0.086 0.086 0.086
v 0.098289 -0.123992 -0.232811 0.937 0.745 0.604
v 0.157678 0.233976 -0.228665 0.871 0.714 0.576
v 0.112088 -0.497853 -0.045927 0.047 0.035 0.031
v 0.420143 0.968635 -0.119254 0.467 0.376 0.294
v -0.276593 -0.804851 0.032984 0.063 0.043 0.059
v -0.952923 -0.679227 -0.416606 0.588 0.439 0.329
v 0.101144 0.242907 -0.011357 0.769 0.549 0.463
v -0.109852 0.719304 -0.059380 0.808 0.659 0.557
v -0.312899 -0.351187 -0.084812 0.051 0.035 0.031
v 0.112129 0.224112 -0.209782 0.800 0.655 0.533
v -0.286866 -0.026347 -0.269923 0.039 0.035 0.027
v 0.554126 -0.121975 -0.438835 0.894 0.710 0.545
v -0.619011 0.053755 -0.408689 0.894 0.686 0.549
v -0.245411 -0.799673 0.036683 0.075 0.067 0.071
v -0.313604 -0.211680 -0.163104 0.035 0.031 0.024
v 0.416419 -0.060914 -0.478781 0.129 0.114 0.110
v 0.598283 -0.199459 -0.362042 0.906 0.729 0.565
v 0.495691 -0.855465 -0.281229 0.839 0.639 0.490
v 0.529139 -0.305485 -0.303488 0.941 0.792 0.627
v 0.525776 -0.872361 -0.300236 0.863 0.667 0.514
v -0.461331 -0.884209 -0.069888 0.094 0.071 0.071
v 0.269521 0.078710 -0.408084 0.882 0.698 0.533
v -0.160222 0.228843 -0.401426 0.737 0.549 0.392
v -0.689548 -0.086113 -0.266789 0.929 0.769 0.608
v 0.594153 -0.266563 -0.319909 0.953 0.800 0.639
v -0.836563 -0.436652 -0.298635 0.808 0.643 0.506
v -0.882183 -0.556985 -0.332955 0.694 0.549 0.416
v 0.002526 0.232999 -0.214701 0.647 0.510 0.400
v 0.594229 -0.333448 -0.310985 0.933 0.776 0.612
v -0.035680 0.630066 0.031706 0.878 0.682 0.561
v -0.087749 0.517969 -0.029543 0.780 0.612 0.525
v -0.006636 -0.699616 0.037375 0.059 0.043 0.047
v -0.639746 -0.330341 -0.215611 0.859 0.690 0.529
v 0.199056 -0.537815 -0.044803 0.051 0.039 0.035
v -0.135048 0.705914 -0.146980 0.753 0.576 0.482
v -0.369397 -0.393635 -0.064443 0.047 0.035 0.031
v 0.375697 -0.060320 -0.439470 0.141 0.125 0.122
v 0.212965 0.992210 0.062922 0.620 0.478 0.376
v -0.438620 -0.279309 -0.136165 0.047 0.039 0.031
v -0.403526 -0.353388 -0.089077 0.051 0.039 0.031
v 0.311930 0.434237 -0.113001 0.820 0.643 0.533
v 0.368363 -0.603297 -0.122190 0.055 0.043 0.035
v 0.254261 -0.018391 -0.372855 0.875 0.698 0.533
v 0.321894 0.757988 0.055645 0.910 0.733 0.627
v 0.424265 0.589062 -0.292803 0.863 0.624 0.522
v 0.641467 -0.494716 -0.326626 0.914 0.749 0.580
v -0.868743 -0.259794 -0.399306 0.643 0.455 0.337
v -0.035748 0.210114 -0.241774 0.714 0.565 0.431
v -0.342021 -0.839007 0.006986 0.059 0.043 0.047
v -0.577786 -0.002949 -0.320221 0.933 0.757 0.596
v -0.729953 -0.257868 -0.257653 0.886 0.722 0.561
v -0.126688 0.727931 -0.120896 0.792 0.624 0.522
v 0.214995 0.117240 -0.315213 0.859 0.690 0.537
v 0.187876 1.046538 0.021748 0.290 0.216 0.125
v -0.067691 -0.561731 -0.003861 0.055 0.047 0.039
v -0.130817 0.800194 -0.134182 0.616 0.471 0.392
v -0.592312 -0.280063 -0.198435 0.875 0.698 0.533
v -0.098420 -0.825331 0.014470 0.059 0.051 0.055
v -0.458790 -0.211467 -0.177673 0.039 0.035 0.024
v -0.283887 0.098302 -0.423980 0.816 0.604 0.451
v 0.209425 -0.012793 -0.337821 0.863 0.690 0.533
v -0.293000 0.034576 -0.333835 0.067 0.043 0.024
v -0.057368 0.954588 -0.011070 0.749 0.576 0.475
v 0.071899 -0.599102 0.008442 0.059 0.047 0.043
v 0.499910 -0.828014 -0.284178 0.843 0.643 0.494
v 0.127808 -0.144370 -0.222222 0.055 0.039 0.024
v 0.106025 0.901669 0.107322 0.965 0.792 0.686
v 0.368287 -0.022954 -0.488461 0.137 0.118 0.118
v 0.643480 -0.190559 -0.391299 0.894 0.718 0.553
v -0.352642 -0.151536 -0.205947 0.039 0.035 0.027
v -0.282842 -0.497135 -0.001509 0.043 0.035 0.031
v -0.647438 -0.704244 -0.271158 0.282 0.204 0.176
v -0.208327 -0.673257 0.046762 0.051 0.047 0.043
v 0.500825 -0.147821 -0.392168 0.922 0.745 0.588
v -0.139029 0.805350 -0.164467 0.510 0.404 0.322
v -0.933297 -0.600025 -0.407677 0.584 0.435 0.322
v -0.500163 -0.732556 -0.020130 0.078 0.071 0.071
v 0.323129 0.490312 -0.073198 0.800 0.624 0.502
v -0.566546 -0.572470 -0.130045 0.027 0.024 0.016
v -0.126283 0.756769 -0.123997 0.710 0.565 0.471
v 0.105767 -0.942428 -0.029571 0.067 0.051 0.055
v 0.169808 0.570630 0.059439 0.906 0.725 0.616
v -0.071013 -0.124405 -0.195857 0.094 0.067 0.055
v 0.212784 0.311694 -0.059403 0.863 0.678 0.565
v -0.427214 -0.085416 -0.254193 0.035 0.031 0.024
v 0.154706 0.587926 0.071553 0.898 0.714 0.604
v 0.218296 1.071548 -0.019407 0.349 0.278 0.192
v -0.706880 -0.098035 -0.269299 0.910 0.753 0.588
v -0.151232 0.229294 -0.376099 0.710 0.522 0.380
v -0.536960 -0.130868 -0.246431 0.945 0.792 0.624
v -0.158373 -0.738385 0.035197 0.090 0.078 0.078
v -0.636527 -0.601475 -0.230184 0.467 0.365 0.290
v 0.139876 0.494923 0.113840 0.871 0.655 0.573
v 0.542050 -0.444950 -0.285242 0.918 0.741 0.561
v 0.266174 -0.072996 -0.330271 0.063 0.055 0.035
v 0.371310 -0.105874 -0.371322 0.043 0.039 0.024
v -0.102345 0.870112 -0.044893 0.671 0.522 0.439
v -0.600748 -0.172660 -0.239446 0.933 0.773 0.600
v 0.367347 -0.592093 -0.123217 0.059 0.043 0.039
v -0.218091 0.107739 -0.386636 0.847 0.663 0.494
v -0.004698 -0.892520 -0.000186 0.055 0.047 0.043
v 0.097811 0.463261 0.113977 0.620 0.388 0.361
v 0.363529 0.567348 -0.142237 0.765 0.584 0.475
v 0.111042 0.770499 0.127084 0.949 0.776 0.678
v 0.541828 -0.926740 -0.312070 0.863 0.651 0.506
v -0.141146 -0.295468 -0.127087 0.047 0.039 0.031
v 0.207701 0.047613 -0.331431 0.867 0.710 0.557
v -0.692491 -0.034186 -0.294626 0.933 0.757 0.600
v 0.146339 -0.605153 0.005867 0.059 0.047 0.043
v -0.714474 -0.488234 -0.244390 0.859 0.694 0.553
v -0.309773 -0.543426 0.026960 0.051 0.035 0.035
v 0.057470 -0.312983 -0.140187 0.051 0.043 0.039
v -0.454716 -0.405728 -0.079211 0.047 0.035 0.027
v -0.366002 -0.270577 -0.128983 0.039 0.035 0.027
v 0.676877 -0.229910 -0.371358 0.910 0.733 0.573
v 0.191259 1.010017 0.056416 0.396 0.294 0.216
v 0.438159 0.920979 -0.131145 0.506 0.380 0.290
v -0.581362 -0.603375 -0.140725 0.020 0.016 0.016
v 0.651371 -0.239363 -0.347332 0.925 0.757 0.592
v -0.180518 0.180712 -0.404143 0.773 0.580 0.424
v 0.035702 0.443433 0.057033 0.863 0.694 0.596
v 0.172077 -0.705771 0.036306 0.067 0.055 0.051
v -0.235945 -0.842543 0.015200 0.043 0.035 0.035
v -0.108153 -0.586178 0.008014 0.055 0.047 0.043
v -0.680450 -0.578850 -0.247095 0.792 0.624 0.486
v 0.407347 -0.397604 -0.196424 0.043 0.039 0.027
v -0.721233 -0.481709 -0.245175 0.855 0.690 0.549
v -0.517761 -0.661052 -0.025159 0.102 0.090 0.090
v 0.426569 -0.952199 -0.252235 0.702 0.533 0.435
v 0.344116 -1.052559 -0.281481 0.133 0.106 0.078
v 0.036499 0.045430 -0.265950 0.898 0.733 0.576
v 0.383557 0.626759 -0.152056 0.745 0.576 0.471
v -0.038186 -0.551955 -0.009149 0.059 0.047 0.039
v 0.044650 1.010781 0.039349 0.624 0.455 0.349
v -0.793480 -0.638346 -0.273701 0.839 0.663 0.525
v 0.000081 0.638811 0.043747 0.698 0.498 0.404
v -0.124882 0.896125 -0.118168 0.408 0.298 0.216
v 0.437297 0.539847 -0.318705 0.882 0.604 0.510
v -0.088065 -0.460033 -0.048001 0.059 0.047 0.039
v 0.559817 -0.758125 -0.314347 0.875 0.690 0.533
v -0.516698 -0.151613 -0.226508 0.675 0.498 0.388
v -0.905927 -0.621885 -0.350053 0.714 0.533 0.400
v 0.345629 0.513081 -0.165058 0.773 0.608 0.486
v -0.817275 -0.300194 -0.293862 0.827 0.651 0.494
v -0.115908 0.805836 -0.083154 0.741 0.576 0.482
v 0.084976 -0.442373 -0.076849 0.051 0.047 0.039
v -0.508135 -0.095408 -0.259729 0.906 0.757 0.631
v 0.271084 -0.176267 -0.262046 0.035 0.031 0.020
v -0.797538 -0.316278 -0.279518 0.847 0.675 0.522
v -0.921772 -0.603183 -0.376655 0.616 0.463 0.341
v 0.151610 -0.953262 -0.043988 0.086 0.071 0.067
v -0.423357 -0.008190 -0.318754 0.031 0.027 0.020
v 0.374175 -0.493909 -0.147796 0.055 0.043 0.039
v -0.029007 0.962575 0.017296 0.788 0.604 0.506
v -0.290833 -0.620569 0.053180 0.051 0.043 0.035
v 0.051990 -0.542343 -0.016335 0.055 0.043 0.035
v 0.360923 0.518523 -0.231129 0.812 0.635 0.522
v 0.257510 0.927895 0.075822 0.933 0.741 0.635
v -0.220513 0.037781 -0.340130 0.882 0.698 0.533
v -0.701700 -0.590424 -0.251500 0.831 0.663 0.525
v 0.623379 -0.143923 -0.453307 0.878 0.706 0.553
v 0.073000 0.247224 -0.007026 0.643 0.439 0.361
v -0.309235 -0.267046 -0.130316 0.039 0.035 0.027
v 0.127906 0.388745 0.041940 0.671 0.325 0.322
v 0.169788 0.538525 0.057923 0.929 0.749 0.643
v -0.217782 -0.226172 -0.154837 0.035 0.031 0.024
v 0.001375 0.420122 0.022435 0.592 0.396 0.322
v -0.357148 -0.123305 -0.225946 0.035 0.031 0.024
v -0.204976 0.680200 -0.335648 0.800 0.514 0.424
v -0.659119 0.024261 -0.356211 0.902 0.702 0.569
v -0.380563 -0.146393 -0.210816 0.039 0.035 0.027
v 0.357404 0.965584 0.001062 0.486 0.373 0.278
v 0.231437 0.127578 -0.338570 0.808 0.639 0.475
v -0.836419 -0.392403 -0.299665 0.788 0.620 0.482
v 0.230925 0.666647 0.073426 0.647 0.467 0.357
v 0.377529 0.615668 -0.142566 0.800 0.620 0.498
v 0.017567 0.335663 0.003610 0.843 0.651 0.553
v -0.726236 -0.825797 -0.192613 0.804 0.624 0.506
v 0.100738 -0.292178 -0.155246 0.047 0.043 0.035
v 0.401037 0.627242 -0.219564 0.682 0.525 0.427
v 0.095087 0.473600 0.146666 0.643 0.443 0.388
v -0.193175 -0.032815 -0.257107 0.914 0.718 0.565
v 0.530539 -1.077355 -0.309136 0.867 0.655 0.522
v 0.139658 0.486734 0.095958 0.835 0.635 0.561
v 0.420806 -0.893640 -0.263938 0.553 0.427 0.341
v 0.630685 -0.329296 -0.318773 0.929 0.776 0.616
v -0.041352 0.289185 -0.092503 0.639 0.467 0.369
v 0.411071 0.493556 -0.308246 0.761 0.510 0.392
v 0.029305 -0.102992 -0.251382 0.941 0.753 0.576
v 0.277575 0.665045 0.065672 0.733 0.533 0.424
v -0.423605 -0.900909 -0.048524 0.031 0.031 0.024
v 0.240134 0.162398 -0.336360 0.800 0.624 0.463
v -0.069253 0.434735 -0.047301 0.749 0.573 0.498
v 0.376888 0.588085 -0.187201 0.757 0.553 0.451
v 0.607085 -0.650897 -0.327509 0.882 0.710 0.549
v -0.002906 0.524015 0.035678 0.918 0.706 0.600
v 0.373481 0.577581 -0.195497 0.722 0.545 0.439
v 0.373597 1.044258 -0.109592 0.212 0.169 0.129
v -0.101704 0.920357 -0.073189 0.580 0.439 0.345
v -0.045982 -0.158785 -0.189966 0.059 0.043 0.031
v -0.269909 0.094045 -0.408511 0.867 0.678 0.518
v -0.047854 0.969748 -0.008639 0.725 0.549 0.435
v -0.226239 -0.529963 0.008022 0.055 0.051 0.043
v 0.588406 -0.405874 -0.307137 0.933 0.769 0.592
v -0.787196 -0.329914 -0.272435 0.863 0.690 0.545
v -0.200041 -0.625897 0.036745 0.051 0.043 0.043
v -0.028773 0.027758 -0.269187 0.922 0.745 0.580
v -0.405736 -0.743390 0.030948 0.047 0.043 0.035
v -0.199567 -0.415084 -0.060140 0.051 0.039 0.035
v 0.391714 -0.461013 -0.170784 0.043 0.039 0.024
v 0.340970 -0.897311 -0.140726 0.110 0.094 0.082
v 0.051806 0.285819 0.008617 0.918 0.698 0.604
v -0.520832 -0.484887 -0.094543 0.063 0.047 0.043
v 0.574082 -0.129520 -0.440384 0.898 0.718 0.557
v 0.390896 0.636806 -0.163074 0.675 0.525 0.427
v 0.449673 -0.732118 -0.286224 0.643 0.502 0.376
v 0.127225 0.233369 -0.071365 0.584 0.416 0.306
v 0.488715 -0.316031 -0.287525 0.945 0.784 0.620
v -0.149507 0.106467 -0.324239 0.788 0.612 0.471
v 0.403259 -0.942129 -0.265806 0.471 0.376 0.298
v -0.107463 -0.026693 -0.270078 0.937 0.749 0.588
v 0.214223 0.285881 -0.092068 0.780 0.608 0.502
v 0.213818 -0.659138 0.009911 0.063 0.047 0.039
v 0.342259 -0.785966 -0.073356 0.063 0.047 0.043
v 0.444622 -0.300677 -0.275029 0.878 0.753 0.631
v -0.210812 -0.103792 -0.206717 0.051 0.035 0.027
v 0.551109 -0.212444 -0.347348 0.922 0.753 0.592
v 0.141833 0.319941 0.003146 0.906 0.729 0.616
v 0.295930 -0.019916 -0.397980 0.878 0.706 0.573
v 0.201793 -0.516990 -0.055986 0.055 0.043 0.035
v 0.285280 -0.239754 -0.227884 0.043 0.039 0.027
v 0.456193 -0.090148 -0.422830 0.145 0.129 0.133
v -0.684851 -0.429160 -0.233937 0.867 0.714 0.561
v -0.358397 -0.653886 0.059147 0.055 0.051 0.047
v -0.274760 -0.506862 0.003274 0.043 0.035 0.027
v -0.133691 0.594289 -0.216149 0.725 0.533 0.431
v 0.302775 -0.671250 -0.040600 0.051 0.039 0.039
v 0.004916 0.931116 0.060837 0.882 0.706 0.596
v 0.031876 -0.714979 0.041531 0.047 0.039 0.035
v -0.631105 -0.310145 -0.211534 0.863 0.690 0.529
v -0.120847 -0.792816 0.028115 0.078 0.071 0.067
v 0.465515 -0.079154 -0.454730 0.161 0.137 0.137
v 0.604601 -0.499573 -0.310225 0.918 0.753 0.580
v 0.278879 0.518678 0.014475 0.922 0.706 0.584
v -0.640449 -0.263335 -0.224350 0.906 0.737 0.569
v -0.080395 0.544284 -0.007550 0.831 0.647 0.557
v 0.270389 0.886061 0.084653 0.941 0.757 0.647
v 0.575853 -0.215859 -0.346346 0.925 0.753 0.588
v 0.395020 -0.940678 -0.270283 0.349 0.271 0.212
v 0.662047 -0.233590 -0.358096 0.922 0.757 0.592
v -0.388842 -0.791941 0.014337 0.078 0.063 0.063
v -0.667614 -0.272819 -0.233102 0.894 0.725 0.565
v 0.011583 -0.372532 -0.106595 0.043 0.039 0.031
v 0.283759 1.012852 0.016144 0.322 0.267 0.192
v -0.291273 0.118481 -0.479287 0.863 0.659 0.510
v 0.042802 0.986729 0.053602 0.804 0.596 0.502
v -0.120758 0.773996 -0.103126 0.757 0.592 0.498
v -0.102216 -0.148227 -0.187938 0.055 0.043 0.031
v -0.136521 0.908736 -0.177464 0.294 0.208 0.149
v 0.105616 -1.069789 -0.071990 0.031 0.027 0.020
v 0.360698 0.511382 -0.242132 0.831 0.655 0.529
v 0.428374 -0.420519 -0.200724 0.078 0.063 0.051
v -0.856132 -0.422113 -0.315131 0.761 0.592 0.478
v -0.607062 -0.568485 -0.193143 0.024 0.020 0.012
v 0.349897 0.642564 -0.039610 0.871 0.702 0.584
v 0.073988 0.824690 0.115458 0.957 0.776 0.682
v 0.108561 0.215597 -0.212628 0.820 0.682 0.553
v -0.244733 -0.274697 -0.128509 0.039 0.035 0.027
v 0.143237 -0.451440 -0.076450 0.047 0.035 0.031
v -0.170846 -0.654273 0.036111 0.055 0.043 0.047
v 0.346341 -0.960963 -0.226502 0.133 0.122 0.106
v 0.010099 0.285607 -0.010789 0.847 0.651 0.553
v 0.660661 -0.689854 -0.363498 0.843 0.651 0.490
v 0.068142 0.218571 -0.205190 0.549 0.420 0.322
v -0.889468 -0.367633 -0.381337 0.616 0.447 0.322
v -0.111010 -0.332992 -0.112109 0.039 0.035 0.027
v 0.456470 0.774815 -0.228901 0.329 0.255 0.196
v 0.291017 -0.138197 -0.293631 0.051 0.039 0.031
v -0.014010 -0.160222 -0.192604 0.059 0.043 0.035
v 0.517179 -0.457733 -0.270238 0.906 0.725 0.545
v -0.003681 0.173470 -0.235218 0.804 0.651 0.506
v -0.119711 -0.252131 -0.149699 0.039 0.035 0.027
v -0.831482 -0.192387 -0.353508 0.706 0.525 0.388
v 0.251161 -0.350857 -0.151927 0.051 0.043 0.035
v 0.275010 -0.816696 -0.020604 0.082 0.067 0.067
v 0.559440 -0.493611 -0.289392 0.918 0.753 0.580
v 0.166866 -0.747320 0.041225 0.090 0.078 0.078
v 0.259625 -0.466338 -0.098615 0.047 0.043 0.035
v 0.094031 -0.655928 0.031135 0.063 0.047 0.047
v -0.068260 1.046528 -0.134515 0.376 0.290 0.200
v 0.278628 -0.507510 -0.088918 0.051 0.039 0.035
v -0.226135 -0.357062 -0.088038 0.047 0.039 0.031
v 0.449751 0.635648 -0.305547 0.851 0.596 0.490
v 0.216047 0.184820 -0.292641 0.882 0.722 0.557
v 0.125338 0.338875 0.018601 0.882 0.710 0.612
v -0.420756 -0.029007 -0.300465 0.031 0.027 0.016
v 0.394920 -0.802282 -0.203491 0.051 0.035 0.031
v 0.060723 0.407427 0.065547 0.624 0.267 0.243
v -0.255707 0.073582 -0.380636 0.878 0.702 0.533
v -0.134118 0.658212 -0.113315 0.800 0.596 0.490
v 0.403586 -0.035052 -0.537663 0.133 0.122 0.125
v 0.158856 0.301882 -0.013583 0.906 0.722 0.616
v -0.064790 1.023697 -0.087418 0.545 0.420 0.329
v -0.375171 -0.363524 -0.080059 0.043 0.035 0.031
v -0.394252 0.069602 -0.451214 0.035 0.024 0.020
v 0.456724 0.877067 -0.177028 0.325 0.239 0.169
v 0.170618 0.763387 0.126003 0.953 0.773 0.682
v 0.329969 -1.078535 -0.274908 0.125 0.098 0.082
v 0.294895 -0.783265 -0.026058 0.055 0.043 0.043
v -0.115912 -0.054801 -0.243826 0.945 0.733 0.573
v 0.362703 -0.688738 -0.101331 0.059 0.047 0.035
v -0.467213 -0.781518 -0.015027 0.067 0.047 0.047
v -0.089272 0.509774 -0.037808 0.784 0.608 0.529
v 0.378120 -0.812603 -0.145561 0.071 0.063 0.067
v -0.088059 0.361470 -0.249674 0.682 0.506 0.376
v -0.869849 -0.476755 -0.328524 0.718 0.569 0.439
v -0.290465 0.003976 -0.297517 0.031 0.027 0.020
v -0.146164 0.267597 -0.377812 0.710 0.522 0.376
v -0.083787 0.976665 -0.075434 0.514 0.396 0.298
v -0.059840 0.425785 -0.035652 0.757 0.580 0.506
v -0.602520 -0.547735 -0.192825 0.020 0.012 0.004
v 0.027382 -0.323814 -0.131514 0.043 0.039 0.031
v -0.124540 -0.816340 0.017451 0.059 0.047 0.047
v -0.244027 -0.131871 -0.202593 0.047 0.039 0.031
v 0.254391 0.667764 0.072913 0.690 0.502 0.396
v -0.433786 -0.789768 -0.003612 0.063 0.051 0.047
v 0.615719 -0.554615 -0.318774 0.906 0.737 0.569
v 0.310601 0.399698 -0.167853 0.733 0.576 0.463
v 0.021326 -0.430030 -0.078587 0.051 0.047 0.039
v 0.356290 0.559238 -0.116911 0.788 0.612 0.482
v -0.089035 0.859040 -0.014026 0.718 0.565 0.463
v -0.141127 -0.134910 -0.190847 0.055 0.043 0.031
v -0.882062 -0.292227 -0.411874 0.631 0.463 0.333
v -0.115961 -0.827365 0.013519 0.055 0.051 0.047
v 0.117053 -0.365860 -0.120100 0.039 0.035 0.024
v -0.155241 0.838862 -0.232565 0.247 0.176 0.125
v -0.046854 0.495287 0.006593 0.835 0.635 0.541
v 0.111920 -0.467274 -0.064191 0.059 0.043 0.039
v -0.022985 0.871698 0.059012 0.882 0.710 0.608
v 0.206288 0.384397 -0.002919 0.910 0.737 0.627
v 0.349584 0.910109 0.037398 0.816 0.639 0.533
v -0.048838 -0.448692 -0.058524 0.055 0.043 0.035
v 0.438175 0.856146 -0.120715 0.514 0.404 0.322
v -0.095973 0.971341 -0.105225 0.388 0.294 0.208
v 0.171676 0.171877 -0.266423 0.918 0.765 0.596
v 0.250541 0.463778 0.013152 0.922 0.733 0.631
v 0.381628 -0.158356 -0.326782 0.035 0.031 0.016
v 0.524807 -0.125999 -0.421689 0.902 0.710 0.553
v -0.136760 -0.432058 -0.059136 0.047 0.043 0.035
v -0.137668 0.639871 -0.143207 0.729 0.533 0.439
v 0.653518 -0.481701 -0.332061 0.906 0.737 0.565
v -0.554961 -0.270124 -0.179282 0.075 0.047 0.031
v 0.130171 0.298185 0.002711 0.914 0.714 0.608
v 0.083289 0.473986 0.130829 0.576 0.373 0.333
v 0.181259 -0.837540 0.022763 0.078 0.059 0.063
v -0.564372 -0.798211 -0.133400 0.027 0.020 0.024
v 0.061650 -0.105838 -0.247798 0.941 0.745 0.576
v -0.683493 -0.236299 -0.245281 0.902 0.741 0.576
v 0.227932 0.209361 -0.296766 0.859 0.690 0.525
v 0.117920 0.245290 -0.197300 0.667 0.545 0.435
v -0.306606 -0.075745 -0.249199 0.031 0.027 0.020
v 0.268670 0.636794 0.042763 0.416 0.322 0.294
v 0.403096 -0.552991 -0.163594 0.075 0.055 0.055
v 0.255536 0.192222 -0.355925 0.820 0.643 0.475
v 0.219435 0.165866 -0.302802 0.863 0.698 0.537
v -0.116783 -0.152907 -0.186359 0.043 0.031 0.020
v -0.027791 0.235843 -0.231990 0.718 0.565 0.439
v -0.787656 -0.202591 -0.295401 0.847 0.667 0.502
v 0.580258 -0.875414 -0.337529 0.867 0.663 0.510
v -0.415944 -0.676648 0.041949 0.059 0.043 0.043
v -0.552197 -0.456212 -0.150608 0.027 0.027 0.020
v -0.624417 -0.790531 -0.240692 0.071 0.059 0.047
v 0.025782 0.719750 0.101703 0.514 0.373 0.294
v -0.025247 -0.057995 -0.268839 0.898 0.702 0.522
v -0.732027 -0.750616 -0.262276 0.792 0.616 0.498
v 0.110341 1.002796 0.059404 0.596 0.459 0.357
v 0.096354 0.651938 0.081953 0.690 0.529 0.420
v 0.041804 0.015104 -0.272520 0.910 0.745 0.588
v -0.078547 0.341465 -0.153535 0.561 0.400 0.290
v -0.155720 -0.781346 0.030339 0.110 0.098 0.106
v -0.189082 0.581730 -0.300547 0.776 0.502 0.431
v 0.540094 -0.819707 -0.309143 0.871 0.682 0.525
v 0.397453 0.786687 -0.053048 0.780 0.631 0.525
v 0.215072 0.758233 0.118484 0.953 0.773 0.682
v 0.414519 -0.065903 -0.465337 0.141 0.129 0.129
v -0.038077 -0.805033 0.028239 0.102 0.086 0.082
v -0.448208 0.009658 -0.331865 0.039 0.035 0.027
v 0.312762 0.018190 -0.454643 0.898 0.718 0.557
v -0.558060 -0.675044 -0.086977 0.031 0.031 0.031
v -0.587441 -0.128981 -0.251214 0.933 0.773 0.604
v -0.502723 -0.518974 -0.054797 0.051 0.035 0.031
v 0.055968 0.105281 -0.248045 0.867 0.694 0.557
v -0.125797 0.330270 -0.317009 0.725 0.545 0.396
v 0.342710 -0.290526 -0.220121 0.043 0.035 0.024
v 0.361002 0.529277 -0.214814 0.808 0.627 0.510
v -0.169220 -0.390305 -0.077496 0.043 0.035 0.031
v 0.031142 1.076116 -0.059874 0.298 0.231 0.173
v -0.712537 -0.431243 -0.239127 0.851 0.686 0.549
v 0.518529 -1.042460 -0.299694 0.871 0.671 0.537
v 0.364771 0.758665 -0.002944 0.871 0.722 0.600
v -0.162186 -0.480958 -0.030719 0.051 0.039 0.031
v 0.445599 -0.259782 -0.299106 0.173 0.153 0.141
v -0.401498 -0.280987 -0.127290 0.043 0.035 0.027
v 0.554449 -0.907987 -0.323235 0.867 0.659 0.510
v -0.037850 0.612576 0.026564 0.941 0.749 0.620
v 0.063548 0.709881 0.111639 0.557 0.384 0.286
v -0.592788 -0.812686 -0.179459 0.047 0.035 0.031
v -0.199108 -0.651379 0.042266 0.063 0.055 0.055
v -0.310413 0.051985 -0.365602 0.047 0.027 0.020
v 0.525984 -0.560814 -0.274913 0.890 0.710 0.545
v 0.610506 -0.145304 -0.436992 0.890 0.702 0.541
v -0.705720 -0.815632 -0.213663 0.745 0.573 0.471
v -0.110890 0.472471 -0.103733 0.773 0.600 0.518
v -0.827375 -0.405050 -0.291734 0.808 0.651 0.514
v -0.069375 -0.918377 -0.005026 0.039 0.039 0.031
v 0.216196 0.852808 0.110516 0.965 0.796 0.694
v -0.072197 0.860105 0.013280 0.804 0.631 0.529
v -0.654629 -0.275290 -0.227581 0.906 0.737 0.576
v 0.319734 -0.265833 -0.224082 0.047 0.043 0.027
v -0.071063 -1.052858 -0.028317 0.035 0.031 0.027
v 0.353072 0.535376 -0.160370 0.753 0.588 0.475
v 0.369543 0.761026 -0.010741 0.875 0.714 0.600
v -0.484813 -0.603249 -0.002723 0.047 0.043 0.035
v 0.326362 0.848577 0.054396 0.918 0.745 0.631
v -0.453055 -0.512008 -0.021752 0.055 0.039 0.035
v -0.100574 0.377995 -0.268961 0.725 0.541 0.396
v 0.473864 -0.500690 -0.234851 0.808 0.627 0.463
v 0.699535 -0.387364 -0.356496 0.871 0.698 0.525
v -0.154324 0.751590 -0.202053 0.431 0.302 0.227
v 0.331886 -0.384582 -0.165939 0.055 0.051 0.039
v -0.078081 -0.040034 -0.264936 0.941 0.737 0.580
v -0.144832 0.694978 -0.266443 0.682 0.467 0.361
v -0.538262 -0.642273 -0.050944 0.039 0.039 0.031
v 0.236049 0.979328 0.063026 0.651 0.498 0.396
v 0.059627 -0.123001 -0.228189 0.933 0.737 0.576
v 0.485277 -0.606838 -0.269851 0.780 0.631 0.447
v 0.095782 0.514029 0.153032 0.965 0.780 0.694
v -0.463146 -0.866629 -0.066309 0.090 0.067 0.067
v 0.305675 -0.799906 -0.040743 0.090 0.075 0.075
v -0.451875 -0.477767 -0.040463 0.051 0.039 0.035
v -0.041850 -0.647326 0.026239 0.055 0.047 0.043
v 0.338202 -0.391318 -0.166393 0.047 0.039 0.031
v 0.045461 -0.614516 0.015069 0.051 0.039 0.035
v 0.055470 -0.110924 -0.243148 0.933 0.741 0.576
v -0.733589 -0.847148 -0.172290 0.788 0.612 0.498
v 0.031862 0.427540 0.053597 0.875 0.690 0.624
v 0.413500 -0.591178 -0.187379 0.082 0.067 0.063
v 0.502763 -0.364389 -0.279121 0.937 0.773 0.604
v -0.070195 -0.145676 -0.190321 0.067 0.051 0.035
v -0.139120 -0.211972 -0.165374 0.043 0.035 0.027
v -0.640982 -0.285150 -0.220312 0.890 0.722 0.557
v 0.049115 -0.788509 0.038287 0.094 0.086 0.086
v -0.147101 0.861699 -0.203856 0.322 0.247 0.188
v -0.612758 -0.790607 -0.215913 0.063 0.043 0.043
v -0.082509 0.799809 0.011090 0.773 0.612 0.522
v -0.017915 -0.698744 0.036938 0.059 0.047 0.051
v -0.332838 -0.688536 0.063374 0.055 0.055 0.051
v 0.413947 0.787730 -0.091984 0.643 0.498 0.400
v 0.104923 -0.093950 -0.259898 0.937 0.741 0.576
v 0.253578 0.149391 -0.374418 0.835 0.651 0.490
v 0.360644 -0.085781 -0.387535 0.043 0.039 0.024
v 0.470974 -0.899882 -0.262501 0.824 0.631 0.498
v 0.349914 -0.167887 -0.303379 0.039 0.035 0.024
v -0.398853 -0.612325 0.039601 0.059 0.051 0.043
v -0.809175 -0.670871 -0.276176 0.843 0.663 0.522
v 0.247358 0.884941 0.093634 0.953 0.773 0.663
v 0.396762 -0.066320 -0.448259 0.133 0.118 0.118
v 0.533879 -0.237485 -0.329181 0.937 0.773 0.612
v 0.297058 0.377131 -0.160906 0.706 0.561 0.435
v -0.707414 -0.423704 -0.237466 0.859 0.698 0.557
v 0.302473 0.612483 0.010071 0.839 0.631 0.506
v 0.604060 -0.530344 -0.310544 0.914 0.745 0.580
v 0.629100 -0.563917 -0.326379 0.890 0.722 0.553
v 0.506024 -0.884256 -0.284498 0.863 0.655 0.502
v -0.752471 -0.340384 -0.255721 0.863 0.686 0.541
v -0.582284 -0.791935 -0.161009 0.035 0.031 0.020
v -0.352631 -0.546063 0.025922 0.059 0.043 0.039
v -0.772479 -0.068995 -0.339853 0.761 0.569 0.459
v 0.366247 0.739801 -0.016385 0.863 0.694 0.584
v -0.668976 0.040053 -0.397289 0.871 0.655 0.518
v 0.096830 -0.826890 0.036995 0.082 0.067 0.067
v 0.257545 1.087513 -0.066191 0.255 0.184 0.102
v -0.454081 -0.025327 -0.294559 0.039 0.024 0.020
v -0.470791 -0.180644 -0.194066 0.043 0.035 0.027
v -0.141787 0.633997 -0.238195 0.827 0.651 0.549
v -0.147382 0.673077 -0.253558 0.894 0.690 0.565
v -0.693750 -0.659834 -0.262136 0.733 0.573 0.459
v 0.400420 -0.740470 -0.187536 0.071 0.059 0.059
v 0.367619 0.561088 -0.199685 0.749 0.565 0.455
v -0.096838 0.346300 -0.272763 0.757 0.580 0.439
v -0.433437 -0.116392 -0.231372 0.043 0.035 0.027
v 0.343350 -0.579395 -0.104745 0.051 0.043 0.031
v -0.427400 -0.536382 0.002307 0.055 0.047 0.043
v -0.022002 -0.012944 -0.273769 0.902 0.714 0.541
v -0.167710 0.211175 -0.405425 0.749 0.557 0.396
v 0.495928 -0.446252 -0.255506 0.878 0.694 0.510
v -0.493938 -0.579413 -0.016798 0.047 0.039 0.035
v -0.012873 0.277099 -0.203916 0.592 0.455 0.349
v 0.514798 -0.658764 -0.279759 0.855 0.675 0.518
v 0.056728 0.025787 -0.270472 0.910 0.753 0.596
v -0.018734 0.249010 -0.222479 0.675 0.541 0.424
v 0.109477 0.246419 -0.192287 0.616 0.490 0.396
v -0.160784 -0.256261 -0.144614 0.039 0.035 0.027
v 0.146175 -0.596961 0.001784 0.071 0.051 0.047
v 0.205072 0.038678 -0.331408 0.878 0.718 0.565
v -0.143286 -0.617232 0.022360 0.055 0.039 0.035
v -0.069596 0.444785 -0.043707 0.749 0.573 0.498
v 0.316222 0.973792 0.030495 0.510 0.388 0.298
v 0.191844 -0.181033 -0.230138 0.043 0.039 0.027
v -0.003958 0.487895 0.033349 0.910 0.702 0.592
v 0.194329 -0.589215 -0.016108 0.055 0.043 0.039
v 0.143181 -0.498798 -0.050417 0.047 0.043 0.035
v -0.056747 0.367843 -0.060749 0.725 0.557 0.490
v -0.548295 0.062253 -0.443986 0.875 0.678 0.537
v 0.390718 -0.302948 -0.232508 0.051 0.043 0.031
v -0.133919 0.613113 -0.184645 0.714 0.533 0.443
v -0.286434 -0.158762 -0.193584 0.039 0.031 0.027
v -0.198774 -0.684843 0.045545 0.051 0.047 0.043
v 0.729076 -0.263184 -0.439113 0.827 0.647 0.490
v 0.356538 1.048730 -0.090127 0.149 0.118 0.051
v 0.136350 -0.006184 -0.296755 0.890 0.729 0.569
v -0.602225 -0.774692 -0.197347 0.016 0.012 0.004
v -0.213592 -0.665880 0.047168 0.059 0.047 0.051
v 0.036814 0.076474 -0.257157 0.906 0.741 0.592
v -0.106907 1.016092 -0.202049 0.302 0.224 0.165
v 0.271730 0.295455 -0.316881 0.847 0.667 0.510
v -0.399902 0.032007 -0.374355 0.020 0.016 0.008
v -0.271421 -0.464506 -0.022280 0.043 0.035 0.027
v -0.092455 1.008624 -0.139895 0.329 0.251 0.184
v -0.751305 -0.111500 -0.290925 0.859 0.690 0.533
v -0.137745 0.933740 -0.215641 0.255 0.184 0.129
v 0.429650 -0.108452 -0.388313 0.047 0.043 0.027
v -0.057545 0.228123 -0.253024 0.718 0.569 0.431
v 0.228161 -0.515131 -0.065085 0.055 0.047 0.039
v 0.464614 0.590973 -0.333550 0.906 0.671 0.549
v -0.049369 0.453597 -0.008627 0.761 0.600 0.518
v 0.448922 0.711667 -0.284049 0.373 0.286 0.231
v 0.033789 0.789999 0.110396 0.949 0.776 0.686
v 0.107654 0.517757 0.147914 0.969 0.773 0.694
v -0.669574 -0.262499 -0.236004 0.894 0.725 0.561
v -0.107574 0.255375 -0.289814 0.753 0.588 0.451
v -0.512377 -0.500692 -0.076023 0.047 0.035 0.031
v 0.060389 0.753281 0.122028 0.953 0.780 0.694
v 0.010365 0.711627 0.085098 0.600 0.439 0.353
v -0.691748 -0.695854 -0.272262 0.671 0.522 0.420
v 0.390494 -0.597147 -0.147223 0.082 0.075 0.067
v 0.252438 -0.789619 0.003223 0.071 0.059 0.059
v -0.274248 -0.382014 -0.069966 0.051 0.043 0.035
v 0.665873 -0.172988 -0.451238 0.871 0.690 0.537
v 0.420450 -0.111491 -0.382942 0.027 0.024 0.008
v -0.599534 -0.726845 -0.182160 0.027 0.024 0.016
v -0.406058 -0.047757 -0.285353 0.035 0.031 0.024
v 0.414817 -0.548006 -0.181600 0.075 0.051 0.043
v -0.336021 -0.217419 -0.160167 0.039 0.035 0.027
v -0.104372 -0.125645 -0.190782 0.067 0.047 0.039
v -0.766463 -0.363328 -0.260059 0.863 0.694 0.557
v -0.001985 0.182767 -0.231898 0.780 0.627 0.478
v -0.653994 -0.869666 -0.104417 0.643 0.494 0.392
v -0.041408 -0.140218 -0.194089 0.067 0.051 0.035
v -0.204869 0.108858 -0.378474 0.847 0.655 0.486
v -0.049963 1.013399 -0.052758 0.647 0.506 0.404
v 0.489359 -0.826963 -0.280640 0.831 0.631 0.490
v -0.621154 -0.579770 -0.214084 0.020 0.004 0.000
v 0.377127 0.595344 -0.172880 0.800 0.608 0.498
v 0.680482 -0.571583 -0.355538 0.867 0.694 0.522
v 0.287278 0.373544 -0.117732 0.796 0.612 0.482
v 0.184990 0.461231 0.040700 0.933 0.749 0.639
v -0.318655 -0.577374 0.041842 0.059 0.043 0.039
v -0.839437 -0.724379 -0.265496 0.839 0.635 0.494
v -0.010977 0.183259 -0.236108 0.773 0.620 0.478
v 0.083238 -0.775815 0.045392 0.106 0.090 0.094
v -0.215687 -0.302876 -0.116931 0.039 0.031 0.027
v 0.360618 0.814440 0.017111 0.922 0.776 0.667
v -0.701830 -0.440508 -0.237452 0.871 0.710 0.573
v -0.259716 0.131105 -0.457972 0.780 0.592 0.443
v 0.116066 0.859316 0.117953 0.949 0.769 0.667
v -0.174132 0.078594 -0.339063 0.788 0.616 0.471
v 0.477207 -1.054184 -0.277952 0.863 0.667 0.533
v 0.333467 -0.622616 -0.084215 0.059 0.047 0.035
v 0.030438 -0.167808 -0.196917 0.051 0.035 0.027
v 0.465246 -0.097357 -0.427897 0.102 0.086 0.086
v 0.346655 -0.253558 -0.241356 0.043 0.035 0.024
v -0.105638 -0.612315 0.016251 0.055 0.047 0.043
v -0.295227 -0.814704 0.029121 0.043 0.035 0.035
v 0.368554 0.657480 -0.077029 0.851 0.682 0.565
v -0.215489 -0.601363 0.033091 0.047 0.039 0.035
v -0.733482 -0.592436 -0.256972 0.855 0.682 0.545
v -0.140397 0.712983 -0.172249 0.635 0.486 0.408
v 0.511207 -0.325233 -0.292851 0.941 0.784 0.620
v 0.137672 0.351544 0.015386 0.867 0.647 0.576
v -0.499973 -0.874398 -0.097918 0.071 0.055 0.051
v -0.360636 0.089617 -0.456292 0.031 0.024 0.016
v -0.195484 -0.155312 -0.186602 0.047 0.043 0.035
v 0.119316 0.589693 0.106250 0.937 0.737 0.643
v -0.140300 -0.280514 -0.134535 0.047 0.039 0.031
v -0.152083 0.629184 -0.252785 0.769 0.541 0.431
v -0.809419 -0.350853 -0.282632 0.835 0.667 0.518
v -0.015311 0.871575 0.065819 0.878 0.714 0.608
v -0.727075 -0.615382 -0.257699 0.855 0.686 0.545
v -0.293713 -0.176872 -0.183209 0.039 0.035 0.027
v -0.849496 -0.418045 -0.309756 0.769 0.600 0.467
v -0.094044 -0.333578 -0.113252 0.043 0.035 0.031
v -0.133660 0.324982 -0.338372 0.714 0.525 0.384
v -0.103683 0.503426 -0.069760 0.761 0.592 0.502
v 0.073543 -0.266884 -0.163436 0.047 0.035 0.027
v 0.170143 0.922888 0.101085 0.965 0.773 0.663
v -0.539391 -0.290587 -0.167146 0.051 0.035 0.024
v 0.253472 0.749696 0.103149 0.941 0.757 0.667
v 0.400026 -0.122394 -0.366139 0.039 0.035 0.020
v -0.306496 -0.242432 -0.144590 0.043 0.039 0.031
v 0.304461 0.011434 -0.437567 0.898 0.725 0.553
v 0.431349 0.539942 -0.310353 0.859 0.573 0.478
v -0.245671 -0.680336 0.056083 0.055 0.043 0.039
v 0.217620 -0.066022 -0.312091 0.902 0.725 0.569
v 0.134124 0.370880 0.027663 0.792 0.392 0.384
v -0.034548 1.049724 -0.093205 0.439 0.329 0.243
v 0.443707 -1.089943 -0.273477 0.820 0.631 0.518
v -0.562650 -0.761328 -0.122742 0.043 0.039 0.031
v 0.363878 0.615723 -0.089971 0.831 0.620 0.475
v -0.276141 -0.857302 0.009914 0.051 0.035 0.043
v 0.329513 1.078391 -0.110216 0.376 0.306 0.220
v -0.023246 -0.559963 -0.006102 0.051 0.043 0.039
v -0.336159 -0.908636 -0.014853 0.071 0.055 0.051
v -0.596745 -0.620692 -0.162285 0.020 0.020 0.016
v 0.192611 -0.129408 -0.253732 0.055 0.047 0.039
v -0.152058 0.620271 -0.279754 0.733 0.478 0.388
v 0.562779 -0.126710 -0.437303 0.894 0.710 0.549
v 0.135098 0.510965 0.123399 0.871 0.663 0.573
v -0.386528 -0.097227 -0.245623 0.035 0.031 0.024
v -0.524524 -0.165674 -0.223116 0.769 0.596 0.482
v -0.139672 0.851700 -0.165982 0.396 0.306 0.239
v -0.152287 0.213636 -0.366368 0.694 0.514 0.369
v -0.795691 -0.155779 -0.316563 0.820 0.643 0.494
v 0.042053 0.613776 0.048368 0.871 0.690 0.576
v 0.395885 0.480146 -0.289935 0.757 0.518 0.396
v 0.420907 -0.170606 -0.334284 0.055 0.047 0.035
v -0.042456 0.166260 -0.253675 0.812 0.659 0.510
v 0.018249 0.082619 -0.256560 0.894 0.725 0.576
v -0.698561 -0.336410 -0.235375 0.890 0.725 0.565
v -0.151944 0.583301 -0.267190 0.792 0.584 0.502
v -0.086540 0.417593 -0.085009 0.741 0.569 0.482
v -0.012360 -0.435591 -0.071089 0.055 0.047 0.039
v 0.081244 0.455470 0.082680 0.678 0.502 0.435
v -0.046634 0.698955 0.044282 0.475 0.282 0.188
v 0.286739 0.074529 -0.448877 0.867 0.678 0.498
v 0.582802 -0.863286 -0.338372 0.867 0.663 0.514
v 0.419307 -0.764261 -0.262392 0.031 0.027 0.020
v -0.532357 0.058868 -0.420445 0.882 0.686 0.541
v 0.195850 -0.007105 -0.328662 0.863 0.690 0.545
v -0.168886 -0.323733 -0.110574 0.043 0.035 0.031
v 0.022464 0.245209 -0.200310 0.510 0.376 0.278
v 0.402037 0.995873 -0.103417 0.349 0.275 0.200
v 0.435576 0.779772 -0.164476 0.553 0.431 0.353
v -0.026085 -0.851579 0.014419 0.055 0.043 0.047
v 0.032148 -0.537708 -0.018109 0.051 0.039 0.035
v -0.444912 -0.889220 -0.059201 0.102 0.078 0.078
v -0.080950 0.532869 -0.012942 0.788 0.620 0.529
v 0.666770 -0.322090 -0.332061 0.914 0.749 0.588
v 0.481186 -0.579439 -0.265632 0.757 0.584 0.416
v 0.185474 -0.782454 0.035263 0.098 0.086 0.082
v 0.248595 -0.432781 -0.109339 0.047 0.039 0.031
v 0.409981 -0.525471 -0.174965 0.102 0.094 0.090
v -0.615952 -0.308194 -0.205305 0.859 0.682 0.522
v 0.713866 -0.339923 -0.370398 0.855 0.675 0.514
v 0.065088 -1.073004 -0.061122 0.055 0.051 0.043
v 0.013201 0.466159 0.037718 0.867 0.686 0.573
v 0.170831 -0.694241 0.034419 0.063 0.043 0.039
v -0.239651 -0.538163 0.014292 0.051 0.039 0.035
v -0.103585 0.159032 -0.287064 0.788 0.627 0.490
v -0.530695 -0.356099 -0.146646 0.055 0.039 0.027
v -0.551833 -0.629140 -0.076421 0.043 0.039 0.031
v -0.810788 -0.653345 -0.277862 0.843 0.663 0.522
v 0.647636 -0.255707 -0.338034 0.933 0.776 0.616
v 0.458295 0.581070 -0.332479 0.925 0.702 0.596
v -0.815418 -0.264523 -0.300906 0.824 0.643 0.486
v 0.424705 -0.532609 -0.194897 0.086 0.059 0.051
v -0.370735 -0.089995 -0.250521 0.035 0.031 0.024
v -0.203160 -0.172345 -0.180177 0.039 0.035 0.024
v -0.335799 -0.795583 0.032365 0.075 0.071 0.063
v 0.655354 -0.352225 -0.327746 0.914 0.757 0.592
v 0.385269 0.898961 -0.011771 0.776 0.627 0.529
v 0.381770 0.967456 -0.033906 0.545 0.400 0.294
v -0.248168 -0.145674 -0.196108 0.043 0.035 0.031
v -0.277517 -0.793270 0.039249 0.090 0.082 0.086
v -0.132960 0.845636 -0.136708 0.514 0.404 0.322
v -0.318656 -0.898057 -0.007396 0.082 0.067 0.063
v 0.336447 0.466266 -0.215024 0.725 0.553 0.431
v -0.258938 -0.853228 0.012021 0.055 0.043 0.039
v 0.389937 0.898117 -0.019809 0.765 0.616 0.510
v -0.857457 -0.223297 -0.408463 0.655 0.478 0.349
v -0.228779 0.025218 -0.333539 0.890 0.714 0.553
v -0.117080 1.007519 -0.234816 0.427 0.345 0.271
v -0.825542 -0.360106 -0.292519 0.812 0.643 0.502
v 0.345148 1.023560 -0.045691 0.329 0.282 0.212
v 0.119314 0.267914 0.000117 0.906 0.682 0.576
v 0.116535 0.737017 0.127257 0.941 0.769 0.671
v -0.707031 -0.231388 -0.253722 0.902 0.737 0.576
v -0.731582 0.002521 -0.388620 0.788 0.588 0.451
v 0.409370 0.666672 -0.183094 0.604 0.475 0.384
v -0.284289 -0.128555 -0.210913 0.039 0.035 0.027
v -0.735812 -0.758056 -0.256869 0.808 0.631 0.502
v -0.246928 -0.236469 -0.148151 0.047 0.043 0.035
v -0.356228 0.075591 -0.423524 0.031 0.020 0.016
v -0.491405 -0.071389 -0.266350 0.110 0.063 0.047
v 0.261035 -0.752770 0.003787 0.063 0.047 0.043
v -0.414697 0.045938 -0.402926 0.031 0.027 0.020
v 0.462688 -0.824407 -0.273570 0.733 0.557 0.431
v -0.167164 0.717363 -0.295286 0.867 0.667 0.569
v -0.728845 -0.036868 -0.314993 0.859 0.671 0.541
v -0.662931 -0.755739 -0.292089 0.306 0.235 0.180
v -0.734998 -0.815842 -0.203741 0.831 0.655 0.533
v -0.100318 -1.023797 -0.022561 0.031 0.027 0.020
v -0.708249 0.010507 -0.362130 0.847 0.635 0.498
v -0.604221 0.051884 -0.395722 0.910 0.698 0.557
v 0.448615 -0.565844 -0.242599 0.094 0.075 0.075
v -0.495671 -0.594511 -0.012793 0.051 0.035 0.035
v -0.180316 0.007792 -0.306154 0.859 0.675 0.518
v 0.107932 0.963275 0.082439 0.949 0.784 0.675
v -0.096277 0.902732 -0.045637 0.608 0.459 0.376
v 0.016792 -0.526034 -0.023120 0.051 0.039 0.035
v -0.713140 0.021286 -0.419457 0.800 0.580 0.447
v 0.165691 -0.390444 -0.112907 0.055 0.043 0.039
v 0.493444 -0.978977 -0.267684 0.863 0.667 0.529
v 0.357083 0.589558 -0.086373 0.831 0.620 0.478
v -0.261169 -0.253590 -0.138514 0.035 0.027 0.020
v -0.798898 -0.466182 -0.276893 0.835 0.675 0.533
v 0.290720 -0.152460 -0.284739 0.039 0.031 0.020
v -0.523848 -0.417818 -0.127884 0.047 0.031 0.031
v -0.149324 0.701951 -0.310403 0.388 0.161 0.094
v 0.413833 -0.712814 -0.220272 0.082 0.067 0.051
v -0.503655 -0.850740 -0.086458 0.055 0.031 0.031
v -0.158471 -0.247445 -0.148769 0.043 0.039 0.031
v -0.153103 0.797518 -0.211664 0.290 0.204 0.145
v 0.256905 1.013844 0.031179 0.306 0.247 0.157
v -0.587147 -0.821268 -0.170750 0.047 0.043 0.035
v 0.508396 -0.787095 -0.287334 0.859 0.667 0.514
v -0.031350 0.423008 0.000959 0.796 0.612 0.510
v -0.523058 -0.157927 -0.228062 0.890 0.722 0.604
v -0.480312 -0.649497 0.007804 0.067 0.059 0.055
v -0.559128 -0.830382 -0.128094 0.059 0.043 0.039
v 0.347372 -0.027479 -0.443003 0.133 0.106 0.098
v 0.416457 -0.495457 -0.183591 0.051 0.035 0.024
v -0.107832 0.556732 -0.038301 0.773 0.592 0.502
v -0.392264 -0.738149 0.038001 0.043 0.039 0.035
v 0.462699 0.851504 -0.225810 0.251 0.188 0.133
v -0.110630 0.532059 -0.062098 0.757 0.580 0.494
v 0.384337 0.796655 -0.025511 0.796 0.639 0.533
v 0.159950 0.416796 0.041271 0.902 0.733 0.627
v 0.274857 0.043210 -0.409326 0.875 0.698 0.537
v -0.898737 -0.501526 -0.369196 0.620 0.467 0.353
v -0.178282 -0.002937 -0.296212 0.875 0.686 0.533
v -0.736761 -0.446726 -0.247998 0.859 0.698 0.553
v 0.269762 0.768340 0.092036 0.929 0.745 0.647
v -0.287754 -0.541457 0.023951 0.047 0.035 0.031
v 0.455304 -1.038605 -0.265234 0.839 0.647 0.522
v 0.337327 1.043445 -0.062698 0.302 0.259 0.188
v 0.507683 -0.163494 -0.380856 0.929 0.757 0.604
v -0.532013 -0.574219 -0.065204 0.043 0.043 0.043
v -0.493688 -0.136671 -0.221633 0.075 0.059 0.043
v 0.358916 -0.951439 -0.253098 0.133 0.102 0.094
v -0.032657 0.912792 0.037482 0.847 0.686 0.573
v 0.443050 0.600288 -0.307410 0.914 0.686 0.569
v 0.428975 0.757305 -0.161114 0.612 0.471 0.373
v 0.447502 -0.450839 -0.209714 0.733 0.561 0.431
v 0.369048 0.621253 -0.104640 0.831 0.620 0.486
v 0.390823 0.753332 -0.060707 0.796 0.651 0.541
v 0.337252 0.692041 0.026623 0.831 0.663 0.569
v 0.324126 0.447425 -0.144093 0.800 0.624 0.506
v 0.459321 -0.115643 -0.403369 0.067 0.059 0.051
v 0.004952 0.824278 0.089796 0.898 0.725 0.631
v 0.102485 0.335520 0.027052 0.780 0.592 0.502
v 0.172293 -0.271380 -0.178688 0.047 0.039 0.027
v -0.119234 0.505340 -0.107747 0.749 0.573 0.482
v 0.016359 1.082990 -0.099436 0.220 0.161 0.102
v 0.491307 -1.027266 -0.276787 0.867 0.671 0.537
v 0.105669 0.256974 -0.174633 0.596 0.463 0.369
v 0.117881 -0.962132 -0.043983 0.043 0.035 0.031
v -0.570129 -0.856062 -0.150460 0.078 0.071 0.059
v 0.488110 -0.167928 -0.371789 0.910 0.741 0.588
v 0.421646 -1.003905 -0.254582 0.714 0.541 0.443
v 0.323371 0.473110 -0.107840 0.796 0.624 0.494
v 0.332363 -0.215957 -0.260993 0.039 0.031 0.020
v 0.354380 -0.074100 -0.396267 0.047 0.039 0.027
v -0.140840 0.600469 -0.246379 0.729 0.541 0.447
v -0.679926 -0.078379 -0.265504 0.933 0.773 0.612
v 0.519304 -0.132161 -0.412943 0.910 0.725 0.565
v 0.466439 -0.335785 -0.267881 0.929 0.761 0.588
v -0.125238 0.450114 -0.318506 0.749 0.569 0.435
v 0.065086 -0.593031 0.005769 0.051 0.039 0.035
v 0.038183 0.526305 0.061680 0.776 0.561 0.490
v -0.077922 0.350242 -0.110374 0.706 0.541 0.447
v -0.736788 -0.663352 -0.263696 0.847 0.675 0.537
v -0.882691 -0.697884 -0.310884 0.788 0.584 0.439
v -0.276469 0.103547 -0.425282 0.831 0.643 0.482
v 0.085181 -0.286548 -0.155537 0.047 0.035 0.027
v 0.356699 -0.179305 -0.297598 0.039 0.031 0.020
v -0.669789 -0.765837 -0.295693 0.318 0.231 0.173
v -0.147341 0.902351 -0.247719 0.278 0.208 0.157
v -0.777275 -0.248038 -0.280124 0.875 0.702 0.541
v -0.229260 -0.240110 -0.147026 0.043 0.039 0.031
v 0.128669 -0.126022 -0.234534 0.227 0.149 0.114
v 0.289038 0.388175 -0.103057 0.851 0.675 0.549
v 0.018439 0.639724 0.047207 0.651 0.467 0.396
v 0.208938 0.066666 -0.327706 0.859 0.706 0.549
v -0.640941 -0.321035 -0.215201 0.867 0.702 0.541
v 0.132757 0.550766 0.110455 0.886 0.702 0.604
v 0.087141 -0.217525 -0.188791 0.055 0.043 0.031
v -0.057527 0.992691 -0.040006 0.631 0.498 0.396
v 0.363437 0.709115 -0.031706 0.843 0.682 0.569
v 0.365045 -0.781705 -0.102177 0.075 0.059 0.051
v 0.123245 0.354659 0.029749 0.820 0.557 0.494
v 0.589867 -0.802604 -0.337106 0.867 0.678 0.525
v 0.251616 0.158127 -0.368507 0.827 0.647 0.478
v -0.188786 -0.380354 -0.080079 0.047 0.039 0.031
v -0.600664 -0.827949 -0.193195 0.059 0.043 0.051
v 0.359965 0.881691 0.024280 0.835 0.647 0.529
v 0.490963 -0.895510 -0.272811 0.859 0.655 0.510
v -0.322334 -0.208945 -0.164923 0.035 0.031 0.024
v 0.711366 -0.411709 -0.371099 0.863 0.686 0.514
v -0.384760 -0.532140 0.012744 0.055 0.047 0.039
v 0.122316 -0.018516 -0.290770 0.886 0.706 0.545
v 0.000252 1.051596 -0.057310 0.310 0.231 0.141
v 0.363352 -0.484962 -0.144007 0.051 0.047 0.035
v 0.383811 -0.823285 -0.178203 0.102 0.098 0.090
v -0.306568 -0.704555 0.063574 0.067 0.051 0.051
v -0.939784 -0.632114 -0.405853 0.616 0.459 0.333
v 0.331075 -0.964835 -0.197541 0.141 0.110 0.102
v -0.840902 -0.311891 -0.312490 0.769 0.592 0.447
v 0.372512 -0.067456 -0.423644 0.055 0.043 0.031
v -0.295376 -0.748219 0.052903 0.082 0.075 0.078
v 0.362878 0.598173 -0.100521 0.827 0.624 0.478
v -0.028526 0.942994 0.028942 0.843 0.655 0.541
v -0.619564 -0.119960 -0.255407 0.922 0.769 0.596
v -0.084819 0.495002 -0.040307 0.773 0.608 0.518
v 0.004573 1.003504 0.016982 0.604 0.455 0.361
v 0.008317 -0.738390 0.038202 0.075 0.059 0.055
v -0.212984 -0.496271 -0.012459 0.047 0.035 0.027
v -0.474961 0.060247 -0.410885 0.063 0.051 0.035
v -0.129770 0.334112 -0.324267 0.725 0.537 0.388
v -0.114628 -0.645001 0.026050 0.055 0.051 0.047
v 0.358733 1.009273 -0.043660 0.373 0.322 0.247
v 0.470951 0.651799 -0.292361 0.902 0.659 0.525
v -0.222405 -0.560940 0.020947 0.051 0.039 0.035
v 0.088437 0.124772 -0.246446 0.878 0.714 0.569
v 0.198098 0.011322 -0.329225 0.878 0.729 0.573
v -0.444972 -0.606182 0.021329 0.055 0.043 0.039
v 0.485112 -0.116441 -0.417054 0.796 0.647 0.545
v 0.083661 0.273629 0.008966 0.898 0.667 0.580
v -0.694933 -0.257828 -0.245332 0.902 0.737 0.576
v 0.275422 0.288136 -0.336022 0.804 0.624 0.467
v -0.455050 -0.103931 -0.238868 0.047 0.039 0.027
v 0.115082 -0.592931 0.003771 0.055 0.039 0.031
v 0.342246 0.503456 -0.160057 0.784 0.608 0.490
v -0.360844 -0.106713 -0.237739 0.039 0.035 0.027
v -0.144750 0.142934 -0.327731 0.733 0.565 0.424
v -0.843080 -0.304144 -0.316734 0.753 0.580 0.443
v -0.420442 -0.522099 -0.001876 0.051 0.043 0.031
v -0.155625 0.134802 -0.340842 0.698 0.522 0.376
v -0.626663 -0.074840 -0.267912 0.937 0.773 0.612
v 0.024861 0.587616 0.046949 0.937 0.757 0.639
v 0.132900 -0.051485 -0.292313 0.929 0.749 0.588
v -0.370292 -0.190768 -0.179990 0.035 0.031 0.020
v -0.113391 0.461187 -0.114787 0.773 0.596 0.510
v 0.120249 -0.754161 0.046964 0.090 0.075 0.078
v 0.423402 0.723284 -0.173127 0.553 0.416 0.322
v -0.045358 -0.735440 0.033787 0.078 0.071 0.075
v 0.396275 0.912287 -0.029059 0.729 0.573 0.471
v 0.362812 -0.940209 -0.253590 0.122 0.090 0.082
v 0.732522 -0.311814 -0.405251 0.843 0.667 0.518
v 0.544085 -0.368658 -0.297132 0.937 0.776 0.608
v 0.093369 0.466687 0.130577 0.553 0.329 0.294
v -0.076817 0.520216 -0.013112 0.804 0.635 0.545
v 0.076158 -0.637506 0.024245 0.063 0.047 0.043
v -0.915913 -0.545306 -0.392806 0.580 0.435 0.322
v 0.698447 -0.290269 -0.359271 0.894 0.722 0.569
v 0.017255 -1.008581 -0.038332 0.047 0.047 0.039
v -0.562346 -0.862598 -0.142571 0.075 0.063 0.051
v 0.127352 0.233574 -0.208824 0.792 0.655 0.529
v 0.161471 0.134572 -0.271652 0.914 0.765 0.596
v 0.373352 0.661837 -0.089852 0.847 0.671 0.549
v -0.094471 0.366084 -0.146254 0.647 0.475 0.376
v -0.023060 -1.053963 -0.037298 0.039 0.031 0.031
v 0.221712 0.120254 -0.322515 0.839 0.682 0.525
v 0.430949 -0.251062 -0.289314 0.071 0.059 0.051
v -0.875266 -0.277214 -0.402450 0.639 0.459 0.329
v 0.528825 -0.251242 -0.322400 0.945 0.792 0.631
v 0.340040 -0.115633 -0.342955 0.047 0.039 0.027
v 0.363979 -0.110260 -0.362471 0.043 0.035 0.027
v 0.413309 -0.380127 -0.206558 0.047 0.035 0.024
v -0.088204 0.356200 -0.173730 0.545 0.373 0.275
v -0.538711 -0.250951 -0.178627 0.075 0.051 0.035
v -0.090456 -0.030033 -0.270154 0.941 0.749 0.592
v 0.399553 -0.057377 -0.470984 0.133 0.122 0.122
v 0.142141 -0.143056 -0.227181 0.055 0.043 0.024
v -0.553967 -0.122456 -0.251548 0.933 0.776 0.608
v -0.551741 -0.518866 -0.130244 0.024 0.020 0.016
v -0.188293 -0.664139 0.041201 0.067 0.051 0.055
v -0.145677 0.220485 -0.353856 0.694 0.514 0.369
v -0.843281 -0.337690 -0.309973 0.776 0.608 0.471
v -0.895441 -0.399388 -0.393096 0.596 0.443 0.310
v -0.306476 -0.529343 0.019681 0.055 0.043 0.035
v 0.213524 -0.587130 -0.023641 0.055 0.043 0.035
v -0.640729 -0.783594 -0.273869 0.216 0.161 0.125
v -0.550871 -0.604891 -0.082268 0.027 0.024 0.024
v 0.215645 1.058727 -0.000540 0.318 0.235 0.153
v 0.455493 -0.177302 -0.354796 0.067 0.067 0.051
v -0.085132 -0.342959 -0.109434 0.039 0.031 0.027
v 0.722387 -0.371124 -0.381055 0.839 0.667 0.502
v -0.467576 -0.508269 -0.031758 0.047 0.035 0.031
v 0.020430 0.978406 0.047933 0.792 0.604 0.514
v 0.186393 1.091215 -0.047005 0.310 0.239 0.173
v -0.063624 -0.537397 -0.014160 0.063 0.047 0.043
v 0.301636 0.391767 -0.132725 0.784 0.608 0.471
v 0.225101 -0.410914 -0.113123 0.047 0.039 0.031
v 0.135703 0.236771 -0.038832 0.710 0.529 0.435
v 0.425121 0.735148 -0.168158 0.584 0.439 0.349
v 0.039955 0.299569 0.008974 0.925 0.722 0.616
v -0.013893 -0.949616 -0.016596 0.039 0.035 0.031
v -0.826213 -0.203489 -0.337436 0.737 0.557 0.416
v -0.270840 0.057226 -0.369765 0.886 0.698 0.537
v -0.110749 0.425554 -0.131865 0.749 0.573 0.490
v -0.048359 -0.811171 0.026465 0.094 0.078 0.078
v -0.286951 -0.798928 0.037497 0.055 0.051 0.051
v 0.319271 -0.004672 -0.439217 0.647 0.525 0.478
v 0.248645 -0.301617 -0.179149 0.047 0.043 0.035
v -0.896911 -0.459842 -0.377426 0.608 0.451 0.325
v 0.552236 -0.928562 -0.320956 0.863 0.663 0.510
v 0.131282 -0.633178 0.020396 0.059 0.043 0.043
v 0.439873 0.558062 -0.311391 0.894 0.612 0.514
v 0.053719 1.041877 0.004714 0.380 0.278 0.200
v 0.083085 -0.127009 -0.227278 0.933 0.749 0.600
v -0.435626 -0.591227 0.020516 0.051 0.039 0.035
v 0.262516 0.335228 -0.270294 0.788 0.616 0.471
v 0.151303 -0.095835 -0.266738 0.914 0.722 0.569
v 0.113215 -0.775773 0.046403 0.098 0.082 0.082
v -0.609719 -0.716058 -0.201684 0.035 0.027 0.020
v -0.141054 0.093888 -0.313563 0.827 0.659 0.518
v 0.054702 0.903573 0.094591 0.937 0.753 0.643
v -0.118148 0.465201 -0.124693 0.749 0.573 0.482
v 0.314675 0.448398 -0.107035 0.820 0.639 0.514
v -0.128376 0.530769 -0.131986 0.757 0.576 0.486
v -0.279761 0.124656 -0.484290 0.859 0.659 0.494
v -0.307053 0.062224 -0.382719 0.180 0.141 0.106
v -0.407564 -0.881745 -0.036861 0.078 0.063 0.059
v -0.654147 -0.378217 -0.222394 0.851 0.682 0.518
v -0.842073 -0.287179 -0.319834 0.733 0.541 0.392
v 0.402844 0.674167 -0.160882 0.667 0.522 0.420
v 0.067759 0.568994 0.095154 0.800 0.612 0.522
v -0.355286 -0.290952 -0.117117 0.047 0.039 0.031
v 0.413689 0.743985 -0.130077 0.710 0.561 0.478
v -0.707477 -0.344847 -0.237814 0.882 0.714 0.557
v 0.397781 0.691886 -0.132859 0.765 0.612 0.510
v -0.604312 -0.609745 -0.177789 0.016 0.012 0.004
v 0.196719 -0.844318 0.014446 0.063 0.047 0.039
v 0.456775 -0.170385 -0.360676 0.067 0.059 0.047
v 0.219578 0.314523 -0.065174 0.875 0.686 0.573
v 0.355076 -0.885069 -0.158710 0.125 0.110 0.098
v 0.232139 -0.252530 -0.202320 0.047 0.039 0.031
v 0.255521 0.227193 -0.332019 0.827 0.647 0.494
v 0.402224 -0.778241 -0.216716 0.055 0.043 0.035
v 0.430704 0.597246 -0.294289 0.941 0.741 0.647
v 0.176178 0.485724 0.044651 0.918 0.725 0.620
v -0.449711 -0.614988 0.021132 0.075 0.067 0.059
v -0.712463 -0.847927 -0.166873 0.788 0.604 0.494
v 0.143983 -1.027556 -0.076497 0.031 0.027 0.020
v 0.061703 -0.474254 -0.056051 0.051 0.035 0.035
v 0.407644 -0.312505 -0.235180 0.075 0.067 0.051
v 0.522293 -0.889478 -0.296717 0.863 0.659 0.502
v 0.052056 0.041193 -0.267259 0.906 0.745 0.592
